t_s;altitude_m;elevation_m;quality;satellites;hdop_cd;uptime_us
-269.117276;0.0;0.0;0;0;2550;1139970404
-268.150641;0.0;0.0;0;0;2550;1140937039
-267.153535;0.0;0.0;0;0;2550;1141934145
-266.154677;0.0;0.0;0;0;2550;1142933003
-264.152904;0.0;0.0;0;0;2550;1144934776
-263.146766;0.0;0.0;0;0;2550;1145940914
-262.153583;0.0;0.0;0;0;2550;1146934097
-261.142633;0.0;0.0;0;0;2550;1147945047
-260.153959;0.0;0.0;0;0;2550;1148933721
-259.147604;0.0;0.0;0;0;2550;1149940076
-258.152297;0.0;0.0;0;0;2550;1150935383
-257.154763;0.0;0.0;0;0;2550;1151932917
-256.154031;0.0;0.0;0;0;2550;1152933649
-255.154242;0.0;0.0;0;0;2550;1153933438
-254.153945;0.0;0.0;0;0;2550;1154933735
-253.148266;0.0;0.0;0;0;2550;1155939414
-252.148127;0.0;0.0;0;0;2550;1156939553
-251.154450;0.0;0.0;0;0;2550;1157933230
-250.154290;0.0;0.0;0;0;2550;1158933390
-249.154680;0.0;0.0;0;0;2550;1159933000
-248.147595;0.0;0.0;0;0;2550;1160940085
-247.154440;0.0;0.0;0;0;2550;1161933240
-246.153136;0.0;0.0;0;0;2550;1162934544
-244.152434;0.0;0.0;0;0;2550;1164935246
-243.154323;0.0;0.0;0;0;2550;1165933357
-242.151058;0.0;0.0;0;0;2550;1166936622
-241.154299;0.0;0.0;0;0;2550;1167933381
-240.153884;0.0;0.0;0;0;2550;1168933796
-239.128844;0.0;0.0;0;0;2550;1169958836
-238.153823;0.0;0.0;0;0;2550;1170933857
-237.154598;0.0;0.0;0;0;2550;1171933082
-236.148359;0.0;0.0;0;0;2550;1172939321
-235.152706;0.0;0.0;0;0;2550;1173934974
-234.150798;0.0;0.0;0;0;2550;1174936882
-233.155751;0.0;0.0;0;0;2550;1175931929
-232.150004;0.0;0.0;0;0;2550;1176937676
-231.156075;0.0;0.0;0;0;2550;1177931605
-230.155393;0.0;0.0;0;0;2550;1178932287
-229.155565;0.0;0.0;0;0;2550;1179932115
-228.139321;0.0;0.0;0;0;2550;1180948359
-227.150198;0.0;0.0;0;0;2550;1181937482
-226.154625;0.0;0.0;0;0;2550;1182933055
-225.152777;0.0;0.0;0;0;2550;1183934903
-224.153024;0.0;0.0;0;0;2550;1184934656
-223.152456;0.0;0.0;0;0;2550;1185935224
-221.155618;0.0;0.0;0;0;2550;1187932062
-220.149729;0.0;0.0;0;0;2550;1188937951
-219.155194;0.0;0.0;0;0;2550;1189932486
-217.155204;0.0;0.0;0;0;2550;1191932476
-216.153983;0.0;0.0;0;0;2550;1192933697
-215.156110;0.0;0.0;0;0;2550;1193931570
-214.154333;0.0;0.0;0;0;2550;1194933347
-213.154647;0.0;0.0;0;0;2550;1195933033
-211.155752;0.0;0.0;0;0;2550;1197931928
-210.142418;0.0;0.0;0;0;2550;1198945262
-209.156254;0.0;0.0;0;0;2550;1199931426
-208.156170;0.0;0.0;0;0;2550;1200931510
-207.133109;0.0;0.0;0;0;2550;1201954571
-206.155046;0.0;0.0;0;0;2550;1202932634
-205.153309;0.0;0.0;0;0;2550;1203934371
-204.156030;0.0;0.0;0;0;2550;1204931650
-202.155780;0.0;0.0;0;0;2550;1206931900
-201.156382;0.0;0.0;0;0;2550;1207931298
-200.153946;0.0;0.0;0;0;2550;1208933734
-199.156682;0.0;0.0;0;0;2550;1209930998
-198.156336;0.0;0.0;0;0;2550;1210931344
-197.144664;0.0;0.0;0;0;2550;1211943016
-196.151832;0.0;0.0;0;0;2550;1212935848
-193.156357;0.0;0.0;0;0;2550;1215931323
-192.155278;0.0;0.0;0;0;2550;1216932402
-191.154007;0.0;0.0;0;0;2550;1217933673
-190.142660;0.0;0.0;0;0;2550;1218945020
-189.149404;0.0;0.0;0;0;2550;1219938276
-188.154967;0.0;0.0;0;0;2550;1220932713
-187.152250;0.0;0.0;0;0;2550;1221935430
-186.156095;0.0;0.0;0;0;2550;1222931585
-185.156141;0.0;0.0;0;0;2550;1223931539
-184.154175;0.0;0.0;0;0;2550;1224933505
-183.149028;0.0;0.0;0;0;2550;1225938652
-182.154057;0.0;0.0;0;0;2550;1226933623
-181.153400;0.0;0.0;0;0;2550;1227934280
-180.146705;0.0;0.0;0;0;2550;1228940975
-179.151086;0.0;0.0;0;0;2550;1229936594
-178.157081;0.0;0.0;0;0;2550;1230930599
-177.117829;0.0;0.0;0;0;2550;1231969851
-176.149443;0.0;0.0;0;0;2550;1232938237
-174.154333;0.0;0.0;0;0;2550;1234933347
-173.157926;0.0;0.0;0;0;2550;1235929754
-172.152222;0.0;0.0;0;0;2550;1236935458
-171.147839;0.0;0.0;0;0;2550;1237939841
-170.143327;0.0;0.0;0;0;2550;1238944353
-169.153194;0.0;0.0;0;0;2550;1239934486
-168.153158;0.0;0.0;0;0;2550;1240934522
-167.149754;0.0;0.0;0;0;2550;1241937926
-166.152804;0.0;0.0;0;0;2550;1242934876
-165.153218;0.0;0.0;0;0;2550;1243934462
-164.156239;0.0;0.0;0;0;2550;1244931441
-163.149089;0.0;0.0;0;0;2550;1245938591
-162.154487;0.0;0.0;0;0;2550;1246933193
-161.149397;0.0;0.0;0;0;2550;1247938283
-160.152798;0.0;0.0;0;0;2550;1248934882
-158.153510;0.0;0.0;0;0;2550;1250934170
-157.155330;0.0;0.0;0;0;2550;1251932350
-156.157580;0.0;0.0;0;0;2550;1252930100
-154.156713;0.0;0.0;0;0;2550;1254930967
-153.152595;0.0;0.0;0;0;2550;1255935085
-152.150568;0.0;0.0;0;0;2550;1256937112
-150.150544;0.0;0.0;0;0;2550;1258937136
-149.156490;0.0;0.0;0;0;2550;1259931190
-148.157606;0.0;0.0;0;0;2550;1260930074
-147.155949;0.0;0.0;0;0;2550;1261931731
-146.156909;0.0;0.0;0;0;2550;1262930771
-145.158205;0.0;0.0;0;0;2550;1263929475
-144.137678;0.0;0.0;0;0;2550;1264950002
-143.156725;0.0;0.0;0;0;2550;1265930955
-141.157956;0.0;0.0;0;0;2550;1267929724
-140.152418;0.0;0.0;0;0;2550;1268935262
-139.154706;0.0;0.0;0;0;2550;1269932974
-138.157886;0.0;0.0;0;0;2550;1270929794
-137.158009;0.0;0.0;0;0;2550;1271929671
-136.122360;0.0;0.0;0;0;2550;1272965320
-135.158031;0.0;0.0;0;0;2550;1273929649
-133.155717;0.0;0.0;0;0;2550;1275931963
-132.151270;0.0;0.0;0;0;2550;1276936410
-131.151926;0.0;0.0;0;0;2550;1277935754
-130.151869;0.0;0.0;0;0;2550;1278935811
-129.159103;0.0;0.0;0;0;2550;1279928577
-128.148355;0.0;0.0;0;0;2550;1280939325
-127.153778;0.0;0.0;0;0;2550;1281933902
-125.157023;0.0;0.0;0;0;2550;1283930657
-124.151158;0.0;0.0;0;0;2550;1284936522
-123.158416;;1.813;0.098;0.147;1;1285929264
-122.152855;0.0;0.0;0;0;2550;1286934825
-121.157899;0.0;0.0;0;0;2550;1287929781
-120.152305;0.0;0.0;0;0;2550;1288935375
-119.158835;0.0;0.0;0;0;2550;1289928845
-118.136999;0.0;0.0;0;0;2550;1290950681
-115.141732;0.0;0.0;0;0;2550;1293945948
-113.157861;0.0;0.0;0;0;2550;1295929819
-112.158200;0.0;0.0;0;0;2550;1296929480
-111.153239;0.0;0.0;0;0;2550;1297934441
-110.154693;0.0;0.0;0;0;2550;1298932987
-109.155597;0.0;0.0;0;0;2550;1299932083
-108.155414;0.0;0.0;0;0;2550;1300932266
-107.159255;0.0;0.0;0;0;2550;1301928425
-105.158713;0.0;0.0;0;0;2550;1303928967
-104.159403;0.0;0.0;0;0;2550;1304928277
-103.158218;0.0;0.0;0;0;2550;1305929462
-102.157640;0.0;0.0;0;0;2550;1306930040
-100.159211;0.0;0.0;0;0;2550;1308928469
-99.151906;0.0;0.0;0;0;2550;1309935774
-97.158781;0.0;0.0;0;0;2550;1311928899
-96.153066;0.0;0.0;0;0;2550;1312934614
-95.154507;0.0;0.0;0;0;2550;1313933173
-93.158662;0.0;0.0;0;0;2550;1315929018
-90.153887;0.0;0.0;0;0;2550;1318933793
-89.130916;0.0;0.0;0;0;2550;1319956764
-88.157816;0.0;0.0;0;0;2550;1320929864
-87.159486;0.0;0.0;0;0;2550;1321928194
-85.159660;0.0;0.0;0;0;2550;1323928020
-84.150589;0.0;0.0;0;0;2550;1324937091
-82.140376;0.0;0.0;0;0;2550;1326947304
-80.153754;0.0;0.0;0;0;2550;1328933926
-79.135056;0.0;0.0;0;0;2550;1329952624
-78.154207;0.0;0.0;0;0;2550;1330933473
-77.153913;0.0;0.0;0;0;2550;1331933767
-76.152330;0.0;0.0;0;0;2550;1332935350
-75.153563;0.0;0.0;0;0;2550;1333934117
-74.153049;0.0;0.0;0;0;2550;1334934631
-73.153701;0.0;0.0;0;0;2550;1335933979
-72.156249;0.0;0.0;0;0;2550;1336931431
-71.141560;0.0;0.0;0;0;2550;1337946120
-70.154701;0.0;0.0;0;0;2550;1338932979
-69.144763;0.0;0.0;0;0;2550;1339942917
-67.160515;0.0;0.0;0;0;2550;1341927165
-66.149277;0.0;0.0;0;0;2550;1342938403
-65.153761;0.0;0.0;0;0;2550;1343933919
-64.150850;0.0;0.0;0;0;2550;1344936830
-63.160781;0.0;0.0;0;0;2550;1345926899
-61.160535;0.0;0.0;0;0;2550;1347927145
-60.141803;0.0;0.0;0;0;2550;1348945877
-59.161072;0.0;0.0;0;0;2550;1349926608
-58.160473;0.0;0.0;0;0;2550;1350927207
-55.160309;0.0;0.0;0;0;2550;1353927371
-54.158513;0.0;0.0;0;0;2550;1354929167
-53.159183;0.0;0.0;0;0;2550;1355928497
-52.158988;0.0;0.0;0;0;2550;1356928692
-51.160192;0.0;0.0;0;0;2550;1357927488
-50.160542;0.0;0.0;0;0;2550;1358927138
-49.160377;0.0;0.0;0;0;2550;1359927303
-48.158537;0.0;0.0;0;0;2550;1360929143
-47.159180;0.0;0.0;0;0;2550;1361928500
-46.159887;0.0;0.0;0;0;2550;1362927793
-45.159212;0.0;0.0;0;0;2550;1363928468
-44.161335;0.0;0.0;0;0;2550;1364926345
-43.139376;0.0;0.0;0;0;2550;1365948304
-42.161562;0.0;0.0;0;0;2550;1366926118
-40.133026;0.0;0.0;0;0;2550;1368954654
-39.161081;0.0;0.0;0;0;2550;1369926599
-38.160986;0.0;0.0;0;0;2550;1370926694
-37.154549;0.0;0.0;0;0;2550;1371933131
-36.159248;0.0;0.0;0;0;2550;1372928432
-35.159664;0.0;0.0;0;0;2550;1373928016
-34.160572;0.0;0.0;0;0;2550;1374927108
-33.133489;0.0;0.0;0;0;2550;1375954191
-32.161615;0.0;0.0;0;0;2550;1376926065
-31.160292;0.0;0.0;0;0;2550;1377927388
-30.162182;0.0;0.0;0;0;2550;1378925498
-29.161539;0.0;0.0;0;0;2550;1379926141
-28.162440;0.0;0.0;0;0;2550;1380925240
-27.160659;0.0;0.0;0;0;2550;1381927021
-26.160869;0.0;0.0;0;0;2550;1382926811
-25.160894;0.0;0.0;0;0;2550;1383926786
-24.162511;0.0;0.0;0;0;2550;1384925169
-23.160264;0.0;0.0;0;0;2550;1385927416
-22.161959;0.0;0.0;0;0;2550;1386925721
-21.162557;0.0;0.0;0;0;2550;1387925123
-20.162239;0.0;0.0;0;0;2550;1388925441
-19.162549;0.0;0.0;0;0;2550;1389925131
-18.162840;0.0;0.0;0;0;2550;1390924840
-17.160368;0.0;0.0;0;0;2550;1391927312
-16.159779;0.0;0.0;0;0;2550;1392927901
-15.162517;0.0;0.0;0;0;2550;1393925163
-14.162223;0.0;0.0;0;0;2550;1394925457
-13.152382;0.0;0.0;0;0;2550;1395935298
-12.162617;0.0;0.0;0;0;2550;1396925063
-11.160620;0.0;0.0;0;0;2550;1397927060
-10.161111;0.0;0.0;0;0;2550;1398926569
-9.162856;0.0;0.0;0;0;2550;1399924824
-8.160402;0.0;0.0;0;0;2550;1400927278
-7.161953;0.0;0.0;0;0;2550;1401925727
-6.162040;0.0;0.0;0;0;2550;1402925640
-5.161721;0.0;0.0;0;0;2550;1403925959
-4.156124;0.0;0.0;0;0;2550;1404931556
-3.162524;0.0;0.0;0;0;2550;1405925156
-2.162389;0.0;0.0;0;0;2550;1406925291
-1.160144;0.0;0.0;0;0;2550;1407927536
-0.161791;0.0;0.0;0;0;2550;1408925889
0.836795;0.0;0.0;0;0;2550;1409924475
1.837647;0.0;0.0;0;0;2550;1410925327
2.837300;0.0;0.0;0;0;2550;1411924980
3.862830;0.0;0.0;0;0;2550;1412950510
4.837146;0.0;0.0;0;0;2550;1413924826
5.836579;0.0;0.0;0;0;2550;1414924259
