t_s;temp;mem_free;load;oom_s;land_s;leak_kbps;rescues;rescue_ms;uptime_us
-269.508267;40;32614464;52;None;26;0;0;0;1139579413
-268.503925;40;32606512;50;None;None;0;0;0;1140583755
-267.499006;40;32564896;55;None;101;0;0;0;1141588674
-265.467452;40;32643584;76;None;None;0;0;0;1143620228
-263.458832;40;32563600;15;None;97;0;0;0;1145628848
-262.454777;40;32514640;6;None;None;0;0;0;1146632903
-261.448447;40;32615536;36;None;None;0;0;0;1147639233
-260.437893;40;32572736;49;None;196;0;0;0;1148649787
-259.432520;40;32508768;5;None;None;0;0;0;1149655160
-257.420213;40;32542208;39;None;None;0;0;0;1151667467
-256.389350;40;32644576;77;None;None;0;0;0;1152698330
-255.385008;40;32592464;1;None;68;0;0;0;1153702672
-254.378545;40;32555120;20;None;102;0;0;0;1154709135
-253.372409;40;32507024;31;None;None;0;0;0;1155715271
-252.367048;40;32638960;49;None;23;0;0;0;1156720632
-250.355616;40;32560976;4;None;None;0;0;0;1158732064
-249.346447;40;32514016;39;None;102;0;0;0;1159741233
-248.342667;40;32627584;27;None;100;0;0;0;1160745013
-247.338424;40;32591056;23;None;None;0;0;0;1161749256
-246.334715;40;32545344;34;None;None;0;0;0;1162752965
-245.298138;40;32645680;4;None;205;0;0;0;1163789542
-244.287552;40;32604464;19;None;None;0;0;0;1164800128
-243.279740;40;32567408;4;None;None;0;0;0;1165807940
-242.274101;40;32528352;14;None;217;0;0;0;1166813579
-241.265119;40;32633440;30;None;69;0;0;0;1167822561
-240.261612;40;32578608;12;None;None;0;0;0;1168826068
-239.257368;40;32537312;28;None;42;0;0;0;1169830312
-238.227819;40;32647648;38;None;41;0;0;0;1170859861
-237.211498;40;32604880;60;None;50;0;0;0;1171876182
-236.205593;40;32556512;44;None;None;0;0;0;1172882087
-235.177129;40;32644608;74;None;None;0;0;0;1173910551
-234.172319;40;32607872;22;None;67;0;0;0;1174915361
-233.166854;40;32549872;7;None;None;0;0;0;1175920826
-232.139310;40;32646176;72;None;None;0;0;0;1176948370
-231.130566;40;32602912;49;None;None;0;0;0;1177957114
-229.122750;40;32529600;14;None;None;0;0;0;1179964930
-228.115419;40;32637808;28;None;None;0;0;0;1180972261
-227.111526;40;32587856;27;None;209;0;0;0;1181976154
-226.101551;40;32545696;15;None;None;0;0;0;1182986129
-225.061491;40;32640496;21;None;42;0;0;0;1184026189
-224.054710;40;32600960;13;None;None;0;0;0;1185032970
-223.046412;40;32565488;36;None;24;0;0;0;1186041268
-222.041241;40;32516240;6;None;None;0;0;0;1187046439
-221.037687;40;32621392;11;None;None;0;0;0;1188049993
-220.033601;40;32574848;44;None;108;0;0;0;1189054079
-219.029771;40;32523408;1;None;None;0;0;0;1190057909
-218.025441;40;32644576;74;None;None;0;0;0;1191062239
-217.020131;40;32612272;3;None;56;0;0;0;1192067549
-216.010772;40;32561760;50;None;55;0;0;0;1193076908
-215.006780;40;32507216;34;None;None;0;0;0;1194080900
-213.998268;40;32608672;29;None;None;0;0;0;1195089412
-212.993967;40;32587584;10;None;72;0;0;0;1196093713
-211.980017;40;32534288;19;None;51;0;0;0;1197107663
-210.972184;40;32632064;29;None;None;0;0;0;1198115496
-209.968983;40;32579824;22;None;None;0;0;0;1199118697
-208.964391;40;32509904;29;None;111;0;0;0;1200123289
-206.955429;40;32578960;18;None;224;0;0;0;1202132251
-205.949710;40;32521904;12;None;221;0;0;0;1203137970
-204.939085;40;32643936;76;None;None;0;0;0;1204148595
-202.927855;40;32539152;20;None;None;0;0;0;1206159825
-201.901170;40;32645008;75;None;113;0;0;0;1207186510
-200.897832;40;32587136;13;None;225;0;0;0;1208189848
-199.889010;40;32545808;44;None;None;0;0;0;1209198670
-198.882301;40;32647376;70;None;53;0;0;0;1210205379
-197.875084;40;32592880;4;None;None;0;0;0;1211212596
-196.871433;40;32540528;10;None;None;0;0;0;1212216247
-195.849404;40;32650304;18;None;None;0;0;0;1213238276
-194.834055;40;32610592;58;None;236;0;0;0;1214253625
-193.826909;40;32557456;30;None;55;0;0;0;1215260771
-192.822578;40;32516128;17;None;None;0;0;0;1216265102
-191.816806;40;32618624;53;None;None;0;0;0;1217270874
-190.812638;40;32567264;17;None;72;0;0;0;1218275042
-189.808169;40;32525232;12;None;None;0;0;0;1219279511
-188.804823;40;32634816;28;None;None;0;0;0;1220282857
-187.790922;40;32559216;49;None;78;0;0;0;1221296758
-186.783477;40;32525456;24;None;57;0;0;0;1222304203
-185.777665;40;32622144;22;None;None;0;0;0;1223310015
-184.771094;40;32567200;25;None;None;0;0;0;1224316586
-183.767711;40;32523568;25;None;120;0;0;0;1225319969
-182.763678;40;32632464;32;None;37;0;0;0;1226324002
-180.753323;40;32550080;17;None;None;0;0;0;1228334357
-179.725656;40;32647440;71;None;None;0;0;0;1229362024
-178.720961;40;32581520;28;None;35;0;0;0;1230366719
-177.715674;40;32542848;43;None;None;0;0;0;1231372006
-176.690681;40;32650416;37;None;36;0;0;0;1232396999
-175.684255;40;32615248;57;None;None;0;0;0;1233403425
-174.677968;40;32550288;28;None;None;0;0;0;1234409712
-172.641801;40;32608288;28;None;225;0;0;0;1236445879
-171.637091;40;32536736;20;None;223;0;0;0;1237450589
-170.593296;40;32643600;80;None;None;0;0;0;1238494384
-169.587768;40;32574112;6;None;None;0;0;0;1239499912
-168.575684;40;32528752;44;None;109;0;0;0;1240511996
-167.567124;40;32638448;32;None;None;0;0;0;1241520556
-166.562737;40;32591312;6;None;None;0;0;0;1242524943
-165.557297;40;32558000;42;None;71;0;0;0;1243530383
-162.511201;40;32552240;0;None;None;0;0;0;1246576479
-161.506665;40;32529936;16;None;74;0;0;0;1247581015
-159.491817;40;32592720;25;None;None;0;0;0;1249595863
-158.478794;40;32520224;50;None;None;0;0;0;1250608886
-157.473117;40;32617888;31;None;47;0;0;0;1251614563
-156.469400;40;32574976;22;None;None;0;0;0;1252618280
-155.465659;40;32532768;25;None;None;0;0;0;1253622021
-154.454909;40;32643552;75;None;None;0;0;0;1254632771
-153.445811;40;32584176;2;None;None;0;0;0;1255641869
-152.429814;40;32537088;23;None;124;0;0;0;1256657866
-150.415645;40;32577328;39;None;244;0;0;0;1258672035
-149.409144;40;32534464;15;None;118;0;0;0;1259678536
-148.396677;40;32635152;48;None;None;0;0;0;1260691003
-147.385739;40;32561200;43;None;None;0;0;0;1261701941
-146.375956;40;32525952;38;None;None;0;0;0;1262711724
-145.370840;40;32622832;47;None;123;0;0;0;1263716840
-144.366286;40;32581392;15;None;121;0;0;0;1264721394
-143.362290;40;32531696;10;None;None;0;0;0;1265725390
-142.335312;40;32643696;80;None;118;0;0;0;1266752368
-141.331733;40;32605328;7;None;None;0;0;0;1267755947
-140.323760;40;32565664;40;None;None;0;0;0;1268763920
-138.313140;40;32640944;24;None;82;0;0;0;1270774540
-137.298597;40;32581168;14;None;81;0;0;0;1271789083
-136.283758;40;32543312;49;None;80;0;0;0;1272803922
-135.245178;40;32647712;73;None;57;0;0;0;1273842502
-134.239833;40;32601632;12;None;None;0;0;0;1274847847
-133.232418;40;32543120;28;None;None;0;0;0;1275855262
-132.227738;40;32529488;31;None;None;0;0;0;1276859942
-131.220528;40;32508640;31;None;243;0;0;0;1277867152
-130.208632;40;32610096;55;None;None;0;0;0;1278879048
-129.200454;40;32567408;37;None;None;0;0;0;1279887226
-128.163260;40;32649696;78;None;82;0;0;0;1280924420
-126.151129;40;32547552;11;None;None;0;0;0;1282936551
-125.145584;40;32508928;16;None;83;0;0;0;1283942096
-124.139503;40;32589136;45;None;38;0;0;0;1284948177
-123.135675;40;32555312;13;None;None;0;0;0;1285952005
-122.129751;40;32508416;0;None;None;0;0;0;1286957929
-121.121696;40;32615056;39;None;None;0;0;0;1287965984
-120.116826;40;32552432;22;None;None;0;0;0;1288970854
-119.108914;40;32513920;27;None;None;0;0;0;1289978766
-118.103500;40;32625600;22;None;None;0;0;0;1290984180
-117.099634;40;32583744;15;None;None;0;0;0;1291988046
-116.094990;40;32548544;41;None;None;0;0;0;1292992690
-115.064677;40;32645168;76;None;84;0;0;0;1294023003
-114.060532;40;32622304;14;None;None;0;0;0;1295027148
-113.050810;40;32588560;16;None;62;0;0;0;1296036870
-112.044280;40;32545664;34;None;33;0;0;0;1297043400
-111.016709;40;32644432;77;None;None;0;0;0;1298070971
-110.007235;40;32618144;28;None;None;0;0;0;1299080445
-109.003833;40;32579728;33;None;None;0;0;0;1300083847
-107.998531;40;32526288;31;None;None;0;0;0;1301089149
-106.986904;40;32506256;47;None;None;0;0;0;1302100776
-105.981167;40;32626304;32;None;None;0;0;0;1303106513
-104.975722;40;32571648;29;None;None;0;0;0;1304111958
-103.970355;40;32516784;20;None;None;0;0;0;1305117325
-102.966389;40;32642640;7;None;43;0;0;0;1306121291
-101.962007;41;32568864;14;None;None;0;0;0;1307125673
-100.956960;41;32540512;27;None;268;0;0;0;1308130720
-99.948390;41;32642944;44;None;None;0;0;0;1309139290
-98.944742;40;32618320;45;None;276;0;0;0;1310142938
-97.939858;40;32586016;16;None;88;0;0;0;1311147822
-96.927321;40;32542272;50;None;86;0;0;0;1312160359
-95.918747;41;32641520;43;None;129;0;0;0;1313168933
-94.914940;40;32589360;1;None;None;0;0;0;1314172740
-93.910907;40;32542992;22;None;132;0;0;0;1315176773
-92.902528;40;32635072;58;None;86;0;0;0;1316185152
-91.895213;40;32566176;34;None;49;0;0;0;1317192467
-90.891822;40;32516704;27;None;None;0;0;0;1318195858
-89.887475;40;32623056;9;None;52;0;0;0;1319200205
-88.879990;40;32561232;28;None;41;0;0;0;1320207690
-87.874689;41;32518976;22;None;None;0;0;0;1321212991
-86.870520;41;32615152;25;None;130;0;0;0;1322217160
-85.863028;41;32572000;27;None;None;0;0;0;1323224652
-84.846670;40;32531136;47;None;34;0;0;0;1324241010
-83.837226;41;32641264;70;None;None;0;0;0;1325250454
-80.816849;41;32622336;10;None;None;0;0;0;1328270831
-79.812465;40;32575216;19;None;85;0;0;0;1329275215
-78.806779;40;32545456;50;None;None;0;0;0;1330280901
-77.799333;41;32637296;4;None;None;0;0;0;1331288347
-75.779799;40;32539072;61;None;131;0;0;0;1333307881
-74.750420;41;32648800;19;None;None;0;0;0;1334337260
-73.746965;41;32622192;34;None;None;0;0;0;1335340715
-72.730014;40;32573872;58;None;274;0;0;0;1336357666
-71.722153;41;32541216;45;None;270;0;0;0;1337365527
-70.717301;40;32506688;26;None;86;0;0;0;1338370379
-69.712641;41;32601552;19;None;None;0;0;0;1339375039
-68.691074;40;32560096;5;None;131;0;0;0;1340396606
-67.687515;41;32512400;32;None;None;0;0;0;1341400165
-66.683316;41;32626416;16;None;None;0;0;0;1342404364
-65.679641;41;32597552;29;None;None;0;0;0;1343408039
-64.675024;41;32560576;24;None;None;0;0;0;1344412656
-63.667805;41;32635680;30;None;25;0;0;0;1345419875
-61.653865;41;32550032;16;None;None;0;0;0;1347433815
-60.644458;41;32516432;48;None;None;0;0;0;1348443222
-59.637771;41;32616992;9;None;None;0;0;0;1349449909
-58.621472;41;32569824;60;None;None;0;0;0;1350466208
-57.607080;41;32512256;50;None;None;0;0;0;1351480600
-56.600025;41;32632528;24;None;None;0;0;0;1352487655
-55.587862;41;32578880;53;None;141;0;0;0;1353499818
-53.572974;41;32638032;43;None;None;0;0;0;1355514706
-52.568002;41;32588224;29;None;None;0;0;0;1356519678
-51.563714;41;32560704;46;None;289;0;0;0;1357523966
-50.554440;41;32507616;45;None;68;0;0;0;1358533240
-49.547966;41;32617648;4;None;None;0;0;0;1359539714
-48.541463;41;32553232;44;None;None;0;0;0;1360546217
-47.534444;41;32512048;3;None;90;0;0;0;1361553236
-46.525347;41;32602160;23;None;None;0;0;0;1362562333
-45.509839;41;32549424;23;None;None;0;0;0;1363577841
-44.477164;41;32646192;75;None;277;0;0;0;1364610516
-43.473784;41;32615600;18;None;None;0;0;0;1365613896
-42.469664;41;32553552;5;None;136;0;0;0;1366618016
-41.465669;41;32513712;2;None;None;0;0;0;1367622011
-40.459103;41;32605744;20;;1.7639999;0.147;0.196;1;1368628577
-39.455450;41;32568096;25;None;283;0;0;0;1369632230
-38.451876;41;32515248;15;None;138;0;0;0;1370635804
-37.445524;41;32627792;4;None;137;0;0;0;1371642156
-36.441775;41;32566832;30;None;None;0;0;0;1372645905
-35.427583;40;32536528;25;None;None;0;0;0;1373660097
-34.391984;41;32631744;74;None;37;0;0;0;1374695696
-33.387075;41;32587312;23;None;None;0;0;0;1375700605
-32.376990;41;32539568;36;None;None;0;0;0;1376710690
-31.372079;41;32510304;10;None;45;0;0;0;1377715601
-30.368851;41;32625008;29;None;None;0;0;0;1378718829
-29.358488;41;32577312;3;None;;478;284;4277;1379729192
-28.354894;41;32545120;22;None;None;0;0;0;1380732786
-27.348414;41;32636832;45;None;285;0;0;0;1381739266
-26.343270;41;32586848;40;None;283;0;0;0;1382744410
-25.339622;41;32523216;42;None;None;0;0;0;1383748058
-24.334020;41;32639984;38;None;None;0;0;0;1384753660
-23.317259;41;32578416;59;None;141;0;0;0;1385770421
-22.313640;41;32536192;13;None;None;0;0;0;1386774040
-21.309041;41;32633200;2;None;28;0;0;0;1387778639
-20.303054;41;32592784;25;None;None;0;0;0;1388784626
-19.299456;41;32523200;8;None;None;0;0;0;1389788224
-18.295225;41;32631936;10;None;None;0;0;0;1390792455
-17.289855;41;32589936;27;None;None;0;0;0;1391797825
-16.284217;41;32542208;25;None;295;0;0;0;1392803463
-15.277216;41;32643520;18;None;None;0;0;0;1393810464
-14.271049;41;32595376;35;None;None;0;0;0;1394816631
-13.264465;41;32540384;24;None;None;0;0;0;1395823215
-12.241567;41;32647904;72;None;60;0;0;0;1396846113
-11.229410;41;32600736;62;None;None;0;0;0;1397858270
-9.194860;41;32636016;77;None;None;0;0;0;1399892820
-8.187121;41;32579424;39;None;None;0;0;0;1400900559
-7.180590;41;32538912;11;None;None;0;0;0;1401907090
-6.176379;41;32515728;39;None;None;0;0;0;1402911301
-5.164839;41;32635184;54;None;101;0;0;0;1403922841
-4.160201;41;32604592;7;None;100;0;0;0;1404927479
-3.148722;41;32546544;17;None;None;0;0;0;1405938958
-2.144596;41;32638208;30;None;76;0;0;0;1406943084
-1.136638;41;32577936;15;None;None;0;0;0;1407951042
-0.132052;41;32529648;42;None;None;0;0;0;1408955628
1.882373;41;32064448;34;None;None;0;0;0;1410970053
3.906547;41;31337472;30;None;None;0;0;0;1412994227
4.918785;41;30990080;33;29751;None;1;0;0;1414006465
5.973584;41;30590016;78;29361;None;1;0;0;1415061264
