t_s;voltage_mv;current_ma;power_mw;alerts;uptime_us
-269.995863;3951;482;1900;0;1139091817
-269.677694;3950;507;2000;0;1139409986
-269.574035;3948;511;2000;0;1139513645
-269.469118;3951;508;2000;0;1139618562
-269.363955;3945;554;2175;0;1139723725
-269.259781;3950;487;1925;0;1139827899
-269.119524;3946;539;2125;0;1139968156
-269.016969;3951;458;1800;0;1140070711
-268.905580;3952;464;1825;0;1140182100
-268.801726;3952;482;1900;0;1140285954
-268.555618;3950;492;1925;0;1140532062
-268.451446;3946;529;2075;0;1140636234
-268.349964;3945;560;2200;0;1140737716
-268.246553;3941;597;2350;0;1140841127
-268.144197;3948;506;2000;0;1140943483
-268.041953;3950;504;1975;0;1141045727
-267.829837;3952;480;1875;0;1141257843
-267.710698;3948;495;1950;0;1141376982
-267.608071;3951;483;1900;0;1141479609
-267.505400;3950;477;1875;0;1141582280
-267.272621;3950;501;1975;0;1141815059
-267.169259;3948;513;2025;0;1141918421
-267.067526;3950;495;1950;0;1142020154
-266.840029;3951;486;1900;0;1142247651
-266.737911;3952;475;1875;0;1142349769
-266.633668;3952;473;1850;0;1142454012
-266.525428;3952;483;1900;0;1142562252
-266.416865;3952;457;1800;0;1142670815
-266.314759;3947;522;2050;0;1142772921
-266.212689;3942;553;2175;0;1142874991
-266.111161;3946;511;2000;0;1142976519
-266.007851;3948;516;2025;0;1143079829
-265.797007;3950;485;1900;0;1143290673
-265.471723;3948;515;2025;0;1143615957
-265.369075;3947;505;1975;0;1143718605
-265.267718;3943;553;2175;0;1143819962
-265.165798;3948;490;1925;0;1143921882
-264.931163;3950;492;1925;0;1144156517
-264.830124;3948;505;1975;0;1144257556
-264.724474;3951;466;1825;0;1144363206
-264.599253;3950;480;1875;0;1144488427
-264.489165;3951;475;1875;0;1144598515
-264.380655;3950;512;2000;0;1144707025
-264.271010;3946;541;2125;0;1144816670
-264.058395;3948;491;1925;0;1145029285
-263.953809;3952;474;1875;0;1145133871
-263.850406;3950;490;2100;0;1145237274
-263.732728;3951;484;1900;0;1145354952
-263.619528;3948;503;1975;0;1145468152
-263.515065;3948;520;2050;0;1145572615
-263.410984;3947;523;2050;0;1145676696
-263.274840;3942;579;2275;0;1145812840
-263.169954;3947;515;2025;0;1145917726
-263.067972;3948;507;2000;0;1146019708
-262.963696;3950;491;1925;0;1146123984
-262.837435;3948;502;1975;0;1146250245
-262.734949;3951;491;1925;0;1146352731
-262.633263;3950;481;1900;0;1146454417
-262.404202;3950;491;1925;0;1146683478
-262.303241;3951;467;1825;0;1146784439
-262.197178;3947;509;2100;0;1146890502
-261.976207;3943;535;2100;0;1147111473
-261.874354;3938;622;2450;0;1147213326
-261.773308;3947;514;2025;0;1147314372
-261.669083;3947;519;2050;0;1147418597
-261.566627;3950;502;2050;0;1147521053
-261.464226;3948;508;1925;0;1147623454
-261.357293;3947;514;2025;0;1147730387
-261.252912;3951;488;1925;0;1147834768
-261.145818;3943;555;2175;0;1147941862
-261.042979;3950;511;2000;0;1148044701
-260.938883;3948;501;1975;0;1148148797
-260.834126;3951;475;1875;0;1148253554
-260.725288;3950;470;1850;0;1148362392
-260.622871;3950;495;1950;0;1148464809
-260.520510;3950;474;1850;0;1148567170
-260.417327;3950;489;1925;0;1148670353
-260.309555;3951;490;1925;0;1148778125
-260.195963;3953;456;1800;0;1148891717
-259.986327;3950;467;1850;0;1149101353
-259.885043;3940;580;2275;0;1149202637
-259.784041;3938;612;2400;0;1149303639
-259.678799;3945;550;2150;0;1149408881
-259.572028;3948;497;1950;0;1149515652
-259.471297;3947;523;2050;0;1149616383
-259.262300;3950;502;1975;0;1149825380
-259.056546;3950;499;1950;0;1150031134
-258.954752;3947;505;1975;0;1150132928
-258.846172;3947;515;2025;0;1150241508
-258.743035;3948;504;1975;0;1150344645
-258.641365;3945;519;2025;0;1150446315
-258.539836;3950;496;1950;0;1150547844
-258.435576;3951;474;1850;0;1150652104
-258.331944;3950;481;1900;0;1150755736
-258.230914;3948;496;1950;0;1150856766
-258.128560;3947;498;1950;0;1150959120
-258.016753;3946;494;1925;0;1151070927
-257.908068;3950;488;1925;0;1151179612
-257.800057;3945;545;2150;0;1151287623
-257.696615;3950;481;1900;0;1151391065
-257.595101;3945;525;2075;0;1151492579
-257.485355;3953;460;1800;0;1151602325
-257.381718;3943;554;2175;0;1151705962
-257.275037;3946;514;2025;0;1151812643
-257.173538;3947;524;2050;0;1151914142
-257.067028;3948;503;1950;0;1152020652
-256.961751;3948;495;1950;0;1152125929
-256.840837;3950;489;1925;0;1152246843
-256.737407;3950;486;1900;0;1152350273
-256.636284;3950;502;1975;0;1152451396
-256.523739;3946;516;2025;0;1152563941
-256.393396;3950;473;1850;0;1152694284
-256.290545;3950;486;1900;0;1152797135
-256.187877;3948;497;1950;0;1152899803
-256.082006;3946;528;2075;0;1153005674
-255.980629;3945;541;2125;0;1153107051
-255.876643;3942;563;2200;0;1153211037
-255.773620;3937;629;2475;0;1153314060
-255.671116;3942;542;2125;0;1153416564
-255.557763;3945;550;2150;0;1153529917
-255.449103;3943;551;2150;0;1153638577
-255.347360;3945;556;2175;0;1153740320
-255.246136;3943;559;2200;0;1153841544
-255.118112;3947;470;1850;0;1153969568
-255.015561;3946;508;2000;0;1154072119
-254.907435;3951;471;1850;0;1154180245
-254.803097;3947;499;1950;0;1154284583
-254.698809;3950;479;1875;0;1154388871
-254.390233;3947;501;1975;0;1154697447
-254.288676;3948;488;2000;0;1154799004
-254.177802;3938;577;2225;0;1154909878
-254.075347;3943;505;1975;0;1155012333
-253.972735;3948;511;2000;0;1155114945
-253.870643;3948;498;1950;0;1155217037
-253.754986;3941;553;2175;0;1155332694
-253.645836;3946;527;2075;0;1155441844
-253.543662;3948;523;2050;0;1155544018
-253.441767;3947;499;1950;0;1155645913
-253.219655;3943;516;2025;0;1155868025
-253.116596;3943;533;2100;0;1155971084
-253.007608;3950;481;1875;0;1156080072
-252.898089;3950;483;1900;0;1156189591
-252.684816;3945;519;2025;0;1156402864
-252.580724;3943;527;2075;0;1156506956
-252.476825;3942;542;2125;0;1156610855
-252.373096;3943;524;2050;0;1156714584
-252.271441;3946;521;2050;0;1156816239
-252.158118;3946;532;2100;0;1156929562
-252.051596;3947;507;2000;0;1157036084
-251.933307;3947;503;1975;0;1157154373
-251.822431;3948;470;1850;0;1157265249
-251.720087;3948;469;1850;0;1157367593
-251.618263;3946;486;1900;0;1157469417
-251.480989;3938;605;2375;0;1157606691
-251.378565;3925;723;2825;0;1157709115
-251.277038;3945;546;2150;0;1157810642
-251.175407;3942;558;2200;0;1157912273
-251.053233;3941;578;2275;0;1158034447
-250.949233;3938;537;2100;0;1158138447
-250.840985;3947;486;1900;0;1158246695
-250.740254;3948;505;1975;0;1158347426
-250.636911;3942;551;2150;0;1158450769
-250.514940;3940;566;2225;0;1158572740
-250.413346;3946;494;1950;0;1158674334
-250.311446;3942;527;2075;0;1158776234
-250.206135;3950;471;1850;0;1158881545
-250.103610;3942;546;2150;0;1158984070
-249.996495;3931;669;2625;0;1159091185
-249.887433;3946;519;2025;0;1159200247
-249.756192;3948;492;1925;0;1159331488
-249.650821;3942;515;2025;0;1159436859
-249.545747;3941;531;2075;0;1159541933
-249.444420;3945;533;2100;0;1159643260
-249.340171;3946;511;2000;0;1159747509
-249.237302;3947;488;1925;0;1159850378
-249.135684;3943;531;2075;0;1159951996
-249.033673;3942;539;2125;0;1160054007
-248.931998;3945;521;2050;0;1160155682
-248.828732;3947;485;1900;0;1160258948
-248.726829;3947;494;1950;0;1160360851
-248.522029;3948;470;1850;0;1160565651
-248.398321;3948;485;1900;0;1160689359
-248.286773;3947;490;1925;0;1160800907
-248.184244;3946;535;2100;0;1160903436
-248.081754;3941;587;2300;0;1161005926
-247.947819;3945;525;2075;0;1161139861
-247.845593;3945;516;2025;0;1161242087
-247.741189;3947;496;1950;0;1161346491
-247.640100;3946;493;1925;0;1161447580
-247.536486;3950;468;1850;0;1161551194
-247.435159;3946;491;1925;0;1161652521
-247.330400;3948;484;1900;0;1161757280
-247.219212;3946;495;1950;0;1161868468
-247.115850;3945;505;1975;0;1161971830
-247.005156;3927;689;2700;0;1162082524
-246.903157;3941;546;2150;0;1162184523
-246.802009;3942;547;2150;0;1162285671
-246.698822;3950;468;1850;0;1162388858
-246.590133;3948;484;1900;0;1162497547
-246.385013;3945;499;1950;0;1162702667
-246.284318;3942;526;2075;0;1162803362
-246.177175;3936;596;2325;0;1162910505
-246.074034;3942;549;2150;0;1163013646
-245.973258;3942;552;2175;0;1163114422
-245.869369;3948;500;1975;0;1163218311
-245.743806;3942;545;2150;0;1163343874
-245.640987;3946;526;2075;0;1163446693
-245.536372;3946;469;1850;0;1163551308
-245.432129;3947;498;1950;0;1163655551
-245.293578;3947;476;1875;0;1163794102
-245.186400;3945;529;2075;0;1163901280
-245.081835;3943;544;2150;0;1164005845
-244.980428;3937;607;2375;0;1164107252
-244.860717;3945;506;1975;0;1164226963
-244.744405;3933;596;2325;0;1164343275
-244.640145;3946;511;2000;0;1164447535
-244.537782;3948;463;1825;0;1164549898
-244.421270;3946;486;1900;0;1164666410
-244.312638;3945;511;2000;0;1164775042
-244.209517;3946;523;2050;0;1164878163
-244.101522;3948;479;1875;0;1164986158
-243.980130;3940;545;2150;0;1165107550
-243.877557;3937;603;2375;0;1165210123
-243.776064;3943;543;2125;0;1165311616
-243.674973;3945;524;2050;0;1165412707
-243.574009;3943;527;2075;0;1165513671
-243.472430;3945;510;2000;0;1165615250
-243.371026;3946;505;1975;0;1165716654
-243.267796;3946;497;1950;0;1165819884
-243.163534;3946;510;2000;0;1165924146
-243.058235;3946;487;1925;0;1166029445
-242.852054;3945;490;2125;0;1166235626
-242.749844;3947;489;2075;0;1166337836
-242.623397;3946;505;1975;0;1166464283
-242.521626;3947;470;1850;0;1166566054
-242.413988;3943;509;2000;0;1166673692
-242.313065;3942;539;2100;0;1166774615
-242.210167;3947;504;1975;0;1166877513
-242.102918;3945;507;2000;0;1166984762
-241.999597;3942;514;2025;0;1167088083
-241.896754;3941;544;2125;0;1167190926
-241.786069;3942;541;2125;0;1167301611
-241.682714;3942;539;2125;0;1167404966
-241.581288;3941;555;2175;0;1167506392
-241.479533;3942;528;2075;0;1167608147
-241.377527;3943;526;2075;0;1167710153
-241.271503;3945;513;2025;0;1167816177
-241.162732;3947;493;1925;0;1167924948
-241.058343;3945;510;2000;0;1168029337
-240.954801;3946;492;1925;0;1168132879
-240.846064;3937;607;2375;0;1168241616
-240.744360;3941;555;2175;0;1168343320
-240.638956;3940;577;2275;0;1168448724
-240.538043;3942;552;2175;0;1168549637
-240.412696;3926;710;2775;0;1168674984
-240.309366;3946;508;2000;0;1168778314
-240.207945;3942;543;2125;0;1168879735
-240.104929;3946;487;1925;0;1168982751
-239.999891;3947;469;1850;0;1169087789
-239.893089;3946;498;1950;0;1169194591
-239.792066;3946;492;1925;0;1169295614
-239.684713;3946;455;1800;0;1169402967
-239.576051;3942;526;2075;0;1169511629
-239.473462;3943;526;2075;0;1169614218
-239.369115;3946;490;1925;0;1169718565
-239.264767;3945;520;2050;0;1169822913
-239.131976;3941;551;2150;0;1169955704
-239.025384;3942;524;2050;0;1170062296
-238.921385;3945;482;1900;0;1170166295
-238.813526;3946;475;1875;0;1170274154
-238.709322;3945;489;1925;0;1170378358
-238.607551;3946;494;1950;0;1170480129
-238.504029;3948;486;1900;0;1170583651
-238.399200;3950;452;1775;0;1170688480
-238.298228;3948;461;1800;0;1170789452
-237.986560;3945;491;1925;0;1171101120
-237.878862;3941;524;2050;0;1171208818
-237.774915;3942;544;2125;0;1171312765
-237.673139;3941;526;2075;0;1171414541
-237.564807;3946;491;1925;0;1171522873
-237.461068;3946;503;1975;0;1171626612
-237.351168;3945;511;2000;0;1171736512
-237.244218;3943;497;1950;0;1171843462
-237.139717;3937;570;2225;0;1171947963
-237.037088;3940;580;2275;0;1172050592
-236.920808;3945;492;1925;0;1172166872
-236.814786;3945;519;2025;0;1172272894
-236.710200;3942;527;2075;0;1172377480
-236.606573;3946;490;1925;0;1172481107
-236.482867;3941;517;2025;0;1172604813
-236.380552;3941;524;2050;0;1172707128
-236.275957;3941;540;2125;0;1172811723
-236.172720;3942;535;2100;0;1172914960
-236.051639;3933;595;2325;0;1173036041
-235.947026;3927;688;2700;0;1173140654
-235.845539;3942;525;2050;0;1173242141
-235.744257;3943;506;1975;0;1173343423
-235.624395;3945;493;1925;0;1173463285
-235.415135;3943;510;2000;0;1173672545
-235.312304;3942;530;2075;0;1173775376
-235.183895;3947;473;1850;0;1173903785
-235.081628;3943;499;1950;0;1174006052
-234.974771;3942;526;2075;0;1174112909
-234.873088;3943;503;1975;0;1174214592
-234.737981;3945;498;1950;0;1174349699
-234.627793;3947;477;1875;0;1174459887
-234.525095;3936;581;2275;0;1174562585
-234.317767;3942;510;2000;0;1174769913
-234.215980;3941;511;2000;0;1174871700
-234.111863;3940;552;2175;0;1174975817
-234.003727;3946;473;1850;0;1175083953
-233.864566;3933;566;2225;0;1175223114
-233.760107;3943;500;1950;0;1175327573
-233.649440;3943;478;1875;0;1175438240
-233.545330;3938;539;2100;0;1175542350
-233.434417;3937;567;2225;0;1175653263
-233.333351;3946;496;1950;0;1175754329
-233.221985;3946;467;1950;0;1175865695
-233.117152;3942;521;2050;0;1175970528
-233.008504;3945;497;1950;0;1176079176
-232.904148;3947;459;1800;0;1176183532
-232.801682;3947;476;1875;0;1176285998
-232.572847;3936;585;2300;0;1176514833
-232.470295;3938;551;2150;0;1176617385
-232.367238;3938;561;2200;0;1176720442
-232.266092;3943;505;1975;0;1176821588
-232.136959;3946;488;1925;0;1176950721
-232.029415;3946;459;1800;0;1177058265
-231.688444;3946;480;1875;0;1177399236
-231.580164;3933;579;2275;0;1177507516
-231.473981;3942;520;2050;0;1177613699
-231.371732;3942;507;2000;0;1177715948
-231.247821;3931;644;2525;0;1177839859
-231.137486;3945;505;1975;0;1177950194
-231.033688;3943;483;1900;0;1178053992
-230.932127;3945;487;1900;0;1178155553
-230.813402;3941;508;2000;0;1178274278
-230.703396;3947;466;1825;0;1178384284
-230.593624;3945;475;1850;0;1178494056
-230.487729;3945;482;1900;0;1178599951
-230.376262;3942;513;2000;0;1178711418
-230.272995;3938;566;2225;0;1178814685
-230.165166;3938;570;2225;0;1178922514
-229.955900;3943;499;1950;0;1179131780
-229.851765;3941;515;2025;0;1179235915
-229.749710;3942;523;2050;0;1179337970
-229.642603;3941;491;1925;0;1179445077
-229.538048;3923;701;2750;0;1179549632
-229.432702;3922;698;2725;0;1179654978
-229.322280;3923;684;2675;0;1179765400
-229.220162;3931;639;2500;0;1179867518
-229.112366;3941;544;2125;0;1179975314
-229.007145;3940;524;2050;0;1180080535
-228.906359;3940;531;2075;0;1180181321
-228.802270;3945;485;1900;0;1180285410
-228.586760;3946;476;1875;0;1180500920
-228.484193;3946;471;1850;0;1180603487
-228.380875;3938;573;2250;0;1180706805
-228.276917;3937;549;2150;0;1180810763
-228.141090;3940;529;2075;0;1180946590
-228.040250;3943;490;1925;0;1181047430
-227.933317;3946;472;1850;0;1181154363
-227.832383;3945;472;1850;0;1181255297
-227.611303;3942;514;2025;0;1181476377
-227.503134;3946;473;1850;0;1181584546
-227.398090;3946;482;1900;0;1181689590
-227.275903;3937;568;2225;0;1181811777
-227.173726;3936;618;2425;0;1181913954
-227.069991;3933;579;2275;0;1182017689
-226.967052;3942;517;2025;0;1182120628
-226.848849;3941;488;1900;0;1182238831
-226.740051;3942;515;2025;0;1182347629
-226.638493;3943;502;1975;0;1182449187
-226.537242;3940;508;2000;0;1182550438
-226.428009;3943;478;1875;0;1182659671
-226.021464;3936;581;2275;0;1183066216
-225.918886;3938;533;2100;0;1183168794
-225.817008;3945;485;1900;0;1183270672
-225.713975;3942;511;2025;0;1183373705
-225.605020;3946;477;1875;0;1183482660
-225.504047;3943;479;1875;0;1183583633
-225.392234;3947;457;1800;0;1183695446
-225.280612;3945;468;1850;0;1183807068
-225.171096;3940;537;2100;0;1183916584
-225.047021;3930;629;2450;0;1184040659
-224.939803;3940;536;2100;0;1184147877
-224.832733;3945;477;1875;0;1184254947
-224.729473;3940;528;2075;0;1184358207
-224.611958;3942;518;2025;0;1184475722
-224.508300;3943;495;1950;0;1184579380
-224.398982;3942;498;1950;0;1184688698
-224.298043;3946;470;1850;0;1184789637
-224.176489;3940;533;2100;0;1184911191
-224.073550;3936;565;2200;0;1185014130
-223.967007;3941;505;1950;0;1185120673
-223.863815;3943;493;1925;0;1185223865
-223.731297;3940;529;2075;0;1185356383
-223.624350;3943;473;1850;0;1185463330
-223.521287;3945;476;1875;0;1185566393
-223.413164;3938;535;2000;0;1185674516
-223.283316;3942;497;2125;0;1185804364
-223.179867;3940;524;2050;0;1185907813
-223.075719;3940;545;2150;0;1186011961
-222.974245;3940;526;2075;0;1186113435
-222.873200;3942;517;2025;0;1186214480
-222.772173;3917;736;2875;0;1186315507
-222.671205;3943;499;1950;0;1186416475
-222.568006;3942;509;2000;0;1186519674
-222.465823;3943;483;1900;0;1186621857
-222.363240;3935;599;2350;0;1186724440
-222.262076;3941;506;1975;0;1186825604
-222.056969;3942;498;1950;0;1187030711
-221.955395;3941;506;1975;0;1187132285
-221.751519;3942;503;1975;0;1187336161
-221.643022;3941;535;2100;0;1187444658
-221.534965;3943;487;1900;0;1187552715
-221.433242;3938;539;2100;0;1187654438
-221.322299;3940;510;2000;0;1187765381
-221.215247;3942;466;1825;0;1187872433
-220.996097;3943;487;1900;0;1188091583
-220.656025;3942;497;1950;0;1188431655
-220.545770;3931;631;2475;0;1188541910
-220.443512;3940;532;2075;0;1188644168
-220.341754;3940;519;2025;0;1188745926
-220.222293;3935;584;2300;0;1188865387
-220.120075;3942;481;1875;0;1188967605
-220.016961;3940;510;2000;0;1189070719
-219.915002;3940;507;1975;0;1189172678
-219.695832;3941;508;2000;0;1189391848
-219.371818;3937;544;2125;0;1189715862
-219.269704;3932;600;2350;0;1189817976
-219.168255;3933;579;2275;0;1189919425
-219.066776;3935;584;2075;0;1190020904
-218.923152;3942;496;1950;0;1190164528
-218.817392;3943;504;1975;0;1190270288
-218.706781;3945;469;1850;0;1190380899
-218.602901;3943;483;1900;0;1190484779
-218.491938;3945;468;1850;0;1190595742
-218.386780;3943;475;1850;0;1190700900
-218.283484;3936;580;2275;0;1190804196
-218.182156;3936;536;2100;0;1190905524
-218.077318;3932;579;2275;0;1191010362
-217.975023;3941;522;2050;0;1191112657
-217.872649;3941;498;1950;0;1191215031
-217.767199;3942;511;2000;0;1191320481
-217.659736;3941;502;1975;0;1191427944
-217.556208;3942;501;1975;0;1191531472
-217.350285;3938;520;2050;0;1191737395
-217.246194;3938;536;2100;0;1191841486
-217.120463;3935;573;2250;0;1191967217
-217.008862;3937;564;2200;0;1192078818
-216.904930;3941;513;2000;0;1192182750
-216.804139;3943;482;1900;0;1192283541
-216.684538;3941;479;1875;0;1192403142
-216.578078;3940;526;2075;0;1192509602
-216.475261;3940;530;2075;0;1192612419
-216.372113;3941;512;2000;0;1192715567
-216.266941;3941;499;1950;0;1192820739
-216.164818;3942;512;2000;0;1192922862
-216.061755;3931;582;2275;0;1193025925
-215.960243;3937;554;2175;0;1193127437
-215.830954;3935;593;2325;0;1193256726
-215.719590;3946;465;1825;0;1193368090
-215.609777;3942;509;2000;0;1193477903
-215.505417;3943;497;1950;0;1193582263
-215.378292;3938;507;1975;0;1193709388
-215.275688;3935;552;2150;0;1193811992
-215.174187;3938;545;2150;0;1193913493
-215.072864;3937;550;2150;0;1194014816
-214.955734;3936;536;2100;0;1194131946
-214.853589;3937;560;2200;0;1194234091
-214.752137;3938;518;2025;0;1194335543
-214.651285;3937;531;2075;0;1194436395
-214.528572;3942;486;1900;0;1194559108
-214.427161;3942;488;1925;0;1194660519
-214.318417;3942;506;1975;0;1194769263
-214.214952;3942;502;1975;0;1194872728
-214.091445;3942;489;1925;0;1194996235
-213.989247;3936;550;2150;0;1195098433
-213.872574;3937;546;2150;0;1195215106
-213.626219;3941;488;1900;0;1195461461
-213.420576;3943;482;1900;0;1195667104
-213.309527;3942;500;1950;0;1195778153
-213.201058;3943;473;1850;0;1195886622
-213.079113;3938;549;2150;0;1196008567
-212.978331;3936;561;2200;0;1196109349
-212.876760;3938;537;2100;0;1196210920
-212.775057;3937;552;2150;0;1196312623
-212.674202;3935;565;2225;0;1196413478
-212.572994;3932;604;2200;0;1196514686
-212.471048;3938;535;2100;0;1196616632
-212.369407;3940;513;2000;0;1196718273
-212.267977;3940;519;2025;0;1196819703
-212.165642;3941;502;1975;0;1196922038
-212.064338;3941;500;1950;0;1197023342
-211.961009;3931;569;2225;0;1197126671
-211.854686;3942;498;1950;0;1197232994
-211.750999;3938;519;2025;0;1197336681
-211.649860;3932;607;2375;0;1197437820
-211.541864;3931;615;2200;0;1197545816
-211.435921;3941;480;1875;0;1197651759
-211.332648;3941;493;1925;0;1197755032
-211.229627;3942;479;1875;0;1197858053
-211.128027;3941;490;1925;0;1197959653
-211.011784;3940;517;2025;0;1198075896
-210.907503;3942;503;1975;0;1198180177
-210.806242;3941;484;1900;0;1198281438
-210.705294;3942;494;1950;0;1198382386
-210.599901;3940;529;2075;0;1198487779
-210.497608;3940;542;2125;0;1198590072
-210.389902;3943;462;1800;0;1198697778
-210.286570;3941;490;1925;0;1198801110
-210.153952;3937;533;2100;0;1198933728
-210.049647;3936;534;2100;0;1199038033
-209.932625;3936;554;2175;0;1199155055
-209.721293;3942;478;1875;0;1199366387
-209.509913;3940;543;2125;0;1199577767
-209.402228;3941;497;1950;0;1199685452
-209.298624;3941;487;1900;0;1199789056
-209.197341;3942;479;1875;0;1199890339
-208.991000;3941;491;1925;0;1200096680
-208.885631;3941;485;1900;0;1200202049
-208.781439;3933;559;2200;0;1200306241
-208.674469;3941;507;2000;0;1200413211
-208.571052;3931;601;2350;0;1200516628
-208.452655;3940;499;1950;0;1200635025
-208.349964;3937;527;2075;0;1200737716
-208.249073;3937;520;2050;0;1200838607
-208.145473;3937;522;2050;0;1200942207
-208.043612;3937;526;2075;0;1201044068
-207.934293;3942;471;1850;0;1201153387
-207.831688;3935;551;2150;0;1201255992
-207.729713;3941;477;1875;0;1201357967
-207.607025;3936;544;2125;0;1201480655
-207.499643;3935;551;2150;0;1201588037
-207.389229;3943;468;1825;0;1201698451
-207.282281;3940;488;1925;0;1201805399
-207.145492;3937;550;2150;0;1201942188
-207.044236;3938;539;2100;0;1202043444
-206.941671;3936;548;2150;0;1202146009
-206.833065;3942;472;1850;0;1202254615
-206.717902;3942;500;1950;0;1202369778
-206.615024;3940;504;1975;0;1202472656
-206.509596;3942;499;1950;0;1202578084
-206.404447;3935;563;2200;0;1202683233
-206.291124;3937;536;2100;0;1202796556
-206.188740;3940;479;1875;0;1202898940
-206.087004;3937;498;1950;0;1203000676
-205.985865;3942;477;1875;0;1203101815
-205.863477;3941;503;1975;0;1203224203
-205.759758;;-98;0;4251;1203327922
-205.650629;3936;559;2200;0;1203437051
-205.548573;3938;541;2125;0;1203539107
-205.418029;3932;587;2250;0;1203669651
-205.310042;3937;535;2100;0;1203777638
-205.202726;3937;542;2125;0;1203884954
-205.096705;3942;485;1900;0;1203990975
-204.989442;3942;481;1875;0;1204098238
-204.886755;3941;478;1875;0;1204200925
-204.782251;3936;535;2100;0;1204305429
-204.681215;3941;552;2150;0;1204406465
-204.579332;3940;481;2175;0;1204508348
-204.474046;3938;522;2050;0;1204613634
-204.371962;3940;499;1950;0;1204715718
-204.269492;3935;583;2275;0;1204818188
-204.168062;3936;580;2275;0;1204919618
-204.067124;3940;506;1975;0;1205020556
-203.864201;3940;511;2000;0;1205223479
-203.762844;3926;626;2450;0;1205324836
-203.649559;3937;526;2075;0;1205438121
-203.542340;3938;523;2050;0;1205545340
-203.440955;3938;513;2000;0;1205646725
-203.339368;3937;509;2000;0;1205748312
-203.216787;3937;543;2125;0;1205870893
-203.113170;3935;549;2150;0;1205974510
-203.010547;3940;489;1925;0;1206077133
-202.908764;3938;498;1950;0;1206178916
-202.793230;3942;480;1875;0;1206294450
-202.591034;3941;486;1900;0;1206496646
-202.355952;3940;496;1950;0;1206731728
-202.252905;3938;503;2100;0;1206834775
-202.148784;3938;535;2100;0;1206938896
-202.047384;3927;623;2450;0;1207040296
-201.917051;3933;561;2200;0;1207170629
-201.795984;3945;462;1825;0;1207291696
-201.693662;3935;535;2100;0;1207394018
-201.583853;3941;486;1900;0;1207503827
-201.476363;3937;519;2025;0;1207611317
-201.375294;3935;529;2075;0;1207712386
-201.273127;3935;546;2125;0;1207814553
-201.169799;3940;499;1950;0;1207917881
-201.053150;3938;502;1975;0;1208034530
-200.951285;3932;591;2325;0;1208136395
-200.848419;3935;550;2150;0;1208239261
-200.746071;3940;531;2075;0;1208341609
-200.627838;3940;484;1900;0;1208459842
-200.421226;3942;470;1850;0;1208666454
-200.199714;3941;479;1875;0;1208887966
-200.097698;3940;488;1900;0;1208989982
-199.989784;3945;456;1800;0;1209097896
-199.884992;3937;521;2050;0;1209202688
-199.778137;3925;631;2475;0;1209309543
-199.675591;3922;704;2750;0;1209412089
-199.574267;3937;520;2025;0;1209513413
-199.471668;3938;511;2000;0;1209616012
-199.370077;3938;514;2025;0;1209717603
-199.268465;3940;503;1975;0;1209819215
-199.166726;3938;499;1950;0;1209920954
-199.061259;3940;490;1925;0;1210026421
-198.959211;3940;498;1950;0;1210128469
-198.855721;3938;488;1900;0;1210231959
-198.647443;3928;628;2450;0;1210440237
-198.541513;3932;582;2275;0;1210546167
-198.426096;3940;491;1925;0;1210661584
-198.320559;3942;480;1875;0;1210767121
-198.213745;3940;497;1950;0;1210873935
-198.109030;3940;499;1950;0;1210978650
-198.007266;3940;497;1950;0;1211080414
-197.902941;3942;467;1825;0;1211184739
-197.802095;3941;487;1900;0;1211285585
-197.701392;3933;547;2150;0;1211386288
-197.598127;3908;793;3100;0;1211489553
-197.282421;3937;529;2075;0;1211805259
-197.149433;3940;497;1950;0;1211938247
-197.048254;3932;543;2125;0;1212039426
-196.947337;3935;524;2050;0;1212140343
-196.846004;3932;550;2150;0;1212241676
-196.725894;3938;499;1950;0;1212361786
-196.613349;3938;508;2000;0;1212474331
-196.506962;3935;558;2175;0;1212580718
-196.403200;3941;476;1875;0;1212684480
-196.302301;3941;470;1850;0;1212785379
-196.192239;3942;467;1825;0;1212895441
-196.090976;3940;490;1925;0;1212996704
-195.886964;3940;486;1900;0;1213200716
-195.786123;3938;497;1950;0;1213301557
-195.683084;3941;472;1850;0;1213404596
-195.580661;3932;569;2225;0;1213507019
-195.477525;3935;565;2200;0;1213610155
-195.374939;3927;638;2500;0;1213712741
-195.272345;3922;671;2625;0;1213815335
-195.171378;3915;730;2850;0;1213916302
-195.070088;3930;578;2250;0;1214017592
-194.953367;3920;685;2675;0;1214134313
-194.841236;3918;700;2725;0;1214246444
-194.738345;3928;617;2425;0;1214349335
-194.629911;3938;477;1875;0;1214457769
-194.503449;3907;805;3125;0;1214584231
-194.395520;3921;655;2875;0;1214692160
-194.289072;3935;525;2050;0;1214798608
-194.185456;3941;479;1875;0;1214902224
-194.054825;3937;492;1925;0;1215032855
-193.950197;3912;743;2900;0;1215137483
-193.849266;3933;534;2100;0;1215238414
-193.748133;3936;495;1925;0;1215339547
-193.633249;3938;481;1875;0;1215454431
-193.422677;3933;539;2100;0;1215665003
-193.319171;3937;523;2050;0;1215768509
-193.196662;3938;484;1900;0;1215891018
-192.989216;3937;488;1875;0;1216098464
-192.887227;3941;473;1850;0;1216200453
-192.543279;3928;624;2450;0;1216544401
-192.440762;3931;570;2225;0;1216646918
-192.314888;3935;516;2025;0;1216772792
-192.199666;3940;468;1825;0;1216888014
-192.098078;3938;491;1925;0;1216989602
-191.996439;3938;478;1875;0;1217091241
-191.877321;3915;726;2825;0;1217210359
-191.776197;3913;737;2875;0;1217311483
-191.672588;3926;601;2350;0;1217415092
-191.571283;3926;630;2475;0;1217516397
-191.439759;3922;665;2600;0;1217647921
-191.337303;3937;515;2025;0;1217750377
-191.236119;3938;479;1875;0;1217851561
-191.134660;3938;486;1900;0;1217953020
-191.028805;3938;498;1950;0;1218058875
-190.927128;3940;471;1850;0;1218160552
-190.826027;3938;481;1875;0;1218261653
-190.592453;3938;486;1900;0;1218495227
-190.488139;3926;603;2350;0;1218599541
-190.386488;3932;549;2150;0;1218701192
-190.284773;3925;607;2375;0;1218802907
-190.160687;3935;501;1950;0;1218926993
-189.950630;3938;480;1875;0;1219137050
-189.848692;3933;527;2075;0;1219238988
-189.719537;3938;487;1900;0;1219368143
-189.615179;3938;466;1825;0;1219472501
-189.509927;3937;491;1925;0;1219577753
-189.407792;3932;562;2200;0;1219679888
-189.284458;3931;560;2200;0;1219803222
-189.177184;3931;566;2225;0;1219910496
-189.076173;3935;535;2100;0;1220011507
-188.974174;3936;507;1975;0;1220113506
-188.873134;3931;561;2100;0;1220214546
-188.751342;3933;524;2050;0;1220336338
-188.647974;3931;533;2075;0;1220439706
-188.544238;3932;519;2025;0;1220543442
-188.422208;3925;617;2425;0;1220665472
-188.321215;3907;790;3075;0;1220766465
-188.217445;3937;499;1950;0;1220870235
-188.114969;3937;486;1900;0;1220972711
-188.010234;3937;496;1950;0;1221077446
-187.908988;3937;503;1975;0;1221178692
-187.800326;3940;477;1875;0;1221287354
-187.699193;3937;473;1850;0;1221388487
-187.592040;3940;472;1850;0;1221495640
-187.488046;3931;554;2175;0;1221599634
-187.380904;3930;600;2350;0;1221706776
-187.277354;3932;540;2125;0;1221810326
-187.149561;3932;528;2075;0;1221938119
-187.040934;3935;504;1825;0;1222046746
-186.825644;3938;479;1875;0;1222262036
-186.693207;3937;494;1925;0;1222394473
-186.491177;3937;495;1950;0;1222596503
-186.389965;3933;525;2050;0;1222697715
-186.261625;3936;505;1975;0;1222826055
-186.052441;3937;491;1925;0;1223035239
-185.948610;3933;522;2050;0;1223139070
-185.840648;3935;527;2075;0;1223247032
-185.729537;3941;464;1825;0;1223358143
-185.409290;3936;503;1975;0;1223678390
-185.306380;3928;579;2275;0;1223781300
-185.205297;3933;536;2100;0;1223882383
-185.104303;3937;486;1900;0;1223983377
-184.987593;3938;467;1825;0;1224100087
-184.785119;3938;474;1850;0;1224302561
-184.682617;3936;498;1950;0;1224405063
-184.558535;3932;541;2125;0;1224529145
-184.457015;3936;494;1925;0;1224630665
-184.348333;3935;519;2025;0;1224739347
-184.247176;3930;572;2250;0;1224840504
-184.109163;3925;636;2250;0;1224978517
-184.007262;3933;540;2125;0;1225080418
-183.904618;3937;515;1850;0;1225183062
-183.792249;3940;454;1775;0;1225295431
-183.672065;3937;509;2000;0;1225415615
-183.571325;3933;513;2000;0;1225516355
-183.470246;3932;520;2025;0;1225617434
-183.369179;3930;576;2250;0;1225718501
-183.239248;3927;535;2100;0;1225848432
-183.136900;3933;556;2175;0;1225950780
-183.031790;3940;473;1850;0;1226055890
-182.806862;3935;529;2075;0;1226280818
-182.702657;3936;486;1900;0;1226385023
-182.599838;3936;490;1925;0;1226487842
-182.495470;3937;493;1925;0;1226592210
-182.371805;3933;539;2100;0;1226715875
-182.270099;3935;527;2075;0;1226817581
-182.169290;3927;604;2375;0;1226918390
-182.061328;3927;583;2275;0;1227026352
-181.948358;3933;528;2075;0;1227139322
-181.838518;3927;556;2175;0;1227249162
-181.735052;3938;484;1900;0;1227352628
-181.634104;3938;474;1850;0;1227453576
-181.401264;3938;471;1850;0;1227686416
-181.299208;3937;473;1850;0;1227788472
-181.196645;3935;528;2075;0;1227891035
-181.070915;3930;588;2300;0;1228016765
-180.953604;3932;516;2025;0;1228134076
-180.851841;3932;523;2050;0;1228235839
-180.746895;3932;514;2025;0;1228340785
-180.643117;3932;536;2100;0;1228444563
-180.541359;3935;523;2050;0;1228546321
-180.427694;3940;452;1900;0;1228659986
-180.225235;3937;481;1875;0;1228862445
-179.908944;3928;578;2250;0;1229178736
-179.808237;3932;561;2200;0;1229279443
-179.706579;3936;507;1975;0;1229381101
-179.605240;3928;564;2200;0;1229482440
-179.499563;3938;478;1875;0;1229588117
-179.387909;3933;523;1975;0;1229699771
-179.286071;3936;482;1875;0;1229801609
-179.183514;3937;493;2050;0;1229904166
-179.079429;3932;538;2100;0;1230008251
-178.975376;3933;510;2000;0;1230112304
-178.871873;3931;551;2150;0;1230215807
-178.769624;3932;557;2175;0;1230318056
-178.668269;3928;579;2275;0;1230419411
-178.561965;3937;474;1850;0;1230525715
-178.441838;3932;501;1950;0;1230645842
-178.335297;3936;489;1925;0;1230752383
-178.122264;3935;509;2000;0;1230965416
-178.018782;3933;506;1975;0;1231068898
-177.907763;3937;501;1975;0;1231179917
-177.798448;3931;551;2150;0;1231289232
-177.688885;3932;529;2075;0;1231398795
-177.558739;3937;491;1925;0;1231528941
-177.453325;3937;499;1950;0;1231634355
-177.346051;3921;658;2575;0;1231741629
-177.244417;3931;556;2175;0;1231843263
-177.113527;3933;513;2000;0;1231974153
-177.009311;3937;485;1900;0;1232078369
-176.905491;3936;491;1925;0;1232182189
-176.802626;3937;473;1850;0;1232285054
-176.674662;3932;523;2050;0;1232413018
-176.570654;3930;553;2150;0;1232517026
-176.462814;3928;584;2275;0;1232624866
-176.351783;3925;601;2350;0;1232735897
-176.220991;3926;608;2375;0;1232866689
-176.118556;3933;508;1975;0;1232969124
-176.016869;3930;549;2150;0;1233070811
-175.913123;3933;524;2050;0;1233174557
-175.791568;3936;494;1900;0;1233296112
-175.682400;3936;481;1875;0;1233405280
-175.580683;3933;494;1925;0;1233506997
-175.479331;3932;507;1975;0;1233608349
-175.358838;3936;481;1875;0;1233728842
-175.251898;3925;571;2225;0;1233835782
-175.149916;3911;748;2925;0;1233937764
-175.047898;3931;541;2125;0;1234039782
-174.940824;3923;637;2500;0;1234146856
-174.839338;3933;530;2075;0;1234248342
-174.731978;3933;491;1925;0;1234355702
-174.629246;3928;552;2150;0;1234458434
-174.510711;3936;523;2050;0;1234576969
-174.408885;3936;488;1900;0;1234678795
-174.306930;3936;487;1900;0;1234780750
-174.201121;3937;466;1825;0;1234886559
-174.079684;3933;504;1975;0;1235007996
-173.977703;3920;632;2475;0;1235109977
-173.876177;3930;526;2050;0;1235211503
-173.774447;3926;614;2400;0;1235313233
-173.641927;3933;517;2025;0;1235445753
-173.531832;3936;496;1950;0;1235555848
-173.430245;3935;499;1950;0;1235657435
-173.323939;3936;498;1950;0;1235763741
-173.100684;3936;495;1950;0;1235986996
-172.882720;3932;554;2175;0;1236204960
-172.750133;3928;570;2225;0;1236337547
-172.645782;3927;610;2375;0;1236441898
-172.532245;3933;528;2075;0;1236555435
-172.427230;3936;467;1825;0;1236660450
-172.317384;3932;497;1950;0;1236770296
-172.213658;3933;528;2075;0;1236874022
-172.112085;3930;530;2075;0;1236975595
-172.011398;3932;526;2050;0;1237076282
-171.910049;3931;531;2075;0;1237177631
-171.807203;3928;562;2200;0;1237280477
-171.698145;3937;474;1850;0;1237389535
-171.588999;3938;465;1825;0;1237498681
-171.477552;3926;594;2325;0;1237610128
-171.372789;3927;597;2325;0;1237714891
-171.271342;3933;504;1975;0;1237816338
-171.169908;3935;498;1950;0;1237917772
-171.056719;3937;476;1850;0;1238030961
-170.952888;3935;481;1875;0;1238134792
-170.851176;3936;483;1900;0;1238236504
-170.745096;3932;553;2150;0;1238342584
-170.608390;3933;493;1925;0;1238479290
-170.501880;3936;499;1950;0;1238585800
-170.390685;3937;474;1850;0;1238696995
-170.282735;3928;585;2300;0;1238804945
-170.150882;3928;573;2250;0;1238936798
-170.045278;3931;540;2100;0;1239042402
-169.831241;3926;572;2250;0;1239256439
-169.512020;3935;513;2000;0;1239575660
-169.410048;3932;543;2125;0;1239677632
-169.308524;3931;540;2100;0;1239779156
-169.206981;3937;497;1950;0;1239880699
-169.104478;3933;502;1975;0;1239983202
-169.002730;3936;492;1925;0;1240084950
-168.901019;3936;471;1850;0;1240186661
-168.689391;3931;529;2075;0;1240398289
-168.580790;3931;554;2175;0;1240506890
-168.476297;3933;535;2100;0;1240611383
-168.373952;3931;533;2075;0;1240713728
-168.271418;3933;504;1975;0;1240816262
-168.168736;3932;513;2000;0;1240918944
-168.047637;3932;492;1925;0;1241040043
-167.944364;3931;513;2000;0;1241143316
-167.838758;3927;567;2225;0;1241248922
-167.731163;3927;592;2325;0;1241356517
-167.629070;3932;504;1975;0;1241458610
-167.524330;3911;721;2800;0;1241563350
-167.311273;3935;483;1900;0;1241776407
-167.208933;3936;478;1875;0;1241878747
-167.106698;3935;487;1900;0;1241980982
-167.004486;3935;477;1875;0;1242083194
-166.903263;3931;529;2100;0;1242184417
-166.797180;3931;552;2150;0;1242290500
-166.690591;3928;561;2200;0;1242397089
-166.487320;3936;469;1850;0;1242600360
-166.384550;3936;476;1875;0;1242703130
-166.259046;3936;485;1900;0;1242828634
-166.149870;3933;504;1975;0;1242937810
-166.048086;3930;544;2125;0;1243039594
-165.942251;3930;539;2100;0;1243145429
-165.314786;3930;517;2025;0;1243772894
-165.213009;3927;556;2175;0;1243874671
-165.110363;3931;529;2075;0;1243977317
-164.979256;3933;513;2000;0;1244108424
-164.878359;3931;536;2100;0;1244209321
-164.773684;3931;536;2100;0;1244313996
-164.672159;3926;597;2325;0;1244415521
-164.543811;3927;575;2250;0;1244543869
-164.441841;3931;548;2150;0;1244645839
-164.331212;3935;480;1875;0;1244756468
-164.226582;3932;508;1975;0;1244861098
-164.108827;3930;530;2075;0;1244978853
-164.005239;3935;476;1875;0;1245082441
-163.903864;3933;502;1975;0;1245183816
-163.792248;3935;457;1800;0;1245295432
-163.666522;3931;503;1975;0;1245421158
-163.563799;3928;542;2125;0;1245523881
-163.459800;3926;592;2325;0;1245627880
-163.354906;3933;484;1900;0;1245732774
-163.215166;3923;596;2325;0;1245872514
-163.112906;3931;540;2100;0;1245974774
-163.011248;3931;546;2125;0;1246076432
-162.908105;3931;533;2075;0;1246179575
-162.803491;3933;493;1925;0;1246284189
-162.691657;3936;457;1800;0;1246396023
-162.582256;3928;585;2275;0;1246505424
-162.481342;3926;555;2175;0;1246606338
-162.267489;3935;495;1950;0;1246820191
-162.056629;3933;490;1925;0;1247031051
-161.949389;3931;508;1975;0;1247138291
-161.843529;3930;520;2025;0;1247244151
-161.742198;3930;541;2125;0;1247345482
-161.641342;3931;516;2025;0;1247446338
-161.539832;3928;580;2275;0;1247547848
-161.419946;3928;552;2150;0;1247667734
-161.312185;3933;501;1975;0;1247775495
-161.209092;3933;514;2025;0;1247878588
-161.106025;3935;490;1925;0;1247981655
-160.984311;3927;534;2075;0;1248103369
-160.883175;3923;579;2275;0;1248204505
-160.778772;3931;505;1975;0;1248308908
-160.676259;3930;539;2100;0;1248411421
-160.541774;3923;625;2450;0;1248545906
-160.432294;3931;547;2150;0;1248655386
-160.323839;3933;493;1925;0;1248763841
-160.212300;3933;504;1975;0;1248875380
-160.097460;3935;490;1925;0;1248990220
-159.995921;3933;478;1875;0;1249091759
-159.786597;3931;499;1950;0;1249301083
-159.670843;3933;509;2000;0;1249416837
-159.568086;3931;532;2075;0;1249519594
-159.467089;3928;545;2125;0;1249620591
-159.366266;3923;609;2375;0;1249721414
-159.264799;3928;541;2125;0;1249822881
-159.162247;3930;520;2025;0;1249925433
-159.061070;3933;480;1875;0;1250026610
-158.827650;3927;566;2200;0;1250260030
-158.726242;3908;744;2900;0;1250361438
-158.622931;3931;520;2025;0;1250464749
-158.519966;3931;513;2000;0;1250567714
-158.402532;3933;487;1900;0;1250685148
-158.296434;3935;458;1800;0;1250791246
-158.194136;3933;485;1900;0;1250893544
-157.984493;3933;470;1850;0;1251103187
-157.883242;3931;494;1925;0;1251204438
-157.779066;3922;593;2325;0;1251308614
-157.677509;3928;532;2075;0;1251410171
-157.558695;3932;489;1900;0;1251528985
-157.455072;3935;487;1900;0;1251632608
-157.351045;3933;496;1950;0;1251736635
-157.249854;3933;477;1875;0;1251837826
-157.118447;3926;561;2200;0;1251969233
-156.892858;3931;515;2025;0;1252194822
-156.658417;3915;707;2750;0;1252429263
-156.555715;3932;484;1900;0;1252531965
-156.449135;3932;491;1925;0;1252638545
-156.348015;3931;529;2075;0;1252739665
-156.238773;3932;493;1925;0;1252848907
-156.134835;3932;495;1950;0;1252952845
-156.029542;3930;500;1950;0;1253058138
-155.804530;3927;569;2225;0;1253283150
-155.699220;3927;552;2150;0;1253388460
-155.596606;3928;544;2125;0;1253491074
-155.488326;3931;514;2000;0;1253599354
-155.386503;3926;568;2225;0;1253701177
-155.282939;3922;589;2300;0;1253804741
-155.181094;3928;521;2025;0;1253906586
-155.078072;3928;525;2050;0;1254009608
-154.975171;3928;537;2100;0;1254112509
-154.873562;3930;514;2000;0;1254214118
-154.770751;3932;508;1975;0;1254316929
-154.668562;3932;499;1950;0;1254419118
-154.565682;3933;499;1950;0;1254521998
-154.451315;3923;600;2350;0;1254636365
-154.347193;3930;540;2100;0;1254740487
-154.245202;3925;573;2225;0;1254842478
-154.144066;3930;545;2125;0;1254943614
-154.043168;3930;525;2200;0;1255044512
-153.941697;3925;576;2250;0;1255145983
-153.839103;3930;537;2100;0;1255248577
-153.732753;3928;534;2100;0;1255354927
-153.622757;3931;508;1975;0;1255464923
-153.520308;3932;504;1975;0;1255567372
-153.417732;3930;529;2075;0;1255669948
-153.315746;3931;534;2100;0;1255771934
-153.185244;3932;492;1925;0;1255902436
-153.083196;3922;577;2250;0;1256004484
-152.979071;3925;569;2225;0;1256108609
-152.876730;3928;514;2000;0;1256210950
-152.758307;3933;492;1925;0;1256329373
-152.650744;3931;506;1975;0;1256436936
-152.542899;3932;520;2025;0;1256544781
-152.425024;3933;484;1900;0;1256662656
-152.316633;3930;490;1925;0;1256771047
-152.215134;3930;510;2000;0;1256872546
-152.110072;3913;692;2700;0;1256977608
-152.005436;3928;548;2150;0;1257082244
-151.904268;3931;523;1925;0;1257183412
-151.803254;3931;500;1950;0;1257284426
-151.688799;3935;471;1850;0;1257398881
-151.584936;3928;504;1975;0;1257502744
-151.479450;3928;501;1950;0;1257608230
-151.375564;3927;501;1950;0;1257712116
-151.272067;3931;505;1975;0;1257815613
-151.165580;3932;484;1900;0;1257922100
-151.060453;3928;539;2050;0;1258027227
-150.959140;3926;562;2200;0;1258128540
-150.853875;3933;478;1875;0;1258233805
-150.749919;3930;501;1950;0;1258337761
-150.616931;3928;528;2075;0;1258470749
-150.508160;3928;532;2075;0;1258579520
-150.401629;3932;497;1950;0;1258686051
-150.297693;3930;491;1925;0;1258789987
-150.169512;3931;494;1925;0;1258918168
-150.064073;3926;555;2175;0;1259023607
-149.958546;3926;569;2225;0;1259129134
-149.856890;3923;573;2250;0;1259230790
-149.740042;3925;563;2200;0;1259347638
-149.631957;3931;498;1950;0;1259455723
-149.528101;3931;517;2025;0;1259559579
-149.307266;3930;533;2075;0;1259780414
-149.204634;3931;494;1925;0;1259883046
-149.103119;3932;507;1975;0;1259984561
-149.001793;3931;488;1900;0;1260085887
-148.873885;3921;605;2350;0;1260213795
-148.772010;3922;606;2375;0;1260315670
-148.670131;3930;501;1950;0;1260417549
-148.568350;3931;496;1950;0;1260519330
-148.445724;3930;518;2025;0;1260641956
-148.332282;3935;477;1875;0;1260755398
-148.123294;3930;513;2000;0;1260964386
-148.022261;3923;569;2225;0;1261065419
-147.920012;3926;558;2175;0;1261167668
-147.819262;3925;545;2125;0;1261268418
-147.708548;3932;498;1950;0;1261379132
-147.605303;3932;482;1875;0;1261482377
-147.503032;3935;477;1875;0;1261584648
-147.392619;3933;481;1875;0;1261695061
-147.281379;3928;537;2100;0;1261806301
-147.167901;3931;495;1925;0;1261919779
-147.066154;3930;493;1925;0;1262021526
-146.964020;3923;596;2325;0;1262123660
-146.861737;3925;560;2200;0;1262225943
-146.739061;3931;488;1900;0;1262348619
-146.637057;3931;505;1975;0;1262450623
-146.536226;3930;528;2075;0;1262551454
-146.199597;3933;459;1800;0;1262888083
-146.091726;3932;475;1850;0;1262995954
-145.989845;3931;491;1925;0;1263097835
-145.872531;3926;549;2150;0;1263215149
-145.771240;3918;618;2400;0;1263316440
-145.668779;3922;586;2300;0;1263418901
-145.567256;3931;499;1950;0;1263520424
-145.450330;3928;497;1950;0;1263637350
-145.343841;3927;522;2050;0;1263743839
-145.242244;3926;534;2100;0;1263845436
-145.141104;3927;557;2175;0;1263946576
-145.011030;3928;534;2100;0;1264076650
-144.907660;3927;519;1975;0;1264180020
-144.801870;3931;493;1925;0;1264285810
-144.699978;3931;494;1925;0;1264387702
-144.569833;3925;582;2275;0;1264517847
-144.467595;3923;567;2200;0;1264620085
-144.359161;3923;573;2250;0;1264728519
-144.253361;3931;492;1925;0;1264834319
-144.131332;3931;514;2000;0;1264956348
-144.028266;3930;498;1950;0;1265059414
-143.822471;3928;501;1950;0;1265265209
-143.700176;3931;488;1900;0;1265387504
-143.597225;3930;501;1950;0;1265490455
-143.490144;3932;477;1875;0;1265597536
-143.379961;3918;595;2325;0;1265707719
-143.246941;3930;505;1975;0;1265840739
-143.144755;3928;529;2075;0;1265942925
-143.043365;3928;539;2100;0;1266044315
-142.942227;3927;550;2150;0;1266145453
-142.819849;3928;511;2000;0;1266267831
-142.710589;3927;527;2050;0;1266377091
-142.607939;3928;532;2075;0;1266479741
-142.502560;3926;550;2150;0;1266585120
-142.389784;3928;515;2025;0;1266697896
-142.281703;3920;595;2325;0;1266805977
-142.175718;3927;520;2025;0;1266911962
-142.073030;3928;514;2000;0;1267014650
-141.972199;3930;511;2000;0;1267115481
-141.867778;3930;496;1950;0;1267219902
-141.766203;3931;507;1975;0;1267321477
-141.665087;3925;551;2150;0;1267422593
-141.562715;3931;496;1950;0;1267524965
-141.443012;3926;541;2125;0;1267644668
-141.342316;3922;588;2300;0;1267745364
-141.241358;3923;547;2125;0;1267846322
-141.139607;3926;551;2150;0;1267948073
-141.036397;3930;496;1925;0;1268051283
-140.932224;3927;522;2025;0;1268155456
-140.828920;3931;482;1875;0;1268258760
-140.600755;3931;495;1925;0;1268486925
-140.497425;3932;480;1875;0;1268590255
-140.389473;3933;462;1800;0;1268698207
-140.286039;3925;534;2075;0;1268801641
-140.180308;3918;598;2325;0;1268907372
-140.076508;3925;541;2100;0;1269011172
-139.975001;3918;618;2400;0;1269112679
-139.873389;3921;622;2425;0;1269214291
-139.770487;3921;573;2250;0;1269317193
-139.654699;3922;578;2250;0;1269432981
-139.550895;3930;487;1900;0;1269536785
-139.442462;3928;526;2050;0;1269645218
-139.338640;3927;510;2000;0;1269749040
-139.228674;3930;489;1900;0;1269859006
-139.124533;3930;513;2000;0;1269963147
-139.021784;3928;510;2000;0;1270065896
-138.916185;3926;541;2100;0;1270171495
-138.783320;3928;484;1900;0;1270304360
-138.680280;3916;614;2400;0;1270407400
-138.578670;3917;614;2400;0;1270509010
-138.476678;3922;555;2175;0;1270611002
-138.343174;3927;536;2100;0;1270744506
-138.241255;3927;522;2050;0;1270846425
-138.139552;3927;513;2000;0;1270948128
-138.038243;3928;497;1950;0;1271049437
-137.916990;3926;527;2050;0;1271170690
-137.801005;3927;515;2025;0;1271286675
-137.698146;3926;525;2050;0;1271389534
-137.471495;3928;515;2025;0;1271616185
-137.368695;3922;555;2175;0;1271718985
-137.264213;3931;492;1925;0;1271823467
-137.162296;3930;486;1900;0;1271925384
-137.046692;3925;545;2125;0;1272040988
-136.945339;3923;559;2175;0;1272142341
-136.842327;3925;556;2175;0;1272245353
-136.740715;3922;556;2175;0;1272346965
-136.609136;3917;602;2350;0;1272478544
-136.506654;3923;563;2200;0;1272581026
-136.400077;3931;478;1875;0;1272687603
-136.287907;3932;479;1875;0;1272799773
-136.175064;3927;527;2050;0;1272912616
-136.065195;3931;472;1850;0;1273022485
-135.964210;3928;491;1925;0;1273123470
-135.863303;3930;494;1925;0;1273224377
-135.761090;3930;491;1925;0;1273326590
-135.654544;3930;491;1925;0;1273433136
-135.552683;3931;478;1875;0;1273534997
-135.451091;3930;485;1900;0;1273636589
-135.349856;3918;628;2450;0;1273737824
-135.234667;3921;565;2200;0;1273853013
-135.132649;3928;514;2000;0;1273955031
-135.028118;3930;475;1850;0;1274059562
-134.821932;3927;498;1950;0;1274265748
-134.719644;3928;518;2025;0;1274368036
-134.618015;3926;503;1975;0;1274469665
-134.509285;3931;483;1875;0;1274578395
-134.386094;3923;560;2175;0;1274701586
-134.283589;3922;551;2150;0;1274804091
-134.182402;3926;516;2025;0;1274905278
-134.077268;3925;517;2025;0;1275010412
-133.951228;3930;495;1925;0;1275136452
-133.850034;3927;505;1975;0;1275237646
-133.748883;3926;532;2075;0;1275338797
-133.646228;3927;539;2100;0;1275441452
-133.524621;3927;511;2000;0;1275563059
-133.410822;3922;572;2225;0;1275676858
-133.301774;3905;758;2950;0;1275785906
-133.189318;3911;644;2500;0;1275898362
-133.077324;3912;715;2775;0;1276010356
-132.973729;3927;512;2000;0;1276113951
-132.871859;3926;527;2050;0;1276215821
-132.769707;3927;498;1950;0;1276317973
-132.666733;3928;494;1925;0;1276420947
-132.564518;3928;502;1975;0;1276523162
-132.457155;3926;519;2025;0;1276630525
-132.342026;3920;628;2450;0;1276745654
-132.240131;3926;514;2000;0;1276847549
-132.116439;3927;520;2025;0;1276971241
-131.899532;3931;481;1875;0;1277188148
-131.789694;3932;478;1875;0;1277297986
-131.649933;3930;469;1825;0;1277437747
-131.546545;3927;507;1975;0;1277541135
-131.442233;3926;527;2050;0;1277645447
-131.340044;3923;529;2075;0;1277747636
-131.237217;3928;492;1925;0;1277850463
-131.130817;3928;497;1950;0;1277956863
-131.029184;3927;506;1975;0;1278058496
-130.928177;3927;499;1950;0;1278159503
-130.827333;3920;570;2225;0;1278260347
-130.610751;3927;506;1975;0;1278476929
-130.505921;3927;526;2050;0;1278581759
-130.397293;3932;461;1800;0;1278690387
-130.296203;3928;503;1975;0;1278791477
-130.194005;3922;547;2125;0;1278893675
-130.092618;3927;499;1950;0;1278995062
-129.984686;3926;531;2075;0;1279102994
-129.881103;3925;550;2150;0;1279206577
-129.780282;3925;549;2150;0;1279307398
-129.679090;3926;505;1975;0;1279408590
-129.578107;3925;525;2050;0;1279509573
-129.476875;3925;521;2025;0;1279610805
-129.354669;3930;490;1925;0;1279733011
-129.251501;3918;609;2375;0;1279836179
-129.148808;3918;593;2325;0;1279938872
-129.046690;3923;549;2150;0;1280040990
-128.941389;3926;538;2100;0;1280146291
-128.829411;3917;570;2225;0;1280258269
-128.493544;3928;490;1925;0;1280594136
-128.157459;3923;536;2100;0;1280930221
-128.053727;3928;487;1900;0;1281033953
-127.851078;3926;484;1900;0;1281236602
-127.737314;3928;497;1950;0;1281350366
-127.627854;3928;479;1875;0;1281459826
-127.301511;3926;512;2000;0;1281786169
-127.192189;3922;576;2250;0;1281895491
-127.091063;3920;576;2250;0;1281996617
-126.990194;3927;497;1950;0;1282097486
-126.870735;3927;503;1975;0;1282216945
-126.769119;3908;671;2600;0;1282318561
-126.668292;3927;503;1975;0;1282419388
-126.566073;3927;485;1900;0;1282521607
-126.324271;3928;485;1900;0;1282763409
-126.222670;3926;506;1975;0;1282865010
-126.121232;3926;511;2000;0;1282966448
-126.006019;3918;606;2375;0;1283081661
-125.903759;3921;583;2275;0;1283183921
-125.800303;3921;573;2250;0;1283287377
-125.698975;3922;549;2100;0;1283388705
-125.564247;3927;518;2025;0;1283523433
-125.461412;3928;496;1950;0;1283626268
-125.357089;3925;534;2100;0;1283730591
-125.253077;3927;481;1875;0;1283834603
-125.150788;3922;543;2125;0;1283936892
-125.047632;3923;518;2025;0;1284040048
-124.936110;3927;494;1925;0;1284151570
-124.829659;3928;491;1950;0;1284258021
-124.707043;3913;687;2675;0;1284380637
-124.599423;3930;471;1875;0;1284488257
-124.496295;3927;484;1900;0;1284591385
-124.393882;3927;487;1900;0;1284693798
-124.291863;3928;496;1925;0;1284795817
-124.085522;3922;538;2100;0;1285002158
-123.982126;3918;583;2275;0;1285105554
-123.855251;3928;482;1875;0;1285232429
-123.750597;3928;489;1925;0;1285337083
-123.648505;3925;501;1950;0;1285439175
-123.545921;3922;514;2000;0;1285541759
-123.438927;3928;505;1975;0;1285648753
-123.334715;3926;495;1925;0;1285752965
-123.023287;3926;537;2100;0;1286064393
-122.818481;3926;500;2150;0;1286269199
-122.717386;3926;515;2025;0;1286370294
-122.616101;3925;499;1950;0;1286471579
-122.486490;3920;551;2150;0;1286601190
-122.384558;3927;504;1975;0;1286703122
-122.283121;3921;547;2125;0;1286804559
-122.179596;3922;550;2150;0;1286908084
-122.068135;3920;575;2250;0;1287019545
-121.966522;3926;502;1975;0;1287121158
-121.863246;3927;490;1925;0;1287224434
-121.762016;3926;489;1900;0;1287325664
-121.629742;3926;512;2000;0;1287457938
-121.528262;3925;505;1975;0;1287559418
-121.209357;3925;537;2100;0;1287878323
-121.104016;3923;531;2075;0;1287983664
-120.990952;3926;500;1950;0;1288096728
-120.785362;3928;484;1900;0;1288302318
-120.683955;3926;488;1900;0;1288403725
-120.582482;3925;532;2075;0;1288505198
-120.478993;3925;531;2075;0;1288608687
-120.365154;3927;488;1900;0;1288722526
-120.263831;3927;497;1950;0;1288823849
-120.161940;3922;543;2125;0;1288925740
-120.053695;3923;530;2075;0;1289033985
-119.938189;3921;564;2200;0;1289149491
-119.836565;3922;559;2175;0;1289251115
-119.735385;3925;513;2000;0;1289352295
-119.633259;3923;540;2100;0;1289454421
-119.527730;3926;505;1975;0;1289559950
-119.412267;3926;504;1975;0;1289675413
-119.310403;3923;524;2050;0;1289777277
-119.193048;3928;476;1850;0;1289894632
-119.062309;3927;500;1950;0;1290025371
-118.956225;3923;533;2075;0;1290131455
-118.853610;3920;545;2125;0;1290234070
-118.748914;3925;502;1950;0;1290338766
-118.624786;3925;522;2025;0;1290462894
-118.513639;3918;605;2350;0;1290574041
-118.402638;3925;522;2025;0;1290685042
-118.290526;3922;550;2150;0;1290797154
-118.132669;3926;498;1950;0;1290955011
-118.031101;3926;520;2025;0;1291056579
-117.922251;3927;491;1925;0;1291165429
-117.819906;3923;525;2050;0;1291267774
-117.715255;3925;505;1975;0;1291372425
-117.600618;3928;480;1875;0;1291487062
-117.497056;3926;523;2050;0;1291590624
-117.395501;3923;526;2050;0;1291692179
-117.271377;3925;535;2075;0;1291816303
-117.166393;3927;502;1950;0;1291921287
-117.062729;3925;519;2025;0;1292024951
-116.961248;3921;539;2100;0;1292126432
-116.843476;3923;532;2075;0;1292244204
-116.739496;3920;559;2175;0;1292348184
-116.627637;3923;542;2125;0;1292460043
-116.524378;3916;594;2325;0;1292563302
-116.394735;3925;495;1925;0;1292692945
-116.078853;3925;513;2000;0;1293008827
-115.957321;3925;492;1925;0;1293130359
-115.853603;3921;555;2175;0;1293234077
-115.749195;3923;494;1925;0;1293338485
-115.645830;3923;515;2000;0;1293441850
-115.528940;3918;559;2175;0;1293558740
-115.427278;3923;522;2025;0;1293660402
-115.223944;3923;506;1975;0;1293863736
-115.103651;3928;471;1850;0;1293984029
-114.998760;3927;473;1850;0;1294088920
-114.894562;3927;485;1900;0;1294193118
-114.793330;3927;474;1850;0;1294294350
-114.690375;3927;484;1900;0;1294397305
-114.584477;3923;500;1950;0;1294503203
-114.479898;3915;614;2400;0;1294607782
-114.364583;3923;504;2075;0;1294723097
-114.259708;3928;458;1800;0;1294827972
-114.129835;3926;487;1900;0;1294957845
-113.909707;3926;502;1950;0;1295177973
-113.804259;3925;507;1975;0;1295283421
-113.700906;3927;476;1850;0;1295386774
-113.599250;3907;699;2725;0;1295488430
-113.380836;3922;508;1975;0;1295706844
-113.278408;3921;520;2025;0;1295809272
-113.176847;3922;538;2100;0;1295910833
-113.072189;3917;581;2275;0;1296015491
-112.971158;3925;505;1975;0;1296116522
-112.868665;3920;569;2225;0;1296219015
-112.764658;3921;539;2100;0;1296323022
-112.663215;3918;561;2175;0;1296424465
-112.560839;3926;483;1875;0;1296526841
-112.330812;3925;517;2025;0;1296756868
-112.224879;3925;509;2000;0;1296862801
-112.019863;3923;523;2050;0;1297067817
-111.912256;3923;544;2125;0;1297175424
-111.808119;3917;615;2400;0;1297279561
-111.704453;3921;539;2100;0;1297383227
-111.601473;3927;491;1925;0;1297486207
-111.498015;3927;482;1875;0;1297589665
-111.394599;3903;698;2700;0;1297693081
-111.283471;3902;704;2750;0;1297804209
-111.178858;3911;646;2525;0;1297908822
-111.076587;3925;524;2050;0;1298011093
-110.973402;3921;542;2100;0;1298114278
-110.869044;3925;483;1875;0;1298218636
-110.767527;3921;533;2075;0;1298320153
-110.661690;3925;485;1900;0;1298425990
-110.548826;3923;477;1850;0;1298538854
-110.445869;3923;489;1900;0;1298641811
-110.329790;3925;491;1925;0;1298757890
-110.222266;3923;502;1950;0;1298865414
-109.999074;3925;495;1925;0;1299088606
-109.898324;3926;482;1875;0;1299189356
-109.797109;3917;588;2300;0;1299290571
-109.694816;3922;548;2150;0;1299392864
-109.592705;3923;505;1975;0;1299494975
-109.387228;3925;493;1925;0;1299700452
-109.284273;3923;518;2025;0;1299803407
-109.175232;3925;529;2075;0;1299912448
-109.074062;3921;543;2125;0;1300013618
-108.967136;3917;554;2150;0;1300120544
-108.864269;3926;491;1925;0;1300223411
-108.761366;3922;526;2050;0;1300326314
-108.657382;3922;534;2075;0;1300430298
-108.553445;3918;566;2200;0;1300534235
-108.451102;3923;506;1975;0;1300636578
-108.328507;3921;559;2175;0;1300759173
-108.216036;3922;501;1950;0;1300871644
-108.113734;3921;534;2075;0;1300973946
-108.010149;3922;528;2050;0;1301077531
-107.900140;3925;481;1875;0;1301187540
-107.783477;3923;517;2025;0;1301304203
-107.673401;3926;491;1925;0;1301414279
-107.571504;3925;495;1925;0;1301516176
-107.438247;3923;515;2025;0;1301649433
-107.223700;3920;534;2075;0;1301863980
-107.116261;3923;520;2025;0;1301971419
-107.015076;3921;547;2125;0;1302072604
-106.902835;3918;549;2150;0;1302184845
-106.800227;3925;496;1925;0;1302287453
-106.688784;3928;459;1800;0;1302398896
-106.578624;3921;517;2025;0;1302509056
-106.474430;3921;523;2050;0;1302613250
-106.371620;3923;536;2100;0;1302716060
-106.268343;3920;555;2125;0;1302819337
-106.161977;3920;554;2150;0;1302925703
-106.040673;3915;618;2400;0;1303047007
-105.938663;3922;522;2050;0;1303149017
-105.836006;3923;513;2000;0;1303251674
-105.729219;3925;504;1975;0;1303358461
-105.619121;3922;506;1975;0;1303468559
-105.517528;3922;550;2150;0;1303570152
-105.407377;3925;487;1900;0;1303680303
-105.300922;3923;502;1950;0;1303786758
-105.178502;3922;514;2000;0;1303909178
-105.074314;3921;541;2100;0;1304013366
-104.970112;3918;550;2150;0;1304117568
-104.867670;3921;556;2175;0;1304220010
-104.746821;3920;562;2200;0;1304340859
-104.644006;3906;707;2750;0;1304443674
-104.536902;3923;504;1975;0;1304550778
-104.423685;3925;505;1975;0;1304663995
-104.309570;3922;523;2050;0;1304778110
-104.207061;3920;533;2075;0;1304880619
-104.104141;3922;543;2125;0;1304983539
-103.988720;3926;474;1850;0;1305098960
-103.879393;3920;526;2050;0;1305208287
-103.772639;3921;533;2075;0;1305315041
-103.670503;3922;515;2025;0;1305417177
-103.434540;3922;506;1975;0;1305653140
-103.324181;3923;481;1875;0;1305763499
-103.121691;3922;509;2000;0;1305965989
-102.897784;3925;492;1925;0;1306189896
-102.794407;3926;481;1875;0;1306293273
-102.693424;3920;542;2125;0;1306394256
-102.577130;3911;618;2400;0;1306510550
-102.473290;3920;562;2200;0;1306614390
-102.370549;3923;495;1925;0;1306717131
-102.265965;3916;592;2300;0;1306821715
-102.153998;3926;488;1900;0;1306933682
-102.052245;3923;486;1900;0;1307035435
-101.945652;3920;540;2100;0;1307142028
-101.843761;3921;548;2150;0;1307243919
-101.723799;3922;503;1975;0;1307363881
-101.622097;3923;510;2000;0;1307465583
-101.517216;3921;484;1875;0;1307570464
-101.406210;3922;505;1975;0;1307681470
-101.271306;3918;556;2175;0;1307816374
-101.165880;3923;489;1900;0;1307921800
-101.064120;3925;501;1950;0;1308023560
-100.961966;3923;490;1900;0;1308125714
-100.860560;3923;491;1925;0;1308227120
-100.754743;3925;480;1925;0;1308332937
-100.648553;3922;504;1975;0;1308439127
-100.543126;3921;529;2075;0;1308544554
-100.441495;3920;540;2100;0;1308646185
-100.326576;3896;779;3025;0;1308761104
-100.223404;3917;571;2225;0;1308864276
-100.120959;3922;512;2000;0;1308966721
-99.918983;3918;516;2025;0;1309168697
-99.816330;3920;522;2025;0;1309271350
-99.709291;3920;525;2050;0;1309378389
-99.599933;3925;473;1850;0;1309487747
-99.471719;3921;502;1950;0;1309615961
-99.363942;3921;504;1975;0;1309723738
-99.150134;3917;573;2250;0;1309937546
-99.017324;3923;513;2000;0;1310070356
-98.812060;3922;507;1975;0;1310275620
-98.710994;3920;545;2125;0;1310376686
-98.602258;3925;475;1850;0;1310485422
-98.497570;3921;522;2025;0;1310590110
-98.389131;3917;592;2300;0;1310698549
-98.286372;3920;553;2150;0;1310801308
-98.184357;3923;500;1950;0;1310903323
-98.073630;3898;750;2925;0;1311014050
-97.971726;3922;518;2025;0;1311115954
-97.869274;3922;499;1950;0;1311218406
-97.766755;3923;501;1950;0;1311320925
-97.663975;3922;505;1975;0;1311423705
-97.559265;3925;495;1925;0;1311528415
-97.451606;3918;561;2175;0;1311636074
-97.349975;3913;581;2275;0;1311737705
-97.021106;3922;483;1875;0;1312066574
-96.914792;3921;501;1950;0;1312172888
-96.692347;3921;524;2050;0;1312395333
-96.588537;3922;504;1975;0;1312499143
-96.486089;3920;518;2025;0;1312601591
-96.367261;3923;502;1950;0;1312720419
-96.264095;3922;504;1975;0;1312823585
-96.157206;3926;471;1850;0;1312930474
-96.049390;3912;595;2325;0;1313038290
-95.929342;3925;488;1900;0;1313158338
-95.826865;3916;563;2200;0;1313260815
-95.725176;3922;503;1975;0;1313362504
-95.623256;3922;490;1900;0;1313464424
-95.513321;3923;546;2125;0;1313574359
-95.293408;3923;494;1925;0;1313794272
-95.191219;3921;502;1950;0;1313896461
-95.072124;3918;550;2150;0;1314015556
-94.968607;3913;599;2325;0;1314119073
-94.866279;3922;509;1975;0;1314221401
-94.763381;3922;493;1925;0;1314324299
-94.638548;3922;504;1975;0;1314449132
-94.531860;3923;475;1850;0;1314555820
-94.429385;3916;569;2225;0;1314658295
-94.327603;3923;491;1925;0;1314760077
-94.225031;3923;499;1950;0;1314862649
-94.121771;3922;495;1925;0;1314965909
-94.018729;3918;544;2125;0;1315068951
-93.916587;3915;572;2225;0;1315171093
-93.784297;3910;596;2325;0;1315303383
-93.679708;3918;552;2150;0;1315407972
-93.574044;3920;541;2100;0;1315513636
-93.470644;3921;515;2000;0;1315617036
-93.349845;3923;493;1925;0;1315737835
-93.244958;3920;540;2100;0;1315842722
-93.143941;3920;525;2050;0;1315943739
-93.042391;3912;591;2300;0;1316045289
-92.936569;3922;492;1925;0;1316151111
-92.834222;3922;491;1925;0;1316253458
-92.733219;3922;498;1950;0;1316354461
-92.632382;3921;496;1925;0;1316455298
-92.522827;3923;491;1925;0;1316564853
-92.421080;3922;492;1925;0;1316666600
-92.312269;3920;512;2000;0;1316775411
-92.208563;3920;531;2075;0;1316879117
-92.105964;3917;546;2125;0;1316981716
-91.999782;3916;554;2150;0;1317087898
-91.888839;3916;551;2150;0;1317198841
-91.786900;3918;534;2075;0;1317300780
-91.678983;3921;518;2025;0;1317408697
-91.563389;3915;547;2125;0;1317524291
-91.461603;3916;562;2200;0;1317626077
-91.248466;3918;497;1925;0;1317839214
-91.145490;3920;528;2075;0;1317942190
-91.030684;3925;478;1875;0;1318056996
-90.819375;3915;573;2250;0;1318268305
-90.716249;3922;506;1975;0;1318371431
-90.612821;3918;543;2125;0;1318474859
-90.507219;3921;505;1975;0;1318580461
-90.282402;3922;485;1900;0;1318805278
-90.176116;3920;537;2100;0;1318911564
-90.073099;3920;516;2025;0;1319014581
-89.947517;3918;528;2050;0;1319140163
-89.842663;3911;622;2425;0;1319245017
-89.733821;3916;574;2225;0;1319353859
-89.630025;3922;494;1925;0;1319457655
-89.420933;3922;490;1900;0;1319666747
-89.309552;3913;593;2500;0;1319778128
-89.200541;3923;487;1900;0;1319887139
-88.884698;3922;490;1900;0;1320202982
-88.780191;3911;613;2375;0;1320307489
-88.672395;3917;567;2225;0;1320415285
-88.570769;3917;559;2175;0;1320516911
-88.469323;3920;520;2025;0;1320618357
-88.362665;3922;497;1950;0;1320725015
-88.230615;3925;476;1850;0;1320857065
-88.127004;3923;476;1850;0;1320960676
-88.026237;3922;486;1900;0;1321061443
-87.924240;3921;499;1950;0;1321163440
-87.809090;3913;601;2350;0;1321278590
-87.701340;3917;565;2200;0;1321386340
-87.590195;3915;578;2250;0;1321497485
-87.480597;3913;553;2150;0;1321607083
-87.358396;3922;494;1925;0;1321729284
-87.250239;3906;675;2625;0;1321837441
-87.147059;3920;514;2000;0;1321940621
-87.046208;3920;524;2050;0;1322041472
-86.944733;3920;526;2050;0;1322142947
-86.843118;3918;540;2100;0;1322244562
-86.742322;3921;520;2025;0;1322345358
-86.641336;3921;509;1975;0;1322446344
-86.521868;3916;550;2150;0;1322565812
-86.413825;3921;513;2000;0;1322673855
-86.309791;3921;522;2000;0;1322777889
-86.207967;3920;526;2050;0;1322879713
-86.084554;3920;487;1900;0;1323003126
-85.977152;3920;500;1950;0;1323110528
-85.874920;3917;511;2000;0;1323212760
-85.773173;3916;528;2050;0;1323314507
-85.671976;3918;539;2100;0;1323415704
-85.455079;3918;537;2100;0;1323632601
-85.149711;3911;580;2250;0;1323937969
-85.048182;3922;511;2000;0;1324039498
-84.942248;3920;526;2050;0;1324145432
-84.838227;3921;502;1950;0;1324249453
-84.732089;3921;499;1950;0;1324355591
-84.627350;3922;481;1875;0;1324460330
-84.526251;3921;502;1950;0;1324561429
-84.293344;3918;519;2025;0;1324794336
-84.192337;3920;516;2025;0;1324895343
-84.088812;3921;498;1950;0;1324998868
-83.986364;3921;514;2000;0;1325101316
-83.859225;3921;498;1950;0;1325228455
-83.653464;3915;572;2225;0;1325434216
-83.549650;3915;566;2200;0;1325538030
-83.448112;3913;566;2200;0;1325639568
-83.347086;3918;513;2000;0;1325740594
-83.245242;3917;513;2000;0;1325842438
-83.136302;3922;496;1925;0;1325951378
-83.034671;3922;495;1925;0;1326053009
-82.818939;3920;498;1950;0;1326268741
-82.712856;3917;534;2075;0;1326374824
-82.611273;3918;508;1975;0;1326476407
-82.510256;3917;518;2025;0;1326577424
-82.288357;3917;537;2100;0;1326799323
-82.185863;3921;496;1925;0;1326901817
-82.082929;3921;506;1975;0;1327004751
-81.979205;3916;555;2175;0;1327108475
-81.876055;3917;530;2075;0;1327211625
-81.773559;3918;511;2000;0;1327314121
-81.672061;3920;509;1975;0;1327415619
-81.568939;3921;493;1925;0;1327518741
-81.465176;3917;542;2125;0;1327622504
-81.363579;3913;575;2250;0;1327724101
-81.260822;3921;488;1900;0;1327826858
-81.154372;3922;484;1875;0;1327933308
-81.053109;3922;486;1900;0;1328034571
-80.949644;3921;492;1925;0;1328138036
-80.841101;3910;614;2400;0;1328246579
-80.724257;3918;516;2025;0;1328363423
-80.419697;3920;505;1975;0;1328667983
-80.316192;3911;602;2350;0;1328771488
-80.208233;3915;603;2350;0;1328879447
-80.098342;3916;564;2200;0;1328989338
-79.993706;3921;516;2025;0;1329093974
-79.882391;3916;524;2050;0;1329205289
-79.780589;3910;600;2325;0;1329307091
-79.676816;3918;548;2150;0;1329410864
-79.450643;3923;498;1950;0;1329637037
-79.345796;3917;546;2125;0;1329741884
-79.242026;3918;509;1975;0;1329845654
-79.123129;3921;501;1950;0;1329964551
-79.022363;3920;492;1925;0;1330065317
-78.912820;3912;560;2175;0;1330174860
-78.805041;3912;602;2350;0;1330282639
-78.677003;3912;589;2300;0;1330410677
-78.574657;3915;549;2150;0;1330513023
-78.473070;3912;575;2225;0;1330614610
-78.367470;3920;507;1975;0;1330720210
-78.266059;3916;518;2025;0;1330821621
-78.164991;3921;498;1950;0;1330922689
-78.063347;3916;511;2000;0;1331024333
-77.962087;3917;545;2125;0;1331125593
-77.832264;3917;553;2150;0;1331255416
-77.726944;3920;496;1925;0;1331360736
-77.624862;3918;495;1925;0;1331462818
-77.521980;3922;496;1925;0;1331565700
-77.420440;3918;487;1900;0;1331667240
-77.216169;3917;517;2025;0;1331871511
-77.113868;3916;559;2175;0;1331973812
-77.009693;3915;566;2200;0;1332077987
-76.904169;3912;600;2325;0;1332183511
-76.798776;3918;490;1925;0;1332288904
-76.486072;3920;512;2000;0;1332601608
-76.385350;3918;504;1975;0;1332702330
-76.283837;3917;508;1975;0;1332803843
-76.180233;3917;517;2025;0;1332907447
-76.076784;3916;532;2075;0;1333010896
-75.975051;3915;542;2100;0;1333112629
-75.872553;3917;549;2150;0;1333215127
-75.768737;3915;555;2150;0;1333318943
-75.644634;3916;523;2025;0;1333443046
-75.532924;3921;484;1875;0;1333554756
-75.429178;3920;488;1900;0;1333658502
-75.324699;3921;490;1950;0;1333762981
-75.189538;3917;535;2075;0;1333898142
-75.081635;3917;516;2000;0;1334006045
-74.979763;3916;529;2075;0;1334107917
-74.874248;3915;532;2075;0;1334213432
-74.740112;3918;526;2050;0;1334347568
-74.639406;3915;547;2125;0;1334448274
-74.535657;3912;561;2175;0;1334552023
-74.423924;3922;474;1850;0;1334663756
-74.290987;3918;507;1975;0;1334796693
-74.078898;3916;544;2125;0;1335008782
-73.973144;3918;526;2050;0;1335114536
-73.842629;3915;527;2050;0;1335245051
-73.732504;3920;501;1950;0;1335355176
-73.630891;3918;527;2050;0;1335456789
-73.527846;3921;484;1875;0;1335559834
-73.425656;3920;495;1925;0;1335662024
-73.121293;3918;497;1925;0;1335966387
-73.019961;3920;499;1950;0;1336067719
-72.912251;3918;529;2050;0;1336175429
-72.798952;3921;481;1875;0;1336288728
-72.696607;3915;539;2100;0;1336391073
-72.475510;3902;665;2575;0;1336612170
-72.374143;3917;516;2025;0;1336713537
-72.270704;3920;509;1975;0;1336816976
-72.168744;3920;493;1925;0;1336918936
-72.064814;3920;495;1925;0;1337022866
-71.954137;3921;495;1925;0;1337133543
-71.848200;3922;474;1850;0;1337239480
-71.746685;3921;493;1925;0;1337340995
-71.644248;3918;510;1975;0;1337443432
-71.541134;3913;574;2250;0;1337546546
-71.017403;3918;484;1875;0;1338070277
-70.915272;3916;515;2000;0;1338172408
-70.813538;3916;525;2050;0;1338274142
-70.678441;3915;550;2150;0;1338409239
-70.569319;3915;556;2050;0;1338518361
-70.467658;3918;514;2000;0;1338620022
-70.364928;3918;505;1875;0;1338722752
-70.230559;3897;681;2650;0;1338857121
-69.920953;3918;484;1875;0;1339166727
-69.615634;3920;499;1950;0;1339472046
-69.513563;3913;529;2050;0;1339574117
-69.404775;3917;519;2025;0;1339682905
-69.289707;3920;478;1850;0;1339797973
-69.177331;3915;540;2100;0;1339910349
-69.072128;3917;539;2100;0;1340015552
-68.948743;3916;526;2050;0;1340138937
-68.847124;3911;565;2200;0;1340240556
-68.744621;3917;537;2100;0;1340343059
-68.641465;3912;569;2225;0;1340446215
-68.517179;3918;501;1950;0;1340570501
-68.406506;3915;552;2150;0;1340681174
-68.301912;3918;509;1975;0;1340785768
-68.196723;3918;503;1975;0;1340890957
-68.065361;3918;499;1950;0;1341022319
-67.962881;3912;560;2175;0;1341124799
-67.860600;3921;492;1925;0;1341227080
-67.754035;3920;491;1925;0;1341333645
-67.633558;3920;485;1875;0;1341454122
-67.531942;3916;535;2075;0;1341555738
-67.427104;3915;531;2075;0;1341660576
-67.322077;3918;531;2075;0;1341765603
-67.221232;3917;490;1900;0;1341866448
-67.119197;3918;506;1975;0;1341968483
-66.909538;3917;524;2050;0;1342178142
-66.808130;3918;515;2000;0;1342279550
-66.700286;3918;509;1925;0;1342387394
-66.594815;3915;524;2050;0;1342492865
-66.270343;3918;499;1950;0;1342817337
-66.152497;3920;471;1825;0;1342935183
-66.049619;3916;503;1950;0;1343038061
-65.942832;3907;577;2250;0;1343144848
-65.825717;3915;540;2100;0;1343261963
-65.720506;3920;479;1875;0;1343367174
-65.617219;3917;541;2100;0;1343470461
-65.511547;3915;542;2100;0;1343576133
-65.375286;3916;537;2100;0;1343712394
-65.273724;3916;523;2025;0;1343813956
-65.171751;3918;513;2000;0;1343915929
-65.070018;3918;499;1950;0;1344017662
-64.944811;3918;516;2050;0;1344142869
-64.832143;3916;527;2050;0;1344255537
-64.620357;3920;466;1825;0;1344467323
-64.495400;3916;507;1975;0;1344592280
-64.393309;3918;514;2000;0;1344694371
-64.291619;3917;509;1975;0;1344796061
-64.190359;3918;514;2000;0;1344897321
-64.075477;3916;528;2000;0;1345012203
-63.971927;3920;504;1975;0;1345115753
-63.870906;3915;552;1975;0;1345216774
-63.769339;3911;573;2225;0;1345318341
-63.554053;3918;486;1900;0;1345533627
-63.452430;3917;509;1975;0;1345635250
-63.351082;3917;506;2125;0;1345736598
-63.248988;3917;516;2000;0;1345838692
-63.140324;3915;545;2125;0;1345947356
-63.039010;3917;517;2025;0;1346048670
-62.937260;3920;492;1925;0;1346150420
-62.836045;3912;555;2150;0;1346251635
-62.734239;3917;497;1925;0;1346353441
-62.623601;3920;486;1900;0;1346464079
-62.522058;3918;500;1950;0;1346565622
-62.417957;3916;549;2150;0;1346669723
-62.312257;3918;495;1925;0;1346775423
-62.209471;3918;516;2025;0;1346878209
-62.102784;3920;487;1900;0;1346984896
-61.994790;3920;477;1875;0;1347092890
-61.893015;3918;496;1925;0;1347194665
-61.788357;3916;527;2050;0;1347299323
-61.684746;3916;543;2125;0;1347402934
-61.578339;3920;546;2125;0;1347509341
-61.469179;3908;581;2250;0;1347618501
-61.366398;3917;523;2025;0;1347721282
-61.264445;3913;516;2000;0;1347823235
-61.162679;3917;513;2000;0;1347925001
-61.040158;3918;494;1925;0;1348047522
-60.929963;3918;490;1900;0;1348157717
-60.828539;3920;475;1925;0;1348259141
-60.727144;3918;473;1850;0;1348360536
-60.615494;3916;512;2250;0;1348472186
-60.510057;3915;528;2050;0;1348577623
-60.406574;3917;509;1975;0;1348681106
-60.305158;3918;497;1950;0;1348782522
-60.200312;3920;473;1850;0;1348887368
-60.094785;3918;485;1900;0;1348992895
-59.989770;3920;483;1875;0;1349097910
-59.888415;3918;485;1900;0;1349199265
-59.786457;3920;496;1925;0;1349301223
-59.683564;3917;513;2000;0;1349404116
-59.582085;3911;586;2275;0;1349505595
-59.478255;3913;546;2125;0;1349609425
-59.374807;3906;628;2450;0;1349712873
-59.273228;3913;535;2075;0;1349814452
-59.171891;3915;525;2050;0;1349915789
-59.070341;3916;514;2000;0;1350017339
-58.969129;3915;509;1975;0;1350118551
-58.865741;3918;506;1975;0;1350221939
-58.657064;3915;550;2150;0;1350430616
-58.552606;3916;534;2075;0;1350535074
-58.446915;3913;566;2200;0;1350640765
-58.224083;3917;490;1900;0;1350863597
-58.007855;3913;546;1900;0;1351079825
-57.892238;3921;460;1800;0;1351195442
-57.686291;3920;480;1875;0;1351401389
-57.560932;3916;511;2000;0;1351526748
-57.352799;3898;688;2675;0;1351734881
-57.244739;3916;538;2100;0;1351842941
-57.122891;3918;491;1925;0;1351964789
-57.021363;3917;502;1950;0;1352066317
-56.912771;3917;493;1925;0;1352174909
-56.807925;3916;494;1925;0;1352279755
-56.701886;3920;464;1800;0;1352385794
-56.593430;3916;498;1950;0;1352494250
-56.391365;3917;501;1950;0;1352696315
-56.281806;3918;495;1925;0;1352805874
-56.179696;3915;526;2050;0;1352907984
-56.077205;3912;534;2075;0;1353010475
-55.975780;3912;552;2150;0;1353111900
-55.873477;3916;539;2100;0;1353214203
-55.771320;3916;522;2025;0;1353316360
-55.669761;3915;521;2025;0;1353417919
-55.564682;3917;512;2000;0;1353522998
-55.457733;3912;550;2150;0;1353629947
-55.329679;3911;545;2125;0;1353758001
-55.224938;3920;476;1850;0;1353862742
-55.120957;3913;531;2075;0;1353966723
-55.011025;3915;514;2000;0;1354076655
-54.800256;3916;496;1925;0;1354287424
-54.699075;3917;497;1925;0;1354388605
-54.598095;3916;494;1925;0;1354489585
-54.467877;3911;555;2150;0;1354619803
-54.366147;3916;510;1975;0;1354721533
-54.264406;3916;498;1950;0;1354823274
-54.161885;3917;518;2025;0;1354925795
-54.039973;3915;534;2075;0;1355047707
-53.932477;3917;478;1850;0;1355155203
-53.828775;3918;495;1925;0;1355258905
-53.597325;3913;518;2025;0;1355490355
-53.381749;3920;491;1925;0;1355705931
-53.265633;3907;584;2275;0;1355822047
-53.150275;3915;502;1950;0;1355937405
-53.049142;3916;513;2000;0;1356038538
-52.948231;3915;491;1925;0;1356139449
-52.847060;3912;531;2075;0;1356240620
-52.624797;3918;474;1850;0;1356462883
-52.422350;3916;502;1950;0;1356665330
-52.320966;3918;502;1950;0;1356766714
-52.218255;3916;487;1900;0;1356869425
-52.002098;3918;485;1900;0;1357085582
-51.899377;3917;481;1875;0;1357188303
-51.795545;3917;495;1925;0;1357292135
-51.579523;3913;536;2100;0;1357508157
-51.476195;3907;610;2375;0;1357611485
-51.370835;3913;539;2100;0;1357716845
-51.268231;3913;531;2075;0;1357819449
-51.167126;3908;582;2275;0;1357920554
-51.066289;3915;521;2025;0;1358021391
-50.960751;3916;498;1950;0;1358126929
-50.858170;3916;515;2000;0;1358229510
-50.648377;3915;524;2050;0;1358439303
-50.521802;3911;542;2100;0;1358565878
-50.406192;3913;506;1975;0;1358681488
-50.299992;3918;470;1825;0;1358787688
-50.196498;3917;484;1875;0;1358891182
-50.094943;3916;489;1900;0;1358992737
-49.993294;3917;491;1925;0;1359094386
-49.888157;3920;478;1875;0;1359199523
-49.777212;3915;511;2000;0;1359310468
-49.673353;3912;530;2075;0;1359414327
-49.567666;3913;507;1975;0;1359520014
-49.466164;3911;554;2150;0;1359621516
-49.365211;3913;515;2000;0;1359722469
-49.262186;3916;513;2000;0;1359825494
-49.150125;3896;716;2775;0;1359937555
-49.049379;3913;543;2100;0;1360038301
-48.943522;3915;550;2150;0;1360144158
-48.822936;3915;498;1925;0;1360264744
-48.719560;3917;486;1900;0;1360368120
-48.602623;3918;470;1825;0;1360485057
-48.367507;3906;579;2250;0;1360720173
-48.266295;3912;566;2200;0;1360821385
-48.164760;3913;527;2075;0;1360922920
-47.821169;3920;468;1825;0;1361266511
-47.711824;3915;527;2050;0;1361375856
-47.606473;3915;497;1925;0;1361481207
-47.478475;3907;582;2275;0;1361609205
-47.373930;3912;541;2100;0;1361713750
-47.271954;3913;529;2075;0;1361815726
-47.169514;3913;533;2075;0;1361918166
-47.057195;3908;566;2200;0;1362030485
-46.947841;3916;497;1925;0;1362139839
-46.842954;3915;515;2000;0;1362244726
-46.739858;3917;494;1925;0;1362347822
-46.635943;3918;486;1900;0;1362451737
-46.530497;3918;475;1850;0;1362557183
-46.319545;3912;523;2025;0;1362768135
-46.211141;3913;536;2100;0;1362876539
-46.109235;3916;522;2025;0;1362978445
-46.007673;3915;497;1925;0;1363080007
-45.904733;3916;514;2000;0;1363182947
-45.798496;3916;488;1900;0;1363289184
-45.695885;3917;481;1875;0;1363391795
-45.594101;3916;496;1925;0;1363493579
-45.492376;3913;533;2075;0;1363595304
-45.368347;3915;512;2000;0;1363719333
-45.266566;3915;503;1950;0;1363821114
-45.165266;3915;528;2050;0;1363922414
-45.063700;3915;511;2000;0;1364023980
-44.942033;3915;511;2000;0;1364145647
-44.841185;3905;589;2300;0;1364246495
-44.736576;3917;476;1850;0;1364351104
-44.622283;3918;471;1825;0;1364465397
-44.517984;3913;518;2025;0;1364569696
-44.411029;3915;516;2000;0;1364676651
-44.307969;3915;504;1975;0;1364779711
-44.204400;3915;496;1925;0;1364883280
-44.103068;3916;500;1950;0;1364984612
-43.998780;3917;486;1900;0;1365088900
-43.889513;3920;471;1825;0;1365198167
-43.787322;3916;489;1900;0;1365300358
-43.565711;3913;515;2000;0;1365521969
-43.458285;3911;546;2125;0;1365629395
-43.354981;3910;553;2150;0;1365732699
-43.252384;3910;564;2200;0;1365835296
-43.129907;3916;489;1900;0;1365957773
-42.924094;3918;457;1775;0;1366163586
-42.816072;3901;595;2300;0;1366271608
-42.713996;3913;518;2025;0;1366373684
-42.602259;3916;494;1925;0;1366485421
-42.501164;3915;490;1900;0;1366586516
-42.400270;3915;500;1950;0;1366687410
-42.285291;3917;491;1925;0;1366802389
-42.082802;3917;488;1900;0;1367004878
-41.858748;3913;511;1975;0;1367228932
-41.757173;3915;511;1975;0;1367330507
-41.542259;3918;475;1850;0;1367545421
-41.412709;3912;543;2100;0;1367674971
-41.308230;3913;522;2025;0;1367779450
-41.204852;3911;530;2050;0;1367882828
-41.102908;3916;490;1900;0;1367984772
-40.995720;3913;517;2025;0;1368091960
-40.893690;3915;495;1925;0;1368193990
-40.677554;3913;530;2075;0;1368410126
-40.569908;3913;501;1950;0;1368517772
-40.467992;3913;519;2025;0;1368619688
-40.364880;3913;501;1950;0;1368722800
-40.262689;3915;513;2000;0;1368824991
-40.158557;3915;493;1925;0;1368929123
-40.037337;3913;519;2025;0;1369050343
-39.926982;3918;463;1800;0;1369160698
-39.816437;3913;530;2075;0;1369271243
-39.685781;3915;501;1950;0;1369401899
-39.584262;3917;477;1850;0;1369503418
-39.380614;3916;479;1875;0;1369707066
-39.277499;3913;523;2025;0;1369810181
-39.175404;3912;541;2100;0;1369912276
-39.072112;3910;561;2175;0;1370015568
-38.970247;3912;550;2150;0;1370117433
-38.869118;3911;520;2025;0;1370218562
-38.767859;3908;567;2200;0;1370319821
-38.657588;3910;552;2150;0;1370430092
-38.549103;3912;514;2000;0;1370538577
-38.439720;3916;492;1925;0;1370647960
-38.334265;3912;501;1950;0;1370753415
-38.010802;3915;498;1950;0;1371076878
-37.900059;3913;527;2050;0;1371187621
-37.794109;3912;516;2000;0;1371293571
-37.582771;3918;468;1825;0;1371504909
-37.479463;3913;514;2000;0;1371608217
-37.377305;3912;538;2100;0;1371710375
-37.265855;3916;482;1875;0;1371821825
-37.157392;3915;488;1900;0;1371930288
-37.044296;3911;499;1950;0;1372043384
-36.932292;3916;464;1800;0;1372155388
-36.827613;3912;514;2000;0;1372260067
-36.723930;3916;486;1900;0;1372363750
-36.621982;3907;554;2150;0;1372465698
-36.517906;3915;505;1975;0;1372569774
-36.411052;3915;513;2000;0;1372676628
-36.308847;3913;483;1875;0;1372778833
-36.202390;3916;482;1875;0;1372885290
-36.101083;3915;491;1925;0;1372986597
-36.000280;3915;492;1925;0;1373087400
-35.887860;3917;461;1800;0;1373199820
-35.762919;3910;536;2075;0;1373324761
-35.660702;3913;509;1975;0;1373426978
-35.355222;3912;499;1950;0;1373732458
-35.245465;3915;478;1875;0;1373842215
-35.138533;3915;498;1950;0;1373949147
-35.030274;3916;485;1900;0;1374057406
-34.924756;3913;481;1875;0;1374162924
-34.822480;3911;538;2100;0;1374265200
-34.611273;3912;519;2025;0;1374476407
-34.509215;3913;524;2050;0;1374578465
-34.385062;3902;593;2300;0;1374702618
-34.282972;3915;490;1900;0;1374804708
-34.182155;3916;492;1925;0;1374905525
-34.079487;3913;505;1975;0;1375008193
-33.977428;3912;534;2075;0;1375110252
-33.876217;3911;538;2100;0;1375211463
-33.775176;3903;607;2350;0;1375312504
-33.673809;3911;531;2075;0;1375413871
-33.569507;3907;579;2250;0;1375518173
-33.467150;3911;521;2025;0;1375620530
-33.365036;3913;520;2025;0;1375722644
-33.261106;3913;505;1975;0;1375826574
-33.126956;3912;516;2000;0;1375960724
-32.917560;3911;500;1950;0;1376170120
-32.815984;3910;564;2200;0;1376271696
-32.697118;3913;489;1900;0;1376390562
-32.592560;3913;495;1925;0;1376495120
-32.383964;3912;513;2000;0;1376703716
-32.247480;3911;496;1925;0;1376840200
-32.138020;3908;560;2175;0;1376949660
-32.032693;3915;486;1900;0;1377054987
-31.922686;3916;469;1825;0;1377164994
-31.798320;3908;549;2150;0;1377289360
-31.687391;3917;474;1850;0;1377400289
-31.580081;3906;562;2175;0;1377507599
-31.475911;3910;549;2150;0;1377611769
-31.369141;3907;549;2125;0;1377718539
-31.261231;3913;504;1975;0;1377826449
-31.158105;3912;523;2025;0;1377929575
-31.054473;3913;487;1900;0;1378033207
-30.951448;3911;530;2075;0;1378136232
-30.850020;3907;558;2175;0;1378237660
-30.744433;3911;541;2100;0;1378343247
-30.643080;3911;516;2025;0;1378444600
-30.539477;3913;493;1925;0;1378548203
-30.421463;3915;479;1950;0;1378666217
-30.318929;3912;524;2050;0;1378768751
-30.213128;3912;518;2025;0;1378874552
-30.107054;3891;742;2875;0;1378980626
-30.005529;3908;538;2100;0;1379082151
-29.899285;3910;545;2125;0;1379188395
-29.788115;3915;479;1875;0;1379299565
-29.687260;3913;493;1925;0;1379400420
-29.562675;3913;500;1950;0;1379525005
-29.347046;3910;528;2050;0;1379740634
-29.231327;3915;477;1850;0;1379856353
-29.107780;3913;505;1975;0;1379979900
-29.003193;3913;496;1925;0;1380084487
-28.898212;3911;520;2025;0;1380189468
-28.795899;3915;489;1900;0;1380291781
-28.658268;3911;514;2000;0;1380429412
-28.455382;3912;499;1950;0;1380632298
-28.349714;3911;543;2125;0;1380737966
-28.226911;3912;500;1950;0;1380860769
-28.122232;3912;493;1925;0;1380965448
-28.020665;3907;560;2175;0;1381067015
-27.919345;3912;493;1925;0;1381168335
-27.812325;3906;563;2200;0;1381275355
-27.702147;3915;481;1875;0;1381385533
-27.597129;3915;477;1850;0;1381490551
-27.487026;3915;479;1875;0;1381600654
-27.378874;3913;557;2175;0;1381708806
-27.275554;3906;563;2200;0;1381812126
-27.171692;3912;522;2025;0;1381915988
-27.065141;3908;543;2100;0;1382022539
-26.947847;3912;502;1950;0;1382139833
-26.843260;3911;545;2125;0;1382244420
-26.742329;3908;578;2250;0;1382345351
-26.638555;3911;545;2125;0;1382449125
-26.514897;3911;505;1975;0;1382572783
-26.408992;3912;489;1900;0;1382678688
-25.985238;3908;536;2075;0;1383102442
-25.883956;3913;497;1925;0;1383203724
-25.681312;3908;522;2025;0;1383406368
-25.578223;3908;522;2025;0;1383509457
-25.472946;3910;546;2125;0;1383614734
-25.369872;3910;541;2100;0;1383717808
-25.239152;3915;489;1900;0;1383848528
-25.138095;3908;566;2200;0;1383949585
-25.032313;3915;481;1875;0;1384055367
-24.911902;3910;514;2000;0;1384175778
-24.808295;3903;591;2300;0;1384279385
-24.705992;3913;510;1975;0;1384381688
-24.599616;3915;474;1850;0;1384488064
-24.495690;3913;479;1850;0;1384591990
-24.365479;3913;489;2000;0;1384722201
-24.260137;3912;513;1950;0;1384827543
-24.157284;3912;514;2000;0;1384930396
-23.942411;3892;712;2750;0;1385145269
-23.831011;3917;456;1775;0;1385256669
-23.728638;3911;534;2075;0;1385359042
-23.619106;3913;469;1825;0;1385468574
-23.409355;3910;506;1975;0;1385678325
-23.304274;3913;493;1925;0;1385783406
-23.201159;3913;487;1900;0;1385886521
-23.088742;3913;485;1900;0;1385998938
-22.578913;3907;541;2100;0;1386508767
-22.474394;3910;553;2150;0;1386613286
-22.370713;3910;529;2050;0;1386716967
-22.268337;3911;527;2050;0;1386819343
-22.166126;3911;514;2000;0;1386921554
-22.064990;3912;511;2000;0;1387022690
-21.964052;3911;505;1975;0;1387123628
-21.863116;3907;557;2175;0;1387224564
-21.761062;3912;510;1975;0;1387326618
-21.549163;3908;528;2050;0;1387538517
-21.444165;3908;529;2050;0;1387643515
-21.221302;3916;478;1850;0;1387866378
-21.119002;3911;491;1900;0;1387968678
-21.012263;3912;508;1975;0;1388075417
-20.911011;3911;510;1975;0;1388176669
-20.807120;3910;532;2075;0;1388280560
-20.699100;3913;488;1900;0;1388388580
-20.586913;3915;481;1825;0;1388500767
-20.454833;3911;490;1900;0;1388632847
-20.350809;3912;501;1950;0;1388736871
-20.249233;3913;502;1950;0;1388838447
-20.141134;3911;515;2000;0;1388946546
-20.021333;3912;497;1925;0;1389066347
-19.919876;3913;477;1850;0;1389167804
-19.801896;3905;599;2325;0;1389285784
-19.695815;3908;520;2025;0;1389391865
-19.588001;3908;530;2050;0;1389499679
-19.483861;3913;480;1875;0;1389603819
-19.379569;3911;513;2000;0;1389708111
-19.272839;3910;526;2050;0;1389814841
-19.168543;3910;522;2025;0;1389919137
-19.067083;3911;518;2025;0;1390020597
-18.966382;3911;508;1975;0;1390121298
-18.865393;3908;518;2025;0;1390222287
-18.757889;3906;557;2175;0;1390329791
-18.649344;3911;521;2025;0;1390438336
-18.544582;3911;531;2075;0;1390543098
-18.443386;3906;558;2175;0;1390644294
-18.119274;3912;496;1925;0;1390968406
-18.007794;3910;529;2050;0;1391079886
-17.896568;3915;478;1850;0;1391191112
-17.791257;3912;505;1975;0;1391296423
-17.683632;3913;479;1875;0;1391404048
-17.580161;3911;477;1850;0;1391507519
-17.478521;3903;553;2150;0;1391609159
-17.375131;3901;582;2250;0;1391712549
-17.271642;3907;521;2025;0;1391816038
-17.164549;3912;506;1975;0;1391923131
-17.040975;3908;519;2025;0;1392046705
-16.927748;;476;1850;0;1392159932
-16.723155;3912;489;1900;0;1392364525
-16.621855;3910;534;2075;0;1392465825
-16.500304;3908;542;2100;0;1392587376
-16.398829;3907;530;2075;0;1392688851
-16.294936;3913;480;1875;0;1392792744
-16.190734;3912;485;1875;0;1392896946
-16.089044;3912;485;1875;0;1392998636
-15.988315;3911;497;1925;0;1393099365
-15.886942;3912;491;1900;0;1393200738
-15.784900;3912;495;1925;0;1393302780
-15.681116;3911;482;1875;0;1393406564
-15.580297;3908;536;2075;0;1393507383
-15.359475;3902;602;2350;0;1393728205
-15.250365;3908;529;2050;0;1393837315
-15.147453;3908;526;2050;0;1393940227
-15.046222;3906;542;2100;0;1394041458
-14.938879;3908;534;2075;0;1394148801
-14.837142;3911;516;2000;0;1394250538
-14.735524;3911;505;1975;0;1394352156
-14.633602;3912;492;1925;0;1394454078
-14.218496;3911;502;1950;0;1394869184
-14.114841;3908;518;2025;0;1394972839
-13.994859;3913;488;1900;0;1395092821
-13.890705;3912;485;1875;0;1395196975
-13.789146;3912;500;1950;0;1395298534
-13.682697;3908;516;2000;0;1395404983
-13.548573;3907;540;2100;0;1395539107
-13.444353;3907;543;2100;0;1395643327
-13.227408;3912;491;1900;0;1395860272
-13.125685;3911;499;1950;0;1395961995
-12.918509;3912;478;1850;0;1396169171
-12.817083;3911;500;1950;0;1396270597
-12.586442;3913;479;1875;0;1396501238
-12.482170;3907;567;2200;0;1396605510
-12.379575;3906;553;2150;0;1396708105
-12.254748;3910;508;1975;0;1396832932
-12.149056;3908;532;2075;0;1396938624
-12.045328;3906;532;2075;0;1397042352
-11.942505;3908;528;2050;0;1397145175
-11.825288;3911;501;1950;0;1397262392
-11.719722;3913;467;1825;0;1397367958
-11.602211;3915;464;1800;0;1397485469
-11.497617;3911;489;1900;0;1397590063
-11.393535;3912;487;1900;0;1397694145
-11.281006;3900;610;2375;0;1397806674
-11.180268;3911;476;1850;0;1397907412
-11.078707;3907;502;1950;0;1398008973
-10.954162;3910;514;2000;0;1398133518
-10.840845;3911;525;2050;0;1398246835
-10.732263;3915;470;1825;0;1398355417
-10.628921;3913;457;1775;0;1398458759
-10.525266;3912;475;1850;0;1398562414
-10.321006;3905;542;2100;0;1398766674
-10.216251;3906;533;2075;0;1398871429
-10.115204;3911;498;1925;0;1398972476
-10.008963;3911;518;2025;0;1399078717
-9.899789;3912;472;1825;0;1399187891
-9.798230;3910;487;1900;0;1399289450
-9.694432;3911;489;1900;0;1399393248
-9.492165;3913;478;1850;0;1399595515
-9.391309;3912;485;1875;0;1399696371
-9.290233;3908;531;2075;0;1399797447
-9.182281;3901;594;2300;0;1399905399
-9.079600;3906;547;2125;0;1400008080
-8.974467;3906;548;2125;0;1400113213
-8.872278;3907;556;2150;0;1400215402
-8.770508;3907;526;2050;0;1400317172
-8.667576;3910;526;2050;0;1400420104
-8.565740;3903;558;2175;0;1400521940
-8.464201;3910;514;2000;0;1400623479
-8.252339;3908;505;1975;0;1400835341
-8.145647;3907;504;1950;0;1400942033
-8.044135;3907;535;2075;0;1401043545
-7.937260;3910;502;1950;0;1401150420
-7.832767;3911;483;1875;0;1401254913
-7.730214;3911;493;1925;0;1401357466
-7.621620;3910;499;1950;0;1401466060
-7.518361;3910;494;1925;0;1401569319
-7.410943;3902;592;2300;0;1401676737
-7.308915;3910;515;2000;0;1401778765
-7.203380;3908;509;1975;0;1401884300
-7.102325;3911;494;1925;0;1401985355
-6.995852;3907;495;1925;0;1402091828
-6.886319;3911;478;1875;0;1402201361
-6.780559;3906;538;2100;0;1402307121
-6.659821;3911;501;1950;0;1402427859
-6.455264;3910;514;2000;0;1402632416
-6.352210;3905;567;2200;0;1402735470
-6.249501;3908;512;2000;0;1402838179
-6.115795;3906;523;2025;0;1402971885
-6.013973;3910;536;2075;0;1403073707
-5.913223;3910;478;1850;0;1403174457
-5.809890;3907;513;2000;0;1403277790
-5.706415;3911;487;1900;0;1403381265
-5.601156;3908;500;1950;0;1403486524
-5.499564;3911;487;1900;0;1403588116
-5.397071;3905;544;2125;0;1403690609
-5.291382;3911;491;1900;0;1403796298
-5.171975;3906;535;2075;0;1403915705
-5.070069;3907;540;2100;0;1404017611
-4.965014;3910;507;1975;0;1404122666
-4.857424;3902;564;2200;0;1404230256
-4.744475;3907;521;2250;0;1404343205
-4.641389;3908;506;1975;0;1404446291
-4.533116;3912;488;1900;0;1404554564
-4.426324;3910;489;1900;0;1404661356
-4.218447;3908;506;1975;0;1404869233
-4.115935;3910;502;1950;0;1404971745
-4.006645;3910;515;2000;0;1405081035
-3.882492;3907;543;2100;0;1405205188
-3.781127;3911;547;2125;0;1405306553
-3.680099;3911;489;1900;0;1405407581
-3.576023;3906;543;2100;0;1405511657
-3.473835;3903;565;2200;0;1405613845
-3.371062;3902;559;2175;0;1405716618
-3.269626;3908;518;2025;0;1405818054
-3.168104;3906;536;2075;0;1405919576
-3.067180;3907;535;2075;0;1406020500
-2.966144;3910;515;2000;0;1406121536
-2.653457;3908;511;1975;0;1406434223
-2.547910;3910;512;2000;0;1406539770
-2.446078;3902;576;2250;0;1406641602
-2.345276;3906;533;2075;0;1406742404
-2.241970;3906;529;2050;0;1406845710
-2.135096;3910;487;1900;0;1406952584
-2.026410;3911;481;1875;0;1407061270
-1.925178;3910;488;1900;0;1407162502
-1.822845;3912;477;1850;0;1407264835
-1.614075;3907;537;2100;0;1407473605
-1.499475;3911;485;1875;0;1407588205
-1.395282;3907;522;2150;0;1407692398
-1.294260;3908;502;1950;0;1407793420
-1.193365;3906;535;2075;0;1407894315
-1.080956;3911;474;1850;0;1408006724
-0.977964;3908;512;2000;0;1408109716
-0.875501;3907;535;2075;0;1408212179
-0.772117;3900;603;2350;0;1408315563
-0.668819;3905;575;2225;0;1408418861
-0.565509;3903;558;2175;0;1408522171
-0.458754;3907;544;2100;0;1408628926
-0.355231;3905;562;2175;0;1408732449
-0.250393;3906;511;1975;0;1408837287
-0.144285;3907;523;2025;0;1408943395
-0.025533;3911;480;1875;0;1409062147
0.178843;3911;488;1900;0;1409266523
0.281378;3907;520;2025;0;1409369058
0.387036;3902;548;2125;0;1409474716
0.490650;3903;566;2200;0;1409578330
0.602603;3911;490;1900;0;1409690283
0.706478;3903;543;2100;0;1409794158
0.808121;3907;533;2075;0;1409895801
0.910410;3907;510;1975;0;1409998090
1.016412;3908;511;1975;0;1410104092
1.119904;3905;561;2175;0;1410207584
1.227544;3893;695;2700;0;1410315224
1.332762;3907;521;2025;0;1410420442
1.435352;3903;564;2200;0;1410523032
1.552360;3907;524;2025;0;1410640040
1.656000;3907;572;2225;0;1410743680
1.758640;3906;539;2100;0;1410846320
1.861994;3906;519;2025;0;1410949674
2.184395;3902;613;2375;0;1411272075
2.285918;3908;519;2025;0;1411373598
2.392625;3903;563;2175;0;1411480305
2.499724;3903;545;2125;0;1411587404
2.606570;3907;495;1925;0;1411694250
2.709183;3907;529;2050;0;1411796863
2.918992;3901;569;2200;0;1412006672
3.024897;3900;566;2200;0;1412112577
3.128490;3902;565;2200;0;1412216170
3.231344;3900;596;2325;0;1412319024
3.333435;3901;586;2275;0;1412421115
3.437245;3906;519;2025;0;1412524925
3.542918;3898;586;2275;0;1412630598
3.645129;3898;595;2300;0;1412732809
3.751798;3903;552;2150;0;1412839478
3.865616;3907;507;1975;0;1412953296
3.967708;3907;504;1950;0;1413055388
4.068801;3907;520;2025;0;1413156481
4.173220;3907;501;1950;0;1413260900
4.382679;3907;510;2100;0;1413470359
4.485399;3895;667;2575;0;1413573079
4.588461;3902;576;2250;0;1413676141
4.689886;3900;618;2400;0;1413777566
4.794387;3908;513;2000;0;1413882067
4.897744;3898;596;2325;0;1413985424
5.004919;3908;510;1975;0;1414092599
5.212559;3907;519;2025;0;1414300239
5.416768;3905;518;2025;0;1414504448
5.518087;3902;572;2225;0;1414605767
5.622638;3905;559;2175;0;1414710318
5.723938;3902;565;2200;0;1414811618
5.830096;3901;600;2325;0;1414917776
5.979884;3898;585;2275;0;1415067564
6.083855;3901;576;2250;0;1415171535
6.187230;3886;689;2675;0;1415274910
6.288859;3888;696;2700;0;1415376539
6.392758;3896;619;2400;0;1415480438
