66228580;0.0;0.0;0;0;2550
67195215;0.0;0.0;0;0;2550
68192321;0.0;0.0;0;0;2550
69191179;0.0;0.0;0;0;2550
71192952;0.0;0.0;0;0;2550
72199090;0.0;0.0;0;0;2550
73192273;0.0;0.0;0;0;2550
74203223;0.0;0.0;0;0;2550
75191897;0.0;0.0;0;0;2550
76198252;0.0;0.0;0;0;2550
77193559;0.0;0.0;0;0;2550
78191093;0.0;0.0;0;0;2550
79191825;0.0;0.0;0;0;2550
80191614;0.0;0.0;0;0;2550
81191911;0.0;0.0;0;0;2550
82197590;0.0;0.0;0;0;2550
83197729;0.0;0.0;0;0;2550
84191406;0.0;0.0;0;0;2550
85191566;0.0;0.0;0;0;2550
86191176;0.0;0.0;0;0;2550
87198261;0.0;0.0;0;0;2550
88191416;0.0;0.0;0;0;2550
89192720;0.0;0.0;0;0;2550
91193422;0.0;0.0;0;0;2550
92191533;0.0;0.0;0;0;2550
93194798;0.0;0.0;0;0;2550
94191557;0.0;0.0;0;0;2550
95191972;0.0;0.0;0;0;2550
96217012;0.0;0.0;0;0;2550
97192033;0.0;0.0;0;0;2550
98191258;0.0;0.0;0;0;2550
99197497;0.0;0.0;0;0;2550
100193150;0.0;0.0;0;0;2550
101195058;0.0;0.0;0;0;2550
102190105;0.0;0.0;0;0;2550
103195852;0.0;0.0;0;0;2550
104189781;0.0;0.0;0;0;2550
105190463;0.0;0.0;0;0;2550
106190291;0.0;0.0;0;0;2550
107206535;0.0;0.0;0;0;2550
108195658;0.0;0.0;0;0;2550
109191231;0.0;0.0;0;0;2550
110193079;0.0;0.0;0;0;2550
111192832;0.0;0.0;0;0;2550
112193400;0.0;0.0;0;0;2550
114190238;0.0;0.0;0;0;2550
115196127;0.0;0.0;0;0;2550
116190662;0.0;0.0;0;0;2550
118190652;0.0;0.0;0;0;2550
119191873;0.0;0.0;0;0;2550
120189746;0.0;0.0;0;0;2550
121191523;0.0;0.0;0;0;2550
122191209;0.0;0.0;0;0;2550
124190104;0.0;0.0;0;0;2550
125203438;0.0;0.0;0;0;2550
126189602;0.0;0.0;0;0;2550
127189686;0.0;0.0;0;0;2550
128212747;0.0;0.0;0;0;2550
129190810;0.0;0.0;0;0;2550
130192547;0.0;0.0;0;0;2550
131189826;0.0;0.0;0;0;2550
133190076;0.0;0.0;0;0;2550
134189474;0.0;0.0;0;0;2550
135191910;0.0;0.0;0;0;2550
136189174;0.0;0.0;0;0;2550
137189520;0.0;0.0;0;0;2550
138201192;0.0;0.0;0;0;2550
139194024;0.0;0.0;0;0;2550
142189499;0.0;0.0;0;0;2550
143190578;0.0;0.0;0;0;2550
144191849;0.0;0.0;0;0;2550
145203196;0.0;0.0;0;0;2550
146196452;0.0;0.0;0;0;2550
147190889;0.0;0.0;0;0;2550
148193606;0.0;0.0;0;0;2550
149189761;0.0;0.0;0;0;2550
150189715;0.0;0.0;0;0;2550
151191681;0.0;0.0;0;0;2550
152196828;0.0;0.0;0;0;2550
153191799;0.0;0.0;0;0;2550
154192456;0.0;0.0;0;0;2550
155199151;0.0;0.0;0;0;2550
156194770;0.0;0.0;0;0;2550
157188775;0.0;0.0;0;0;2550
158228027;0.0;0.0;0;0;2550
159196413;0.0;0.0;0;0;2550
161191523;0.0;0.0;0;0;2550
162187930;0.0;0.0;0;0;2550
163193634;0.0;0.0;0;0;2550
164198017;0.0;0.0;0;0;2550
165202529;0.0;0.0;0;0;2550
166192662;0.0;0.0;0;0;2550
167192698;0.0;0.0;0;0;2550
168196102;0.0;0.0;0;0;2550
169193052;0.0;0.0;0;0;2550
170192638;0.0;0.0;0;0;2550
171189617;0.0;0.0;0;0;2550
172196767;0.0;0.0;0;0;2550
173191369;0.0;0.0;0;0;2550
174196459;0.0;0.0;0;0;2550
175193058;0.0;0.0;0;0;2550
177192346;0.0;0.0;0;0;2550
178190526;0.0;0.0;0;0;2550
179188276;0.0;0.0;0;0;2550
181189143;0.0;0.0;0;0;2550
182193261;0.0;0.0;0;0;2550
183195288;0.0;0.0;0;0;2550
185195312;0.0;0.0;0;0;2550
186189366;0.0;0.0;0;0;2550
187188250;0.0;0.0;0;0;2550
188189907;0.0;0.0;0;0;2550
189188947;0.0;0.0;0;0;2550
190187651;0.0;0.0;0;0;2550
191208178;0.0;0.0;0;0;2550
192189131;0.0;0.0;0;0;2550
194187900;0.0;0.0;0;0;2550
195193438;0.0;0.0;0;0;2550
196191150;0.0;0.0;0;0;2550
197187970;0.0;0.0;0;0;2550
198187847;0.0;0.0;0;0;2550
199223496;0.0;0.0;0;0;2550
200187825;0.0;0.0;0;0;2550
202190139;0.0;0.0;0;0;2550
203194586;0.0;0.0;0;0;2550
204193930;0.0;0.0;0;0;2550
205193987;0.0;0.0;0;0;2550
206186753;0.0;0.0;0;0;2550
207197501;0.0;0.0;0;0;2550
208192078;0.0;0.0;0;0;2550
210188833;0.0;0.0;0;0;2550
211194698;0.0;0.0;0;0;2550
212187440;@20000101_000005_192721_accel_adxl375.csv@212190896;1.813;0.098;0.147;1
213193001;0.0;0.0;0;0;2550
214187957;0.0;0.0;0;0;2550
215193551;0.0;0.0;0;0;2550
216187021;0.0;0.0;0;0;2550
217208857;0.0;0.0;0;0;2550
220204124;0.0;0.0;0;0;2550
222187995;0.0;0.0;0;0;2550
223187656;0.0;0.0;0;0;2550
224192617;0.0;0.0;0;0;2550
225191163;0.0;0.0;0;0;2550
226190259;0.0;0.0;0;0;2550
227190442;0.0;0.0;0;0;2550
228186601;0.0;0.0;0;0;2550
229189434;0.0;0.0;0;@20000101_000005_192721_imu_bno055.csv@229199805;342.125;7581;-17282;0.96261216;0.033650636;-0.25492908
230187143;0.0;0.0;0;0;2550
231186453;0.0;0.0;0;0;2550
232187638;0.0;0.0;0;0;2550
233188216;0.0;0.0;0;0;2550
235186645;0.0;0.0;0;0;2550
236193950;0.0;0.0;0;0;2550
238187075;0.0;0.0;0;0;2550
239192790;0.0;0.0;0;0;2550
240191349;0.0;0.0;0;0;2550
242187194;0.0;0.0;0;0;2550
245191969;0.0;0.0;0;0;2550
246214940;0.0;0.0;0;0;2550
247188040;0.0;0.0;0;0;2550
248186370;0.0;0.0;0;0;2550
250186196;0.0;0.0;0;0;2550
251195267;0.0;0.0;0;0;2550
253205480;0.0;0.0;0;0;2550
255192102;0.0;0.0;0;0;2550
256210800;0.0;0.0;0;0;2550
257191649;0.0;0.0;0;0;2550
258191943;0.0;0.0;0;0;2550
259193526;0.0;0.0;0;0;2550
260192293;0.0;0.0;0;0;2550
261192807;0.0;0.0;0;0;2550
262192155;0.0;0.0;0;0;2550
263189607;0.0;0.0;0;0;2550
264204296;0.0;0.0;0;0;2550
265191155;0.0;0.0;0;0;2550
266201093;0.0;0.0;0;0;2550
268185341;0.0;0.0;0;0;2550
269196579;0.0;0.0;0;0;2550
270192095;0.0;0.0;0;0;2550
271195006;0.0;0.0;0;0;2550
272185075;0.0;0.0;0;0;2550
274185321;0.0;0.0;0;0;2550
275204053;0.0;0.0;0;0;2550
276184784;0.0;0.0;0;0;2550
277185383;0.0;0.0;0;0;2550
280185547;0.0;0.0;0;0;2550
281187343;0.0;0.0;0;0;2550
282186673;0.0;0.0;0;0;2550
283186868;0.0;0.0;0;0;2550
284185664;0.0;0.0;0;0;2550
285185314;0.0;0.0;0;0;2550
286185479;0.0;0.0;0;0;2550
287187319;0.0;0.0;0;0;2550
288186676;0.0;0.0;0;0;2550
289185969;0.0;0.0;0;0;2550
290186644;0.0;0.0;0;0;2550
291184521;0.0;0.0;0;0;2550
292206480;0.0;0.0;0;0;2550
293184294;0.0;0.0;0;0;2550
295212830;0.0;0.0;0;0;2550
296184775;0.0;0.0;0;0;2550
297184870;0.0;0.0;0;0;2550
298191307;0.0;0.0;0;0;2550
299186608;0.0;0.0;0;0;2550
300186192;0.0;0.0;0;0;2550
301185284;0.0;0.0;0;0;2550
302212367;0.0;0.0;0;0;2550
303184241;0.0;0.0;0;0;2550
304185564;0.0;0.0;0;0;2550
305183674;0.0;0.0;0;0;2550
306184317;0.0;0.0;0;0;2550
307183416;0.0;0.0;0;0;2550
308185197;0.0;0.0;0;0;2550
309184987;0.0;0.0;0;0;2550
310184962;0.0;0.0;0;0;2550
311183345;0.0;0.0;0;0;2550
312185592;0.0;0.0;0;0;2550
313183897;0.0;0.0;0;0;2550
314183299;0.0;0.0;0;0;2550
315183617;0.0;0.0;0;0;2550
316183307;0.0;0.0;0;0;2550
317183016;0.0;0.0;0;0;2550
318185488;0.0;0.0;0;0;2550
319186077;0.0;0.0;0;0;2550
320183339;0.0;0.0;0;0;2550
321183633;0.0;0.0;0;0;2550
322193474;0.0;0.0;0;0;2550
323183239;0.0;0.0;0;0;2550
324185236;0.0;0.0;0;0;2550
325184745;0.0;0.0;0;0;2550
326183000;0.0;0.0;0;0;2550
327185454;0.0;0.0;0;0;2550
328183903;0.0;0.0;0;0;2550
329183816;0.0;0.0;0;0;2550
330184135;0.0;0.0;0;0;2550
331189732;0.0;0.0;0;0;2550
332183332;0.0;0.0;0;0;2550
333183467;0.0;0.0;0;0;2550
334185712;0.0;0.0;0;0;2550
335184065;0.0;0.0;0;0;2550
336182651;0.0;0.0;0;0;2550
337183503;0.0;0.0;0;0;2550
338183156;0.0;0.0;0;0;2550
339208686;0.0;0.0;0;0;2550
340183002;0.0;0.0;0;0;2550
341182435;0.0;0.0;0;0;2550
