65837589;40;32614464;52;None;26;0;0;0
66841931;40;32606512;50;None;None;0;0;0
67846850;40;32564896;55;None;101;0;0;0
69878404;40;32643584;76;None;None;0;0;0
71887024;40;32563600;15;None;97;0;0;0
72891079;40;32514640;6;None;None;0;0;0
73897409;40;32615536;36;None;None;0;0;0
74907963;40;32572736;49;None;196;0;0;0
75913336;40;32508768;5;None;None;0;0;0
76919125;40;32595056;34;None;@20000101_000005_192721_accel_adxl375.csv@76922036;1.7149999;0.147;0.196;1
77925643;40;32542208;39;None;None;0;0;0
78956506;40;32644576;77;None;None;0;0;0
79960848;40;32592464;1;None;68;0;0;0
80967311;40;32555120;20;None;102;0;0;0
81973447;40;32507024;31;None;None;0;0;0
82978808;40;32638960;49;None;23;0;0;0
84990240;40;32560976;4;None;None;0;0;0
85999409;40;32514016;39;None;102;0;0;0
87003189;40;32627584;27;None;100;0;0;0
88007432;40;32591056;23;None;None;0;0;0
89011141;40;32545344;34;None;None;0;0;0
90047718;40;32645680;4;None;205;0;0;0
91058304;40;32604464;19;None;None;0;0;0
92066116;40;32567408;4;None;None;0;0;0
93071755;40;32528352;14;None;217;0;0;0
94080737;40;32633440;30;None;69;0;0;0
95084244;40;32578608;12;None;None;0;0;0
96088488;40;32537312;28;None;42;0;0;0
97118037;40;32647648;38;None;41;0;0;0
98134358;40;32604880;60;None;50;0;0;0
99140263;40;32556512;44;None;None;0;0;0
100168727;40;32644608;74;None;None;0;0;0
101173537;40;32607872;22;None;67;0;0;0
102179002;40;32549872;7;None;None;0;0;0
103206546;40;32646176;72;None;None;0;0;0
104215290;40;32602912;49;None;None;0;0;0
105219039;40;32580752;18;Noneo32.csv@105221832;1.014064;-0.001952;0.00976;-70;49;-112;1
106223106;40;32529600;14;None;None;0;0;0
107230437;40;32637808;28;None;None;0;0;0
108234330;40;32587856;27;None;209;0;0;0
109244305;40;32545696;15;None;None;0;0;0
110284365;40;32640496;21;None;42;0;0;0
111291146;40;32600960;13;None;None;0;0;0
112299444;40;32565488;36;None;24;0;0;0
113304615;40;32516240;6;None;None;0;0;0
114308169;40;32621392;11;None;None;0;0;0
115312255;40;32574848;44;None;108;0;0;0
116316085;40;32523408;1;None;None;0;0;0
117320415;40;32644576;74;None;None;0;0;0
118325725;40;32612272;3;None;56;0;0;0
119335084;40;32561760;50;None;55;0;0;0
120339076;40;32507216;34;None;None;0;0;0
121347588;40;32608672;29;None;None;0;0;0
122351889;40;32587584;10;None;72;0;0;0
123365839;40;32534288;19;None;51;0;0;0
124373672;40;32632064;29;None;None;0;0;0
125376873;40;32579824;22;None;None;0;0;0
126381465;40;32509904;29;None;111;0;0;0
128390427;40;32578960;18;None;224;0;0;0
129396146;40;32521904;12;None;221;0;0;0
130406771;40;32643936;76;None;None;0;0;0
131414737;40;32596608;31;None;;101_000005_192721_imu_bno055.csv@131418538;343.6875;7581;-17182;0.961592464;0.0377295;-0.2508502
132418001;40;32539152;20;None;None;0;0;0
133444686;40;32645008;75;None;113;0;0;0
134448024;40;32587136;13;None;225;0;0;0
135456846;40;32545808;44;None;None;0;0;0
136463555;40;32647376;70;None;53;0;0;0
137470772;40;32592880;4;None;None;0;0;0
138474423;40;32540528;10;None;None;0;0;0
139496452;40;32650304;18;None;None;0;0;0
140511801;40;32610592;58;None;236;0;0;0
141518947;40;32557456;30;None;55;0;0;0
142523278;40;32516128;17;None;None;0;0;0
143529050;40;32618624;53;None;None;0;0;0
144533218;40;32567264;17;None;72;0;0;0
145537687;40;32525232;12;None;None;0;0;0
146541033;40;32634816;28;None;None;0;0;0
147554934;40;32559216;49;None;78;0;0;0
148562379;40;32525456;24;None;57;0;0;0
149568191;40;32622144;22;None;None;0;0;0
150574762;40;32567200;25;None;None;0;0;0
151578145;40;32523568;25;None;120;0;0;0
152582178;40;32632464;32;None;37;0;0;0
153587167;40;32590944;9;None;0@20000101_000005_192721_imu_lsm6dso32.csv@153591442;1.012112;0.008784;0.00488;-56;28;-126;1
154592533;40;32550080;17;None;None;0;0;0
155620200;40;32647440;71;None;None;0;0;0
156624895;40;32581520;28;None;35;0;0;0
157630182;40;32542848;43;None;None;0;0;0
158655175;40;32650416;37;None;36;0;0;0
159661601;40;32615248;57;None;None;0;0;0
160667888;40;32550288;28;None;None;0;0;0
162704055;40;32608288;28;None;225;0;0;0
163708765;40;32536736;20;None;223;0;0;0
164752560;40;32643600;80;None;None;0;0;0
165758088;40;32574112;6;None;None;0;0;0
166770172;40;32528752;44;None;109;0;0;0
167778732;40;32638448;32;None;None;0;0;0
168783119;40;32591312;6;None;None;0;0;0
169788559;40;32558000;42;None;71;0;0;0
172834655;40;32552240;0;None;None;0;0;0
173839191;40;32529936;16;None;74;0;0;0
175854039;40;32592720;25;None;None;0;0;0
176867062;40;32520224;50;None;None;0;0;0
177872739;40;32617888;31;None;47;0;0;0
178876456;40;32574976;22;None;None;0;0;0
179880197;40;32532768;25;None;None;0;0;0
180890947;40;32643552;75;None;None;0;0;0
181900045;40;32584176;2;None;None;0;0;0
182916042;40;32537088;23;None;124;0;0;0
183922277;40;32620368;26;None@20000101_000005_192721_imu_lsm6dso32.csv@183924694;1.014064;0.00976;0.003904;-63;21;-119;1
184930211;40;32577328;39;None;244;0;0;0
185936712;40;32534464;15;None;118;0;0;0
186949179;40;32635152;48;None;None;0;0;0
187960117;40;32561200;43;None;None;0;0;0
188969900;40;32525952;38;None;None;0;0;0
189975016;40;32622832;47;None;123;0;0;0
190979570;40;32581392;15;None;121;0;0;0
191983566;40;32531696;10;None;None;0;0;0
193010544;40;32643696;80;None;118;0;0;0
194014123;40;32605328;7;None;None;0;0;0
195022096;40;32565664;40;None;None;0;0;0
197032716;40;32640944;24;None;82;0;0;0
198047259;40;32581168;14;None;81;0;0;0
199062098;40;32543312;49;None;80;0;0;0
200100678;40;32647712;73;None;57;0;0;0
201106023;40;32601632;12;None;None;0;0;0
202113438;40;32543120;28;None;None;0;0;0
203118118;40;32529488;31;None;None;0;0;0
204125328;40;32508640;31;None;243;0;0;0
205137224;40;32610096;55;None;None;0;0;0
206145402;40;32567408;37;None;None;0;0;0
207182596;40;32649696;78;None;82;0;0;0
209194727;40;32547552;11;None;None;0;0;0
210200272;40;32508928;16;None;83;0;0;0
211206353;40;32589136;45;None;38;0;0;0
212210181;40;32555312;13;None;None;0;0;0
213216105;40;32508416;0;None;None;0;0;0
214224160;40;32615056;39;None;None;0;0;0
215229030;40;32552432;22;None;None;0;0;0
216236942;40;32513920;27;None;None;0;0;0
217242356;40;32625600;22;None;None;0;0;0
218246222;40;32583744;15;None;None;0;0;0
219250866;40;32548544;41;None;None;0;0;0
220281179;40;32645168;76;None;84;0;0;0
221285324;40;32622304;14;None;None;0;0;0
222295046;40;32588560;16;None;62;0;0;0
223301576;40;32545664;34;None;33;0;0;0
224329147;40;32644432;77;None;None;0;0;0
225338621;40;32618144;28;None;None;0;0;0
226342023;40;32579728;33;None;None;0;0;0
227347325;40;32526288;31;None;None;0;0;0
228358952;40;32506256;47;None;None;0;0;0
229364689;40;32626304;32;None;None;0;0;0
230370134;40;32571648;29;None;None;0;0;0
231375501;40;32516784;20;None;None;0;0;0
232379467;40;32642640;7;None;43;0;0;0
233383849;41;32568864;14;None;None;0;0;0
234388896;41;32540512;27;None;268;0;0;0
235397466;41;32642944;44;None;None;0;0;0
236401114;40;32618320;45;None;276;0;0;0
237405998;40;32586016;16;None;88;0;0;0
238418535;40;32542272;50;None;86;0;0;0
239427109;41;32641520;43;None;129;0;0;0
240430916;40;32589360;1;None;None;0;0;0
241434949;40;32542992;22;None;132;0;0;0
242443328;40;32635072;58;None;86;0;0;0
243450643;40;32566176;34;None;49;0;0;0
244454034;40;32516704;27;None;None;0;0;0
245458381;40;32623056;9;None;52;0;0;0
246465866;40;32561232;28;None;41;0;0;0
247471167;41;32518976;22;None;None;0;0;0
248475336;41;32615152;25;None;130;0;0;0
249482828;41;32572000;27;None;None;0;0;0
250499186;40;32531136;47;None;34;0;0;0
251508630;41;32641264;70;None;None;0;0;0
252518990;40;32590336;65;Nonee005_192721_laser_agl.csv@252520839;0.022;1
254529007;41;32622336;10;None;None;0;0;0
255533391;40;32575216;19;None;85;0;0;0
256539077;40;32545456;50;None;None;0;0;0
257546523;41;32637296;4;None;None;0;0;0
259566057;40;32539072;61;None;131;0;0;0
260595436;41;32648800;19;None;None;0;0;0
261598891;41;32622192;34;None;None;0;0;0
262615842;40;32573872;58;None;274;0;0;0
263623703;41;32541216;45;None;270;0;0;0
264628555;40;32506688;26;None;86;0;0;0
265633215;41;32601552;19;None;None;0;0;0
266654782;40;32560096;5;None;131;0;0;0
267658341;41;32512400;32;None;None;0;0;0
268662540;41;32626416;16;None;None;0;0;0
269666215;41;32597552;29;None;None;0;0;0
270670832;41;32560576;24;None;None;0;0;0
271678051;41;32635680;30;None;25;0;0;0
273691991;41;32550032;16;None;None;0;0;0
274701398;41;32516432;48;None;None;0;0;0
275708085;41;32616992;9;None;None;0;0;0
276724384;41;32569824;60;None;None;0;0;0
277738776;41;32512256;50;None;None;0;0;0
278745831;41;32632528;24;None;None;0;0;0
279757994;41;32578880;53;None;141;0;0;0
281772882;41;32638032;43;None;None;0;0;0
282777854;41;32588224;29;None;None;0;0;0
283782142;41;32560704;46;None;289;0;0;0
284791416;41;32507616;45;None;68;0;0;0
285797890;41;32617648;4;None;None;0;0;0
286804393;41;32553232;44;None;None;0;0;0
287811412;41;32512048;3;None;90;0;0;0
288820509;41;32602160;23;None;None;0;0;0
289836017;41;32549424;23;None;None;0;0;0
290868692;41;32646192;75;None;277;0;0;0
291872072;41;32615600;18;None;None;0;0;0
292876192;41;32553552;5;None;136;0;0;0
293880187;41;32513712;2;None;None;0;0;0
294886753;41;32605744;20;None_l_adxl375.csv@294888481;1.7639999;0.147;0.196;1
295890406;41;32568096;25;None;283;0;0;0
296893980;41;32515248;15;None;138;0;0;0
297900332;41;32627792;4;None;137;0;0;0
298904081;41;32566832;30;None;None;0;0;0
299918273;40;32536528;25;None;None;0;0;0
300953872;41;32631744;74;None;37;0;0;0
301958781;41;32587312;23;None;None;0;0;0
302968866;41;32539568;36;None;None;0;0;0
303973777;41;32510304;10;None;45;0;0;0
304977005;41;32625008;29;None;None;0;0;0
305987368;41;32577312;3;None;No001_000005_192721_airspeed_sdp810.csv@305990942;478;284;4277
306990962;41;32545120;22;None;None;0;0;0
307997442;41;32636832;45;None;285;0;0;0
309002586;41;32586848;40;None;283;0;0;0
310006234;41;32523216;42;None;None;0;0;0
311011836;41;32639984;38;None;None;0;0;0
312028597;41;32578416;59;None;141;0;0;0
313032216;41;32536192;13;None;None;0;0;0
314036815;41;32633200;2;None;28;0;0;0
315042802;41;32592784;25;None;None;0;0;0
316046400;41;32523200;8;None;None;0;0;0
317050631;41;32631936;10;None;None;0;0;0
318056001;41;32589936;27;None;None;0;0;0
319061639;41;32542208;25;None;295;0;0;0
320068640;41;32643520;18;None;None;0;0;0
321074807;41;32595376;35;None;None;0;0;0
322081391;41;32540384;24;None;None;0;0;0
323104289;41;32647904;72;None;60;0;0;0
324116446;41;32600736;62;None;None;0;0;0
325122356;41;32559408;;0;0;0
326150996;41;32636016;77;None;None;0;0;0
327158735;41;32579424;39;None;None;0;0;0
328165266;41;32538912;11;None;None;0;0;0
329169477;41;32515728;39;None;None;0;0;0
330181017;41;32635184;54;None;101;0;0;0
331185655;41;32604592;7;None;100;0;0;0
332197134;41;32546544;17;None;None;0;0;0
333201260;41;32638208;30;None;76;0;0;0
334209218;41;32577936;15;None;None;0;0;0
335213804;41;32529648;42;None;None;0;0;0
337228229;41;32064448;34;None;None;0;0;0
339252403;41;31337472;30;None;None;0;0;0
340264641;41;30990080;33;29751;None;1;0;0
341319440;41;30590016;78;29361;None;1;0;0
