65381487;0.02;0
65413291;0.021;1
65473535;0.021;0
65525471;0.022;1
65586239;0.022;0
65686579;0.021;0
65738472;0.022;1
65795129;0.022;0
65808606;0.022;1
65874706;0.022;0
65974205;0.021;0
66008882;0.021;1
66080287;0.021;0
66123641;0.021;1
66191016;0.021;0
66236063;0.023;1
66297087;0.021;1
66361186;0.021;0
66395795;0.021;1
66462131;0.021;0
66497261;0.021;1
66564892;0.021;0
66597657;0.021;1
66692691;0.021;1
66764370;0.021;0
66798272;0.021;1
66868053;0.021;0
66900415;0.021;1
66964828;0.021;0
66998228;0.021;1
67064484;0.021;0
67096045;0.021;1
67190330;0.022;1
67245737;0.022;0
67284740;0.022;1
67340724;0.022;0
67379960;0.022;1
67449882;0.022;0
67481960;0.022;1
67549202;0.022;0
67582625;0.022;1
67662800;0.022;0
67675195;0.021;1
67731830;0.021;0
67842084;0.02;0
67877216;0.022;1
67950910;0.022;0
67968424;0.021;1
68031674;0.021;0
68070271;0.021;1
68142001;0.021;0
68174387;0.021;1
68241593;0.021;0
68273044;0.022;1
68339498;0.022;0
68371538;0.021;1
68432461;0.021;0
68474629;0.022;1
68567675;0.021;1
68618829;0.021;0
68657529;0.022;1
68715634;0.022;0
68755975;0.021;1
68822894;0.021;0
68864636;0.022;1
68931585;0.022;0
68980215;0.023;1
69057917;0.021;1
69130628;0.021;0
69163556;0.02;1
69225347;0.02;0
69258746;0.021;1
69322093;0.021;0
69510848;0.021;0
69547133;0.022;1
69618530;0.022;0
69705928;0.021;0
69741813;0.02;1
69796733;0.02;0
69868198;0.021;1
69928088;0.021;0
69948676;0.021;1
70005079;0.021;0
70059478;0.021;1
70113877;0.021;0
70149330;0.022;1
70211416;0.022;0
70242724;0.021;1
70340312;0.023;1
70395933;0.023;0
70437553;0.021;1
70492090;0.021;0
70531234;0.021;1
70591652;0.021;0
70705069;0.021;0
70759029;0.021;1
70816131;0.021;0
70829351;0.022;1
70898700;0.022;0
70940867;0.022;1
71001549;0.022;0
71019636;0.022;1
71166957;0.022;1
71237625;0.021;1
71293651;0.021;0
71339926;0.021;1
71413349;0.022;1
71466354;0.022;0
71517723;0.023;1
71568739;0.023;0
71618909;0.021;1
71681869;0.021;0
71724733;0.023;1
71791651;0.023;0
71807085;0.02;1
71872083;0.02;0
71907730;0.022;1
71964575;0.022;0
72016852;0.021;1
72113960;0.023;1
72173153;0.023;0
72205699;0.021;1
72264016;0.021;0
72317861;0.022;1
72383721;0.022;0
72419078;0.022;1
72483276;0.022;0
72520211;0.021;1
72590571;0.021;0
72601653;0.022;1
72662666;0.022;0
72695319;0.022;1
72754247;0@20000101_000005_192721_accel_adxl375.csv@72755985;1.7149999;0.147;0.244999984;1
72813603;0.02;1
72875489;0.02;0
72907980;0.022;1
72990975;0.022;1
73055542;0.022;0
73090911;0.022;1
73146532;0.022;0
73199726;0.021;1
73263279;0.021;0
73379673;0.021;0
73404606;0.019;1
73464934;0.019;0
73498805;0.021;1
73559836;0.021;0
73594091;0.02;1
73658291;0.02;0
73696141;0.021;1
73770061;0.021;0
73802234;0.02;1
73868030;0.02;0
73879546;0.02;1
73941828;0.02;0
73973650;0.021;1
74043162;0.021;0
74074881;0.02;1
74149482;0.02;23;1.009184;0.013664;0.0244;-98;49;-91;1
74181586;0.02;1
74266943;0.022;0
74278572;0.022;1
74341327;0.022;0
74372679;0.02;1
74439111;0.02;0
74470579;0.021;1
74539903;0.021;0
74572714;0.021;1
74641799;0.021;0
74674531;0.022;1
74734080;0.022;0
74776587;0.022;1
74862384;0.022;1
74924767;0.022;0
74976193;0.021;1
75042753;0.021;0
75073588;0.021;1
75155244;0.021;1
75208270;0.021;0
75264854;0.02;1
75321713;0.02;0
75362381;0.021;1
75421287;0.021;0
75462860;0.021;1
75548728;0.022;1
75600673;0.022;0
75664432;0.022;1
75717870;0.022;0
75764855;0.021;1
75823835;0.021;0
75856628;0.021;1
75940091;0.021;0
75960153;0.021;1
76025378;0.021;0
76119239;0.022;0
76154285;0.021;1
76208479;0.021;0
76243135;0.02;1
76297143;0.02;0
76348607;@20000101_000005_192721_accel_adxl375.csv@76352146;1.7149999;0.147;0.098;1
76406159;0.021;0
76437550;0.022;1
76503036;0.022;0
76546298;0.021;1
76607618;0.021;0
76706097;0.02;0
76743669;0.022;1
76824317;0.022;0
76839976;0.022;1
76930351;0.021;1
76985053;0.021;0
77046234;0.021;1
77106526;0.021;0
77144760;0.021;1
77230624;0.02;1
77284282;0.02;0
77333373;0.022;1
77388725;0.022;0
77430100;0.02;1
77495926;0.02;0
77581839;0.02;0
77626556;0.019;1
77679430;0.019;0
77714665;0.02;1
77766860;0.02;0
77890513;0.021;0
77929606;0.022;1
77991963;0.022;0
78113593;0.02;1
78177458;0.02;0
78212479;0.021;1
78263584;0.021;0
78327697;0.02;1
78385763;0.02;0
78417692;0.023;1
78499223;0.02;0
78515284;0.02;1
78575782;0.02;0
78610076;0.021;1
78671582;0.021;0
78702712;0.02;1
78760855;0.02;0
78796599;0.02;1
78872125;0.02;0
78937179;0.021;1
79004255;0.021;1
79065755;0.021;0
79099429;0.021;1
79164237;0.021;0
79197105;0.02;1
79261102;0.02;0
79295922;0.02;1
79378457;0.02;0
79459117;0.02;0
79494158;0.021;1
79563343;0.021;0
79595750;0.021;1
79659581;0.021;0
79779341;0.019;0
79797040;0.019;1
79863063;0.019;0
79898905;0.019;1
79970095;0.019;0
79981639;0.02;1
80042944;0.02;0
80077293;0.019;1
80139744;0.019;0
80217146;0.021;1
80289958;0.019;1
80350470;0.019;0
80391194;0.02;1
80463695;0.02;0
80474774;0.019;1
80526010;0.019;0
80589122;0.019;1
80644676;0.019;0
80675358;0.019;1
80745896;0.019;0
80777999;0.02;1
80838656;0.02;0
80870235;0.021;1
80940575;0.021;0
80976930;0.021;1
81038849;0.021;0
81070393;0.02;1
81158886;0.021;1
81214601;0.021;0
81260365;0.021;1
81313794;0.021;0
81360406;0.021;1
81421304;0.021;0
81457047;0.02;1
81513754;0.02;0
81707435;0.02;0
81820507;0.02;0
81914914;0.02;0
81953740;0.021;1
82033855;0.021;0
82053690;0.02;1
82121746;0.02;0
82220657;0.022;0
82241585;0.019;1
82300408;0.019;0
82342315;0.022;1
82399091;0.022;0
82439067;0.021;1
82531703;0.021;0
82543591;0.02;1
82603507;0.02;0
82643592;0.021;1
82710218;0.021;0
82732801;0.02;1
82790387;0.02;0
82845577;0.019;1
82897783;0.019;0
82960267;0.021;1
83022264;0.021;0
83033622;0.02;1
83090868;0.02;0
83126919;0.022;1
83199566;0.022;0
83231261;0.019;1
83295902;0.019;0
83330390;0.021;1
83491434;0.02;0
83526611;0.022;1
83588461;0.022;0
83621526;0.02;1
83677421;0.02;0
83729710;0.021;1
83795484;0.021;0
83866705;0.019;1
83932274;0.02;1
83994635;0.02;0
84040732;0.018;1
84095444;0.018;0
84138090;0.021;1
84195504;0.021;0
84226836;0.019;1
84384906;0.02;0
84475782;0.019;0
84507801;0.021;1
84578426;0.021;0
84610109;0.019;1
84673289;0.019;0
84706695;0.021;1
84789916;0.021;0
84804246;0.02;1
84863810;0.02;0
84924848;0.021;1
84984996;0.021;0
84998751;0.02;1
85059340;0.02;0
85123633;0.02;1
85207340;0.019;1
85262182;0.019;0
85303930;0.02;1
85394694;0.02;1
85453633;0.02;0
85490548;0.021;1
85549024;0.021;0
85592971;0.021;1
85646652;0.021;0
85698744;0.02;1
85763953;0.02;0
85796164;0.021;1
85864838;0.021;0
85897882;0.02;1
85961773;0.02;0
86001362;0.021;1
86080662;0.021;1
86143625;0.021;0
86178333;0.019;1
86231843;0.019;0
86289894;0.02;1
86344556;0.02;0
86380655;0.02;1
86440916;0.02;0
86481266;0.02;1
86556429;0.02;0
86593073;0.021;1
86645855;0.021;0
86682676;0.021;1
86741204;0.021;0
86777426;0.02;1
86882937;0.021;1
86965870;0.021;1
87018689;0.021;0
87084534;0.021;1
87150158;0.021;0
87163183;0.021;1
87226196;0.021;0
87279552;0.021;1
87351168;0.021;0
87396176;0.02;1
87460477;0.02;1
87514123;0.02;0
87557839;0.02;1
87614534;0.02;0
87655043;0.021;1
87713778;0.021;0
87756617;0.021;1
87817681;0.021;0
87866979;0.02;1
87924585;0.02;0
87956513;0.021;1
88063747;0.02;1
88133332;0.02;0
88146888;0.021;1
88211265;0.021;0
88269738;0.02;1
88343514;0.02;1
88396710;0.02;0
88458262;0.021;1
88509728;0.021;0
88547873;0.021;1
88604849;0.021;0
88645383;0.021;1
88736374;0.02;0
88754052;0.02;1
88806540;0.02;0
88842110;0.018;1
88904217;0.018;0
88943740;0.021;1
89005310;0.021;0
89038724;0.02;1
89099839;0.02;0
89155944;0.02;1
89217344;0.02;0
89232187;0.019;1
89329239;0.02;1
89384952;0.02;0
89437830;0.019;1
89526014;0.02;1
89603787;0.02;0
89641807;0.02;1
89696192;0.02;0
89738643;0.02;1
89795836;0.02;0
89838777;0.021;1
89896230;0.021;0
89939988;0.019;1
89997260;0.019;0
90101538;0.02;0
90115576;0.019;1
90170727;0.019;0
90231559;0.019;1
90292413;0.019;0
90314025;0.022;1
90381352;0.022;0
90423612;0.02;1
90510920;0.021;1
90582492;0.021;0
90624594;0.02;1
90696184;0.02;0
90708444;0.021;1
90763807;0.021;0
90817383;0.02;1
90869705;0.02;0
90922770;0.021;1
90983507;0.021;0
91029533;0.022;1
91094420;0.022;0
91113611;0.02;1
91166173;0.02;0
91200723;0.022;1
91266100;0.022;0
91299773;0.021;1
91395074;0.021;1
91456940;0.021;0
91494223;0.021;1
91558803;0.021;0
91661761;0.02;0
91695952;0.021;1
91761597;0.021;0
91818750;0.022;1
91886083;0.022;0
91897701;0.022;1
91963921;0.022;0
91997344;0.02;1
92069228;0.02;0
92109445;0.021;1
92167669;0.021;0
92209194;0.019;1
92289517;0.021;1
92359703;0.021;0
92392252;0.021;1
92460193;0.021;0
92496073;0.021;1
92561107;0.021;0
92597691;0.022;1
92669648;0.022;0
92682301;0.02;1
92765535;0.02;0
92779057;0.02;1
92853938;0.02;0
93059800;0.02;0
93074967;0.02;1
93169795;0.02;1
93224756;0.02;0
93291650;0.021;1
93348602;0.021;0
93364753;0.02;1
93424248;0.02;0
93466405;0.02;1
93523636;0.02;0
93564045;0.021;1
93647520;0.021;0
93660411;0.021;1
93729768;0.021;0
93766637;0.021;1
93830927;0.021;0
93873671;0.02;1
93941211;0.02;0
93972720;0.019;1
94063489;0.021;1
94133256;0.021;0
94169299;0.021;1
94232055;0.021;0
94249815;0.02;1
94312182;0.02;0
94355021;0.02;1
94413157;0.02;0
94453688;0.02;1
94542782;0.02;0
94553694;0.021;1
94620997;0.021;0
94643473;0.021;1
94701812;0.021;0
94752995;0.022;1
94805629;0.022;0
94840365;0.022;1
94931151;0.022;0
94945291;0.021;1
95001912;0.021;0
95038710;0.02;1
95103003;0.02;0
95139503;0.02;1
95203937;0.02;0
95235932;0.022;1
95325463;0.022;0
95341995;0.02;1
95394345;0.02;0
95434643;0.021;1
95492757;0.021;0
95539674;0.021;1
95596811;0.021;0
95629003;0.021;1
95687362;0.021;0
95750001;0.02;1
95812670;0.02;0
95826244;0.02;1
95943876;0.02;1
96029191;0.021;1
96099432;0.021;0
96132527;0.021;1
96223411;0.021;1
96289569;0.021;0
96334763;0.02;1
96402910;0.02;0
96415219;0.021;1
96474348;0.021;0
96533930;0.019;1
96588122;0.019;0
96629764;0.021;1
96709798;0.022;0
96722002;0.022;1
96781655;0.022;0
96813554;0.021;1
96881991;0.021;0
96923630;0.021;1
96985682;0.021;0
97023635;0.02;1
97082016;0.02;0
97120808;0.019;1
97188159;0.019;0
97219644;0.02;1
97280396;0.02;0
97311771;0.019;1
97401529;0.021;1
97462628;0.021;0
97521122;0.021;1
97586992;0.021;0
97598489;0.021;1
97661460;0.021;0
97694952;0.02;1
97808058;0.02;1
97866730;0.02;0
97903616;0.02;1
97990456;0.02;1
98045344;0.02;0
98107333;0.022;1
98178196;0.022;0
98189607;0.021;1
98246056;0.021;0
98297901;0.02;1
98361642;0.02;0
98475666;0.02;0
98491066;0.019;1
98587689;0.021;1
98641803;0.021;0
98679666;0.022;1
98745754;0.022;0
98799868;0.021;1
98888483;0.021;1
98941320;0.021;0
98981278;0.019;1
99033607;0.019;0
99088100;0.02;1
99158893;0.02;0
99175892;0.019;1
99239591;0.019;0
99281741;0.021;1
99342429;0.021;0
99374258;0.02;1
99441982;0.02;0
99476704;0.02;1
99542147;0.02;0
99575802;0.022;1
99641318;0.022;0
99673173;0.021;1
99763466;0.021;1
99815966;0.021;0
99868148;0.02;1
99935090;0.02;0
99966610;0.021;1
100027929;0.021;0
100074032;0.021;1
100163775;0.021;1
100224658;0.021;0
100267086;0.02;1
100320488;0.02;0
100361197;0.022;1
100416232;0.022;0
100455775;0.021;1
100513793;0.021;0
100554155;0.021;1
100645676;0.021;0
100723290;0.021;0
100758726;0.022;1
100830455;0.022;0
100844675;0.021;1
100911952;0.021;0
100946256;0.02;1
101012225;0.02;0
101063121;0.02;1
101123380;0.02;0
101139685;0.021;1
101198808;0.021;0
101239883;0.02;1
101297182;0.02;0
101355677;0.022;1
101414255;0.022;0
101487289;0.021;1
101535029;0.023;1
101593246;0.023;0
101648809;0.02;1
101733531;0.02;1
101792324;0.02;0
101847509;0.02;1
101930158;0.021;1
101983716;0.021;0
102045869;0.019;1
102099826;0.019;0
102206780;0.022;0
102243343;0.021;1
102326694;0.02;1
102382946;0.02;0
102422128;0.021;1
102480915;0.021;0
102518434;0.021;1
102582443;0.021;0
102616464;0.021;1
102682199;0.021;0
102715295;0.02;1
102796099;0.02;0
102840968;0.02;1
102898224;0.02;0
102977019;0.02;0
103014997;0.02;1
103071251;0.02;0
103114574;0.021;1
103191747;0.021;0
103220517;0.02;1
103271777;0.02;0
103312650;0.022;1
103366680;0.022;0
103502498;0.021;1
103565336;0.021;0
103655661;0.02;1
103703473;0.021;1
103764052;0.021;0
103798578;0.02;1
103866167;0.02;0
103897665;0.021;1
103962984;0.021;0
103997693;0.02;1
104062153;0.02;0
104106761;0.02;1
104160480;0.02;0
104201471;0.018;1
104261341;0.018;0
104302843;0.021;1
104388487;0.02;1
104460514;0.02;0
104515196;0.021;1
104645030;0.021;0
104753827;0.022;0
104888011;0.021;1
104973072;0.021;0
105014263;0.02;1
105087572;0.021;1
105145922;0.021;0
105238548;0.02;0
105280064;0.023;1
105333428;0.023;0
105387709;0.022;1
105459945;0.022;0
105482989;0.02;1
105547402;0.02;0
105584264;0.02;1
105641528;0.02;0
105676797;0.023;1
105734231;0.023;0
105773868;0.02;1
105864900;0.02;1
105919599;0.02;0
105971114;0.02;1
106033666;0.02;0
106069831;0.019;1
106134463;0.019;0
106168038;0.02;1
106230396;0.02;0
106263589;0.022;1
106336488;0.022;0
106368393;0.019;1
106429928;0.019;0
106462814;0.021;1
106525586;0.021;0
106557847;0.021;1
106609623;0.021;0
106673619;0.02;1
106762090;0.022;1
106830253;0.022;0
106863863;0.02;1
106940884;0.02;0
106951980;0.021;1
107013182;0.021;0
107066234;0.021;1
107119296;0.021;0
107156372;0.021;1
107246960;0.021;1
107298651;0.021;0
107361586;0.022;1
107417086;0.022;0
107457917;0.021;1
107516276;0.021;0
107553694;0.021;1
107643733;0.021;1
107698043;0.021;0
107760497;0.02;1
107816114;0.02;0
107835663;0.022;1
107894488;0.022;0
108011447;0.021;0
108029905;0.021;1
108107011;0.021;0
108153698;0.021;1
108224577;0.021;0
108239516;0.019;1
108301994;0.019;0
108403621;0.019;0
108440787;0.02;1
108519801;0.02;0
108537046;0.021;1
108601828;0.021;0
108634628;0.021;1
108704983;0.021;0
108743261;0.02;1
108797497;0.02;0
108836252;0.021;1
108913223;0.021;0
108925596;0.021;1
109002525;0.021;0
109014136;0.021;1
109073646;0.021;0
109112127;0.021;1
109166089;0.021;0
109218443;0.021;1
109280696;0.021;0
109312760;0.021;1
109401419;0.021;0
109412627;0.022;1
109518354;0.02;1
109584100;0.02;0
109623629;0.021;1
109693124;0.021;0
109704723;0.02;1
109765786;0.02;0
109804146;0.022;1
109886068;0.022;0
109926902;0.02;1
109998536;0.022;1
110071974;0.022;0
110103559;0.02;1
110171654;0.02;0
110204880;0.021;1
110296035;0.021;1
110352873;0.021;0
110401626;0.021;1
110464045;0.021;0
110503605;0.021;1
110571860;0.021;0
110603472;0.02;1
110663918;0.02;0
110723108;0.021;1
110885744;0.021;1
110959002;0.021;0
110990685;0.021;1
111057518;0.021;0
111088958;0.022;1
111175015;0.022;0
111190559;0.021;1
111285967;0.022;1
111388229;0.022;1
111455535;0.022;0
111616257;0.02;1
111676956;0.02;1
111784263;0.021;1
111851188;0.021;0
111883870;0.02;1
111961552;0.02;0
111972931;0.021;1
112069466;0.02;1
112140282;0.02;0
112172513;0.021;1
112234208;0.021;0
112267416;0.02;1
112333628;0.02;0
112373619;0.02;1
112441602;0.02;0
112474311;0.02;1
112565626;0.022;1
112624378;0.022;0
112660705;0.021;1
112722463;0.021;0
112754613;0.02;1
112806637;0.02;0
112863252;0.02;1
112960674;0.022;1
113023284;0.022;0
113058970;0.02;1
113130648;0.02;0
113163799;0.02;1
113230156;0.02;0
113263935;0.021;1
113331816;0.021;0
113363052;0.019;1
113425677;0.019;0
113459233;0.022;1
113530329;0.022;0
113542016;0.02;1
113602795;0.02;0
113657705;0.02;1
113731605;0.02;0
113742826;0.02;1
113826552;0.02;0
113838884;0.019;1
113902109;0.019;0
113936341;0.021;1
114002291;0.021;0
114048460;0.019;1
114105484;0.019;0
114144704;0.019;1
114204338;0.019;0
114237589;0.02;1
114298626;0.02;0
114339758;0.02;1
114397141;0.02;0
114438169;0.019;1
114497411;0.019;0
114545185;0.019;1
114606293;0.019;0
114645120;0.019;1
114736726;0.02;1
114802699;0.02;0
114841416;0.019;1
114894158;0.019;0
114940173;0.019;1
115005688;0.019;0
115018126;0.017;1
115077727;0.017;0
115133203;0.02;1
115194083;0.02;0
115228624;0.019;1
115292599;0.019;0
115324756;0.019;1
115386462;0.019;0
115476820;0.019;0
115542598;0.019;1
115597787;0.019;0
115608742;0.02;1
115663945;0.02;0
115720257;0.02;1
115783574;0.02;0
115816793;0.019;1
115871809;0.019;0
115910700;0.019;1
115989957;0.019;0
116005682;0.019;1
116065735;0.019;0
116122471;0.02;1
116194353;0.02;0
116205536;0.018;1
116265649;0.018;0
116299374;0.02;1
116360834;0.02;0
116428233;0.02;1
116489263;0.02;0
116500725;0.021;1
116563300;0.021;0
116595167;0.021;1
116667907;0.021;0
116700656;0.019;1
116770709;0.019;0
116803075;0.019;1
116891956;0.018;1
117006835;0.019;1
117069245;0.019;0
117106358;0.02;1
117165328;0.02;0
117183860;0.02;1
117248764;0.02;0
117310775;0.02;1
117380775;0.019;1
117442971;0.019;0
117497263;0.018;1
117556117;0.018;0
117589773;0.02;1
117689996;0.02;1
117773429;0.02;0
117786639;0.02;1
117847938;0.02;0
117873920;0.019;1
117934653;0.019;0
118060520;0.02;0
118072295;0.021;1
118142456;0.021;0
118173731;0.019;1
118288521;0.02;1
118354692;0.02;0
118365763;0.02;1
118432699;0.02;0
118467090;0.02;1
118519437;0.02;0
118582919;0.02;1
118663277;0.022;1
118743344;0.022;0
118776138;0.019;1
118842837;0.019;0
118875615;0.018;1
118943224;0.018;0
118976452;0.02;1
119052678;0.02;0
119063743;0.02;1
119144494;0.02;0
119155741;0.021;1
119219986;0.021;0
119270927;0.021;1
119336912;0.021;0
119369157;0.018;1
119432108;0.018;0
119448324;0.02;1
119524784;0.02;0
119558928;0.022;1
119631649;0.022;0
119665112;0.021;1
119716708;0.021;0
119759498;0.019;1
119855721;0.02;1
119914803;0.02;0
119972234;0.019;1
120041406;0.02;1
120094830;0.02;0
120139612;0.02;1
120193365;0.02;0
120236279;0.021;1
120289884;0.021;0
120441563;0.021;1
120502723;0.021;0
120535549;0.022;1
120597643;0.022;0
120634612;0.021;1
120687845;0.021;0
120727995;0.021;1
120810241;0.021;0
120847202;0.02;1
120899635;0.02;0
120940609;0.019;1
121002454;0.019;0
121023266;0.021;1
121128213;0.022;1
121194502;0.022;0
121249483;0.02;1
121320245;0.021;1
121373533;0.021;0
121433773;0.02;1
121498687;0.02;0
121624451;0.02;1
121717797;0.022;1
121773044;0.022;0
121815916;0.02;1
121868833;0.02;0
121923607;0.021;1
121996225;0.021;0
122007656;0.02;1
122066559;0.02;0
122105586;0.02;1
122182552;0.02;0
122214824;0.02;1
122280804;0.02;0
122312897;0.02;1
122377135;0.02;0
122417769;0.021;1
122477579;0.021;0
122519858;0.02;1
122582755;0.02;0
122623366;0.022;1
122688734;0.022;0
122699492;0.021;1
122765668;0.021;0
122798364;0.021;1
122864255;0.021;0
122899890;0.021;1
122960292;0.021;0
122993740;0.021;1
123095749;0.02;1
123155051;0.02;0
123210011;0.022;1
123268150;0.022;0
123300508;0.02;1
123373900;0.02;0
123388092;0.02;1
123465073;0.02;0
123498280;0.021;1
123558250;0.021;0
123589809;0.02;1
123653627;0.02;0
123686468;0.021;1
123740857;0.021;0
123854799;0.02;0
123889395;0.021;1
123986559;0.022;1
124054517;0.022;0
124086291;0.021;1
124141170;0.021;0
124183931;0.021;1
124239192;0.021;0
124279700;0.021;1
124355404;0.021;0
124369540;0.021;1
124423741;0.021;0
124482986;0.021;1
124536056;0.021;0
124569157;0.02;1
124632603;0.02;0
124690382;0.022;1
124765833;0.021;1
124821748;0.021;0
124861541;0.022;1
124917444;0.022;0
124980210;0.02;1
125042876;0.02;0
125077583;0.02;1
125142754;0.02;0
125184145;0.021;1
125251718;0.021;0
125263100;0.022;1
125427461;0.02;0
125521618;0.02;0
125573306;0.019;1
125647336;0.019;0
125659097;0.02;1
125717796;0.02;0
125750638;0.021;1
125810974;0.021;0
125854985;0.021;1
125920550;0.021;0
125954460;0.022;1
126039333;0.022;0
126060294;0.02;1
126114632;0.02;0
126207752;0.021;0
126241027;0.021;1
126303895;0.021;0
126356845;0.022;1
126448345;0.023;1
126502913;0.023;0
126541553;0.021;1
126597771;0.021;0
126635156;0.02;1
126698614;0.02;0
126806439;0.021;0
126838218;0.019;1
126932568;0.021;1
127054288;0.021;1
127122418;0.021;0
127143572;0.018;1
127202446;0.018;0
127240574;0.021;1
127296461;0.021;0
127328285;0.019;1
127393521;0.019;0
127433733;0.02;1
127498557;0.02;0
127540244;0.019;1
127594413;0.019;0
127640221;0.021;1
127697145;0.021;0
127744168;0.02;1
127806238;0.02;0
127817575;0.023;1
127875877;0.023;0
127934438;0.021;1
127996653;0.021;0
128014043;0.02;1
128076530;0.02;0
128112753;0.02;1
128197851;0.02;0
128216781;0.021;1
128270659;0.021;0
128310209;0.021;1
128368035;0.021;0
128425697;0.02;1
128485606;0.02;0
128580182;0.021;0
128610838;0.021;1
128673521;0.021;0
128705655;0.021;1
128765885;0.021;0
128798833;0.021;1
128864672;0.021;0
128898013;0.02;1
128968379;0.02;0
128999860;0.02;1
129074405;0.02;0
129107363;0.02;1
129165336;0.02;0
129204139;0.022;1
129255851;0.022;0
129296711;0.021;1
129407878;0.02;1
129484770;0.02;0
129518361;0.018;1
129590957;0.021;1
129660474;0.021;0
129696840;0.02;1
129765245;0.02;0
129799410;0.022;1
129865000;0.022;0
129897013;0.02;1
129994227;0.018;1
130064235;0.018;0
130095700;0.021;1
130165441;0.021;0
130176557;0.023;1
130243421;0.023;0
130297458;0.021;1
130359288;0.021;0
130398055;0.021;1
130457447;0.021;0
130491760;0.019;1
130586630;0.021;1
130643636;0.021;0
130677638;0.021;1
130734535;0.021;0
130776909;0.022;1
130866565;0.02;1
130917799;0.02;0
130971736;0.021;1
131041861;0.021;0
131074235;0.02;1
131142243;0.02;0
131174646;0.021;1
131264633;0.021;1
131321578;0.021;0
131362142;0.02;1
131424786;0.02;0
131457581;0.021;1
131516006;0.021;0
131559751;0.021;1
131624459;0.021;0
131683813;0.022;1
131807929;0.019;0
131901734;0.019;0
131963659;0.021;1
132025307;0.021;0
132063247;0.022;1
132147656;0.021;1
132211530;0.021;0
132265596;0.021;1
132316828;0.021;0
132355583;0.022;1
132411893;0.022;0
132453635;0.022;1
132533125;0.022;0
132557138;0.022;1
132609621;0.022;0
132643029;0.022;1
132697798;0.022;0
132737171;0.021;1
132797168;0.021;0
132834769;0.02;1
132892388;0.02;0
132935739;0.02;1
133033722;0.021;1
133094645;0.021;0
133142725;0.021;1
133194395;0.021;0
133236406;0.02;1
133344950;0.022;1
133432902;0.022;1
133494409;0.022;0
133551929;0.022;1
133610431;0.022;0
133621854;0.021;1
133680268;0.021;0
133722769;0.022;1
133787638;0.022;0
133820675;0.021;1
133902708;0.021;0
133935748;0.021;1
134004750;0.021;0
134016825;0.021;1
134074832;0.021;0
134113879;0.022;1
134177620;0.022;0
134301045;0.02;0
134315483;0.021;1
134367251;0.021;0
134421328;0.021;1
134483927;0.021;0
134519211;0.022;1
134591158;0.022;0
134623837;0.021;1
134704785;0.021;0
134724132;0.021;1
134790709;0.021;0
134876617;0.021;0
134922095;0.021;1
134973854;0.021;0
135013865;0.021;1
135073609;0.021;0
135108594;0.02;1
135189513;0.02;0
135200810;0.02;1
135264735;0.02;0
135296605;0.02;1
135362358;0.02;0
135396743;0.022;1
135465588;0.022;0
135502231;0.02;1
135565234;0.02;0
135603401;0.021;1
135681943;0.021;0
135696736;0.022;1
135757701;0.022;0
135797664;0.021;1
135856551;0.021;0
135894448;0.021;1
135950796;0.021;0
135990232;0.023;1
136069072;0.023;0
136083852;0.021;1
136136828;0.021;0
136195886;0.022;1
136257495;0.022;0
136291041;0.021;1
136362016;0.021;0
136394817;0.024;1
136482703;0.021;1
136543630;0.021;0
136582535;0.021;1
136636068;0.021;0
136696387;0.021;1
136764527;0.021;0
136777669;0.02;1
136834219;0.02;0
136905953;0.022;1
136968049;0.022;1
137023602;0.022;0
137084636;0.022;1
137140299;0.022;0
137184810;0.021;1
137239752;0.021;0
137273571;0.021;1
137368096;0.022;1
137462767;0.022;1
137533613;0.022;0
137566850;0.021;1
137675735;0.021;1
137773048;0.021;1
137844457;0.021;0
137856787;0.022;1
137964437;0.022;1
138032157;0.022;0
138050941;0.02;1
138120033;0.02;0
138187868;0.021;1
138248493;0.02;1
138310327;0.02;0
138365960;0.022;1
138417617;0.022;0
138448708;0.021;1
138508932;0.021;0
138547238;0.021;1
138642807;0.022;1
138704660;0.022;0
138743759;0.022;1
138801112;0.022;0
138840504;0.021;1
138912231;0.021;0
138953518;0.022;1
139012771;0.022;0
139045135;0.022;1
139116813;0.022;0
139136725;0.02;1
139200864;0.02;0
139243460;0.019;1
139298708;0.019;0
139339882;0.02;1
139396145;0.02;0
139428825;0.021;1
139512427;0.021;0
139545501;0.022;1
139596788;0.022;0
139628463;0.022;1
139694841;0.022;0
139735217;0.021;1
139792871;0.021;0
139826033;0.022;1
139880727;0.022;0
139920321;0.021;1
140012869;0.021;0
140033608;0.021;1
140096757;0.021;0
140139975;0.021;1
140199907;0.021;0
140240534;0.021;1
140294736;0.021;0
140339903;0.021;1
140414825;0.018;1
140474769;0.018;0
140514234;0.022;1
140575307;0.022;0
140630835;0.023;1
140694027;0.023;0
140712688;0.021;1
140774596;0.021;0
140813734;0.023;1
140886459;0.023;0
140904576;0.022;1
140963646;0.022;0
141012924;0.02;1
141074827;0.02;0
141112809;0.02;1
141168063;0.02;0
141199846;0.021;1
141284204;0.021;0
141301287;0.021;1
141363895;0.021;0
141405644;0.021;1
141462864;0.021;0
141498511;0.021;1
141562879;0.021;0
141594700;0.022;1
141672144;0.022;0
141716565;0.021;1
141773660;0.021;0
141792795;0.022;1
141853169;0.022;0
141913618;0.022;1
141975830;0.022;0
142007344;0.022;1
142065032;0.022;0
142102601;0.022;1
142175566;0.022;0
142187261;0.023;1
142252932;0.023;0
142287302;0.021;1
142343144;0.021;0
142399258;0.02;1
142480817;0.022;1
142535181;0.022;0
142594368;0.02;1
142663043;0.02;0
142696838;0.023;1
142772389;0.023;0
142783484;0.022;1
142848426;0.022;0
142880559;0.021;1
142942226;0.021;0
142973708;0.021;1
143062831;0.021;0
143078283;0.023;1
143144523;0.023;0
143178883;0.022;1
143240978;0.022;0
143275759;0.021;1
143342051;0.021;0
143377153;0.022;1
143467001;0.022;1
143524901;0.022;0
143565828;0.022;1
143633605;0.022;0
143667162;0.022;1
143720955;0.022;0
143764250;0.02;1
143823254;0.02;0
143863539;0.02;1
143964774;0.02;1
144025364;0.02;0
144063938;0.023;1
144124432;0.023;0
144155621;0.022;1
144305123;0.02;1
144364182;0.02;1
144424472;0.02;0
144462269;0.02;1
144513874;0.02;0
144547549;0.022;1
144604018;0.022;0
144664091;0.021;1
144750879;0.021;1
144819634;0.021;0
144922986;0.02;0
144941629;0.02;1
145004434;0.02;0
145057508;0.023;1
145123637;0.023;0
145163211;0.02;1
145237643;0.022;1
145303001;0.022;0
145337641;0.021;1
145405184;0.021;0
145445340;0.022;1
145504712;0.022;0
145540077;0.021;1
145624032;0.021;0
145637854;0.022;1
145695492;0.022;0
145734049;0.02;1
145802750;0.02;0
145839353;0.021;1
145901286;0.021;0
145943692;0.021;1
146005513;0.021;0
146023234;0.022;1
146097133;0.022;0
146136357;0.02;1
146199784;0.02;0
146234644;0.021;1
146339577;0.022;1
146397950;0.022;0
146437523;0.022;1
146511551;0.022;0
146523071;0.021;1
146581050;0.021;0
146614136;0.02;1
146676208;0.02;0
146729580;0.021;1
146793733;0.021;0
146835325;0.021;1
146918791;0.021;1
146985332;0.021;0
147020811;0.021;1
147075539;0.021;0
147112741;0.02;1
147170916;0.02;0
147212807;0.023;1
147266800;0.023;0
147384214;0.022;0
147424757;0.02;1
147479351;0.02;0
147515049;0.021;1
147581387;0.021;0
147686147;0.021;0
147698100;0.021;1
147783282;0.021;0
147801254;0.02;1
147867725;0.02;0
147906682;0.023;1
147966532;0.023;0
147997803;0.02;1
148065759;0.02;0
148097264;0.02;1
148164617;0.02;0
148202344;0.023;1
148267899;0.023;0
148313425;0.022;1
148372872;0.022;0
148454549;0.021;0
148485567;0.021;1
148552671;0.021;0
148586467;0.02;1
148681828;0.022;1
148741836;0.022;0
148796557;0.023;1
148856345;0.023;0
148892791;0.022;1
148953788;0.022;0
148996835;0.021;1
149054983;0.021;0
149096640;0.021;1
149166813;0.021;0
149180236;0.022;1
149233829;0.022;0
149290642;0.022;1
149342333;0.022;0
149391880;0.02;1
149454528;0.02;0
149499964;0.021;1
149555730;0.021;0
149572507;0.019;1
149643975;0.019;0
149675522;0.021;1
149728068;0.021;0
149773967;0.022;1
149827896;0.022;0
149865358;0.02;1
149934834;0.02;0
149967628;0.02;1
150033828;0.02;0
150064594;0.02;1
150132283;0.02;0
150164756;0.022;1
150225674;0.022;0
150259840;0.021;1
150352120;0.021;0
150369806;0.023;1
150434440;0.023;0
150468622;0.021;1
150528875;0.021;0
150564900;0.021;1
150633896;0.021;0
150666832;0.021;1
150734129;0.021;0
150747449;0.02;1
150836164;0.02;0
150849150;0.02;1
150907482;0.02;0
150943768;0.021;1
151019189;0.021;0
151057863;0.021;1
151118274;0.021;0
151164207;0.022;1
151253717;0.021;1
151308346;0.021;0
151342298;0.022;1
151406234;0.022;0
151439639;0.02;1
151497536;0.02;0
151535549;0.021;1
151600709;0.021;0
151664431;0.021;1
151722618;0.021;0
151735306;0.022;1
151794939;0.022;0
151831217;0.02;1
151894089;0.02;0
151934033;0.021;1
151997817;0.021;0
152036524;0.021;1
152123711;0.021;0
152134972;0.022;1
152195100;0.022;0
152228631;0.02;1
152292599;0.02;0
152334806;0.022;1
152391806;0.022;0
152484689;0.02;0
152535882;0.023;1
152599112;0.023;0
152636866;0.02;1
152697189;0.02;0
152734841;0.021;1
152792403;0.021;0
152836220;0.022;1
152894041;0.022;0
152933597;0.021;1
153077804;0.021;0
153134093;0.019;1
153188715;0.019;0
153219680;0.021;1
153281700;0.021;0
153314239;0.02;1
153392259;0.02;0
153425741;0.02;1
153504445;0.021;1
153567181;0.021;0
153604150;0.021;1
153656504;0.021;0
153721787;0.022;1
153776825;0.022;0
153808517;0.022;1
153906611;0.02;1
153966525;0.02;0
153999924;0.022;1
154063713;0.022;0
154098634;0.021;1
154157016;0.021;0
154195395;0.019;1
154272776;0.019;0
154291031;0.02;1
154346843;0.02;0
154396801;0.021;1
154487284;0.021;1
154565066;0.021;0
154601223;0.021;1
154666449;0.021;0
154700529;0.02;1
154795238;0.021;1
154852009;0.021;0
154996399;0.022;1
155064253;0.022;0
155079330;0.022;1
155136984;0.022;0
155194363;0.021;1
155249970;0.021;0
155292250;0.021;1
155345556;0.021;0
155384776;0.021;1
155444655;0.021;0
155475722;0.022;1
155544641;0.022;0
155575541;0.022;1
155662679;0.022;0
155673707;0.022;1
155745805;0.022;0
155776512;0.022;1
155842774;0.022;0
155874695;0.022;1
155952416;0.022;0
155964514;0.022;1
156049167;0.022;0
156061511;0.022;1
156120939;0.022;0
156178556;0.022;1
156244141;0.022;0
156276773;0.022;1
156345324;0.022;0
156438318;0.022;0
156471231;0.02;1
156529823;0.02;0
156566440;0.022;1
156626868;0.022;0
156664573;0.022;1
156756978;0.021;1
156816454;0.021;0
156954234;0.022;1
157012197;0.022;0
157054473;0.021;1
157151381;0.021;1
157203462;0.021;0
157341239;0.021;1
157393677;0.021;0
157462375;0.02;1
157518061;0.02;0
157554625;0.021;1
157623911;0.021;0
157662106;0.022;1
157732692;0.022;0
157773880;0.021;1
157837611;0.021;1
157898273;0.021;0
157938775;0.02;1
158007452;0.02;0
158043065;0.02;1
158095611;0.02;0
158137840;0.022;1
158226060;0.022;0
158244632;0.022;1
158302615;0.022;0
158344573;0.02;1
158407843;0.02;0
158423610;0.02;1
158539680;0.02;1
158614175;0.02;0
158625725;0.023;1
158720108;0.02;1
158787695;0.02;0
158824376;0.021;1
158924293;0.021;1
158996852;0.021;0
159034733;0.021;1
159094492;0.021;0
159129909;0.022;1
159194534;0.022;0
159225516;0.022;1
159295704;0.022;0
159326480;0.021;1
159386560;0.021;0
159420089;0.021;1
159492682;0.021;0
159529964;0.02;1
159602040;0.02;0
159616971;0.022;1
159677467;0.022;0
159710555;0.021;1
159772522;0.021;0
159804488;0.021;1
159882067;0.021;0
159913690;0.022;1
159993596;0.022;0
160006862;0.021;1
160087571;0.021;0
160098555;0.022;1
160167738;0.022;0
160199773;0.021;1
160310646;0.022;1
160384286;0.022;0
160401322;0.022;1
160466507;0.022;0
160501224;0.021;1
160563918;0.021;0
160596706;0.022;1
160672243;0.022;0
160703711;0.021;1
160773281;0.021;0
160826915;0.022;1
160886216;0.022;1
160939078;0.022;0
161003479;0.022;1
161065380;0.022;0
161100643;0.02;1
161166857;0.02;0
161201036;0.021;1
161287475;0.019;1
161339660;0.019;0
161393840;0.02;1
161456344;0.02;0
161491639;0.021;1
161563161;0.021;0
161574904;0.022;1
161645236;0.022;0
161706161;0.02;1
161773792;0.02;1
161845641;0.02;0
161877366;0.022;1
161944211;0.022;0
161975629;0.02;1
162045825;0.02;0
162076615;0.02;1
162155114;0.02;0
162172374;0.02;1
162229815;0.02;0
162262541;0.02;1
162319254;0.02;0
162378788;0.021;1
162435843;0.021;0
162459526;0.021;1
162515613;0.021;0
162582727;0.02;1
162645317;0.02;0
162656705;0.021;1
162718388;0.021;0
162754320;0.02;1
162824874;0.02;0
162857647;0.02;1
162921346;0.02;0
162953776;0.02;1
163043548;0.02;0
163054701;0.019;1
163154200;0.02;1
163218828;0.02;0
163252398;0.02;1
163318205;0.02;0
163353805;0.021;1
163445473;0.02;1
163514010;0.02;0
163546712;0.02;1
163607226;0.02;0
163645979;0.021;1
163700216;0.021;0
163765386;0.02;1
163836324;0.021;0
163848382;0.021;1
163920013;0.021;0
163936279;0.021;1
164000359;0.021;0
164035691;0.021;1
164093353;0.021;0
164135702;0.021;1
164196416;0.021;0
164269984;0.022;1
164330688;0.022;1
164397057;0.022;0
164434550;0.02;1
164491694;0.02;0
164533405;0.023;1
164597088;0.023;0
164635954;0.022;1
164687688;0.022;0
164734430;0.02;1
164812902;0.02;0
164825956;0.021;1
164886643;0.021;0
164938747;0.021;1
164998251;0.021;0
165038031;0.02;1
165094131;0.02;0
165200283;0.022;0
165234145;0.021;1
165293988;0.021;0
165333608;0.022;1
165389059;0.022;0
165411853;0.022;1
165472184;0.022;0
165524565;0.021;1
165613423;0.022;1
165670417;0.022;0
165731146;0.021;1
165788505;0.021;0
165832315;0.021;1
165885689;0.021;0
165923329;0.022;1
165997830;0.022;0
166010316;0.021;1
166064632;0.021;0
166103075;0.021;1
166158604;0.021;0
166216409;0.021;1
166271210;0.021;0
166311774;0.021;1
166385122;0.021;0
166397910;0.021;1
166467338;0.021;0
166513675;0.021;1
166582250;0.021;0
166603669;0.022;1
166667707;0.022;0
166701834;0.022;1
166775086;0.022;0
166809300;0.021;1
166883493;0.021;0
166899812;0.022;1
166951534;0.022;0
167046031;0.02;0
167102642;0.021;1
167167991;0.021;0
167203916;0.019;1
167293867;0.022;1
167364807;0.022;0
167399283;0.021;1
167455574;0.021;0
167489797;0.022;1
167550033;0.022;0
167581858;0.02;1
167654240;0.02;0
167686411;0.02;1
167771979;0.02;0
167789403;0.021;1
167867524;0.021;0
167878585;0.021;1
167946246;0.021;0
167977677;0.022;1
168045847;0.022;0
168078749;0.022;1
168164665;0.022;0
168187780;0.021;1
168242854;0.021;0
168285287;0.022;1
168337943;0.022;0
168377403;0.021;1
168434998;0.021;0
168466859;0.022;1
168535079;0.022;0
168591414;0.02;1
168665931;0.021;1
168723252;0.021;0
168758715;0.02;1
168824910;0.02;0
168864343;0.021;1
169007572;0.02;0
169084830;0.021;1
169147051;0.021;0
169160932;0.02;1
169223168;0.02;0
169256154;0.022;1
169317990;0.022;0
169353486;0.022;1
169415412;0.022;0
169453660;0.022;1
169557967;0.019;1
169614042;0.019;0
169649793;0.021;1
169700628;0.021;0
169743875;0.021;1
169811076;0.021;0
169844639;0.021;1
169915585;0.021;0
169965555;0.022;1
170025349;0.022;0
170042807;0.022;1
170152178;0.021;1
170214935;0.021;0
170249722;0.022;1
170301741;0.022;0
170363435;0.021;1
170419188;0.021;0
170434169;0.021;1
170553681;0.02;1
170614902;0.02;0
170647732;0.02;1
170719405;0.02;0
170730556;0.019;1
170826342;0.021;1
170895083;0.021;0
170929859;0.022;1
171043775;0.021;1
171094905;0.021;0
171134152;0.02;1
171194877;0.02;0
171239998;0.02;1
171304608;0.02;0
171317068;0.02;1
171377697;0.02;0
171415494;0.022;1
171484169;0.02320000101_000005_192721_accel_adxl375.csv@171488099;1.7639999;0.147;0.147;@20000101_000005_192721_baro_icp10111.csv@171492067;-22.210954;36.977844;101592.088;2.4698658
171519801;0.021;1
171595509;0.021;0
171612322;0.02;1
171712169;0.019;1
171773639;0.019;0
171815635;0.02;1
171871209;0.02;0
171913411;0.02;1
171975862;0.02;0
172017060;0.021;1
172075170;0.021;0
172142403;0.019;1
172201568;0.019;0
172214450;0.02;1
172270153;0.02;0
172301629;0.02;1
172365949;0.02;0
172399757;0.021;1
172469441;0.021;0
172523767;0.021;1
172599621;0.021;1
172665329;0.021;0
172697948;0.02;1
172772897;0.02;0
172809623;0.02;1
172867873;0.02;0
172904672;0.02;1
173074997;0.021;0
173116280;0.02;1
173186039;0.019;0
173198032;0.019;1
173265533;0.019;0
173297915;0.02;1
173358360;0.02;0
173383627;0.02;1
173446370;0.02;0
173486619;0.02;1
173557344;0.02;0
173595480;0.021;1
173657254;0.021;0
173695198;0.02;1
173788069;0.021;1
173847616;0.021;0
173878617;0.019;1
173964090;0.019;0
173980476;0.02;1
174038700;0.02;0
174077627;0.019;1
174144856;0.019;0
174177169;0.019;1
174242974;0.019;0
174274537;0.02;1
174355404;0.02;0
174381469;0.017;1
174454195;0.017;0
174466069;0.019;1
174534146;0.019;0
174574289;0.02;1
174645366;0.02;0
174676685;0.02;1
174743931;0.02;0
174807366;0.02;1
174879989;0.019;1
174947324;0.019;0
175023566;0.019;0
175075177;0.023;1
175143134;0.023;0
175175475;0.02;1
175266984;0.021;1
175319937;0.021;0
175356099;0.02;1
175422919;0.02;0
175465069;0.02;1
175524733;0.02;0
175560857;0.019;1
175673082;0.02;1
175746885;0.02;1
175812850;0.02;0
175857019;0.02;1
175956544;0.019;1
176017383;0.019;0
176049550;0.02;1
176128495;0.02;0
176142496;0.02;1
176203691;0.02;0
176259242;0.021;1
176315811;0.021;0
176346608;0.022;1
176436484;0.022;1
176523887;0.022;0
176538606;0.021;1
176593691;0.021;0
176637770;0.021;1
176693979;0.021;0
176733276;0.02;1
176788972;0.02;0
176855813;0.02;1
176941456;0.02;1
176996815;0.02;0
177044080;0.021;1
177098182;0.021;0
177142722;0.02;1
177200560;0.02;0
177241283;0.021;1
177298120;0.021;0
177353440;0.019;1
177408704;0.019;0
177421122;0.019;1
177477471;0.019;0
177536069;0.022;1
177604351;0.022;0
177635767;0.021;1
177702992;0.021;0
177714876;0.019;1
177794629;0.019;0
177830563;0.019;1
177889098;0.019;0
177983691;0.019;0
178035911;0.021;1
178088574;0.021;0
178132764;0.02;1
178187516;0.02;0
178230639;0.021;1
178302326;0.021;0
178314753;0.02;1
178378878;0.02;0
178411999;0.02;1
178476931;0.02;0
178509108;0.021;1
178575352;0.021;0
178607974;0.02;1
178700904;0.02;1
178766787;0.02;0
178801659;0.019;1
178866588;0.019;0
178905954;0.02;1
178968281;0.02;0
179000723;0.02;1
179088635;0.02;0
179109577;0.02;1
179168277;0.02;0
179205368;0.021;1
179259506;0.021;0
179292901;0.02;1
179364042;0.02;0
179395771;0.021;1
179470519;0.021;0
179501570;0.019;1
179585081;0.019;1
179645020;0.019;0
179699344;0.017;1
179756433;0.017;0
179795110;0.021;1
179855962;0.021;0
179897388;0.022;1
179992797;0.02;1
180088743;0.02;1
180147967;0.02;0
180180058;0.018;1
180243521;0.018;0
180277791;0.019;1
180343157;0.019;0
180409900;0.02;1
180482078;0.02;1
180538186;0.02;0
180571282;0.019;1
180635557;0.019;0
180686590;0.019;1
180755968;0.019;0
180767506;0.021;1
180863333;0.021;0
180886303;0.019;1
180961687;0.02;0
180974069;0.02;1
181033582;0.02;0
181069450;0.019;1
181122499;0.019;0
181177818;0.021;1
181255189;0.021;0
181278215;0.021;1
181346938;0.021;0
181412686;0.02;0
181482740;0.021;1
181545975;0.021;0
181557570;0.02;1
181616451;0.02;0
181758859;0.022;1
181820195;0.022;0
181851679;0.022;1
181905902;0.022;0
181965076;0.02;1
182017515;0.02;0
182049650;0.019;1
182115199;0.019;0
182156598;0.02;1
182219073;0.02;0
182250633;0.022;1
182315275;0.022;0
182350966;0.022;1
182456783;0.02;1
182528552;0.02;0
182540556;0.02;1
182622940;0.02;0
182657848;0.02;1
182734718;0.022;1
182798431;0.022;0
182850605;0.021;1
182924899;0.021;0
182936617;0.02;1
183035251;0.021;1
183098644;0.021;0
183132276;0.023;1
183197086;0.023;0
183232003;0.02;1
183295913;0.02;0
183327738;0.022;1
183411520;0.022;0
183443261;0.021;1
183504734;0.021;0
183536190;0.02;1
183588802;0.02;0
183629159;0.019;1
183696138;0.019;0
183719849;0.021;1
183778652;0.021;0
183845556;0.02;1
183899936;0.02;0
183935700;0.019;1
183991023;0.019;0
184026901;0.019;1
184096231;0.019;0
184112818;0.022;1
184177962;0.022;0
184211846;0.021;1
184302185;0.021;0
184314671;0.021;1
184371212;0.021;0
184435941;0.02;1
184494218;0.02;0
184506906;0.022;1
184566298;0.022;0
184619261;0.017;1
184676416;0.017;0
184735506;0.021;1
184789739;0.021;0
184826913;0.022;1
184887087;0.022;0
184923643;0.022;1
184986067;0.022;0
185023610;0.02;1
185094373;0.02;0
185113646;0.02;1
185218218;0.02;1
185277792;0.02;0
185312725;0.022;1
185385681;0.022;0
185396528;0.021;1
185456803;0.021;0
185508861;0.02;1
185598001;0.018;1
185667350;0.018;0
185701347;0.02;1
185765503;0.02;0
185798612;0.02;1
185866371;0.02;0
185900811;0.021;1
185969869;0.021;0
186001797;0.021;1
186084286;0.02;1
186137419;0.02;0
186191742;0.021;1
186255408;0.021;0
186288911;0.021;1
186388454;0.021;1
186474289;0.02;0
186491018;0.02;1
186543683;0.02;0
186583408;0.022;1
186639255;0.022;0
186673683;0.021;1
186735126;0.021;0
186790826;0.019;1
186856677;0.019;0
186894280;0.021;1
186959060;0.021;0
186971572;0.02;1
187037767;0.02;0
187073499;0.021;1
187153433;0.021;0
187164677;0.02;1
187228780;0.02;0
187291218;0.019;1
187350943;0.019;0
187362561;0.02;1
187421088;0.02;0
187475282;0.021;1
187528177;0.021;0
187573862;0.021;1
187635602;0.021;0
187669584;0.02;1
187810004;0.019;0
187865781;0.02;1
187924637;0.02;0
187967793;0.019;1
188034374;0.019;0
188050324;0.021;1
188115104;0.021;0
188176183;0.02;1
188229663;0.02;0
188268243;0.018;1
188322752;0.018;0
188346366;0.02;1
188405823;0.02;0
188443609;0.021;1
188514383;0.021;0
188548327;0.019;1
188642301;0.02;1
188696164;0.02;0
188755881;0.019;1
188819953;0.019;0
188854567;0.021;1
188918112;0.021;0
188950625;0.02;1
189034346;0.02;0
189058061;0.021;1
189116861;0.021;0
189210796;0.02;0
189244913;0.022;1
189302841;0.022;0
189340010;0.02;1
189396591;0.02;0
189433013;0.022;1
189533963;0.021;1
189592145;0.021;0
189625208;0.019;1
189686247;0.019;0
189723698;0.02;1
189796153;0.02;0
189835767;0.022;1
189926621;0.021;1
189994998;0.021;0
190037830;0.02;1
190097897;0.02;0
190193843;0.021;0
190227984;0.022;1
190423588;0.022;1
190496884;0.022;0
190511156;0.022;1
190568865;0.022;0
190621822;0.02;1
190684617;0.02;0
190717190;0.02;1
190800956;0.02;0
190817460;0.021;1
190875055;0.021;0
190983527;0.021;0
191073498;0.02;0
191117197;0.02;1
191178278;0.02;0
191290514;0.021;0
191303707;0.021;1
191366087;0.021;0
191398821;0.021;1
191467529;0.021;0
191502818;0.021;1
191570624;0.021;0
191603500;0.021;1
191688316;0.021;0
191699701;0.02;1
191755340;0.02;0
191810410;0.02;1
191866663;0.02;0
191905268;0.021;1
191967476;0.021;0
192002314;0.021;1
192090941;0.022;1
192156435;0.022;0
192190943;0.02;1
192244603;0.02;0
192284951;0.02;1
192353667;0.02;0
192445687;0.021;0
192523960;0.022;1
192647407;0.021;0
192685722;0.019;1
192751420;0.019;0
192788918;0.02;1
192859922;0.02;0
192874207;0.021;1
192952831;0.021;0
192999943;0.021;1
193068248;0.021;0
193079725;0.02;1
193166185;0.02;0
193177662;0.021;1
193238121;0.021;0
193270013;0.019;1
193330796;0.019;0
193375296;0.022;1
193459793;0.022;0
193472840;0.021;1
193544738;0.021;0
193575786;0.022;1
193643901;0.022;0
193675770;0.021;1
193763840;0.02;1
193818862;0.02;0
193901103;0.02;1
193956755;0.02;1
194022915;0.02;0
194060400;0.021;1
194112592;0.021;0
194154581;0.021;1
194207884;0.021;0
194270786;0.02;1
194355031;0.02;1
194422125;0.02;0
194454559;0.019;1
194509671;0.019;0
194566511;0.022;1
194623751;0.022;0
194655684;0.021;1
194720221;0.021;0
194753336;0.02;1
194812861;0.02;0
194850027;0.019;1
194911307;0.019;0
194957992;0.021;1
195036617;0.021;0
195047579;0.022;1
195117544;0.022;0
195157758;0.022;1
195303138;0.02;0
195343576;0.023;1
195397630;0.023;0
195437608;0.02;1
195492404;0.02;0
195544096;0.021;1
195603521;0.021;0
195677552;0.023;1
195745536;0.021;1
195808348;0.021;0
195841627;0.021;1
195907475;0.021;0
195945952;0.023;1
196002159;0.023;0
196034288;0.021;1
196126714;0.021;1
196187199;0.021;0
196222892;0.021;1
196279360;0.021;0
196337382;0.021;1
196403743;0.021;0
196424047;0.022;1
196606369;0.023;0
196618656;0.021;1
196687708;0.021;0
196779779;0.021;0
196813297;0.02;1
196877298;0.02;0
196916571;0.023;1
197010180;0.021;1
197070987;0.021;0
197122594;0.022;1
197196429;0.022;0
197208951;0.022;1
197270485;0.022;0
197302611;0.02;1
197364773;0.02;0
197426783;0.021;1
197491948;0.021;0
197504789;0.022;1
197568870;0.022;0
197600619;0.02;1
197665783;0.02;0
197701086;0.022;1
197775619;0.022;0
197807639;0.022;1
197895619;0.021;1
197969388;0.021;0
198002535;0.022;1
198077301;0.022;0
198110910;0.02;1
198173606;0.02;0
198190200;0.022;1
198242827;0.022;0
198309224;0.022;1
198365334;0.022;0
198396611;0.022;1
198469293;0.022;0
198501385;0.023;1
198565531;0.023;0
198599451;0.021;1
198665930;0.021;0
198697662;0.023;1
198787271;0.022;1
198840771;0.022;0
198896790;0.022;1
198968746;0.022;0
198980145;0.022;1
199054775;0.022;0
199090782;0.023;1
199165033;0.023;0
199210525;0.021;1
199279024;0.023;1
199340360;0.023;0
199372947;0.022;1
199425914;0.022;0
199484623;0.022;1
199546432;0.022;0
199577717;0.022;1
199673346;0.023;1
199734045;0.023;0
199768899;0.022;1
199835070;0.022;0
199868588;0.023;1
199927664;0.023;0
199970357;0.022;1
200094953;0.022;1
200166754;0.022;1
200228311;0.022;0
200260424;0.024;1
200322812;0.024;0
200355534;0.022;1
200417687;0.022;0
200475885;0.023;1
200548743;0.023;0
200560793;0.021;1
200621200;0.021;0
200720464;0.021;0
200753449;0.022;1
200814805;0.022;0
200854836;0.023;1
200970434;0.021;1
201043466;0.023;1
201101242;0.023;0
201156515;0.023;1
201212568;0.023;0
201246197;0.022;1
201302549;0.022;0
201344393;0.021;1
201421509;0.021;0
201464897;0.021;1
201557157;0.022;1
201612635;0.022;0
201644142;0.023;1
201701739;0.023;0
201734606;0.022;1
201794862;0.022;0
201855954;0.022;1
201907615;0.022;0
201942136;0.021;1
202013771;0.021;0
202049552;0.023;1
202106023;0.023;0
202153756;0.021;1
202221506;0.021;0
202234247;0.021;1
202332354;0.023;1
202396635;0.023;0
202436979;0.022;1
202498215;0.022;0
202535182;0.023;1
202595312;0.023;0
202636331;0.024;1
202720203;0.021;1
202773681;0.021;0
202814833;0.022;1
202886677;0.022;0
202993636;0.023;0
203031409;0.023;1
203093717;0.023;0
203143923;0.022;1
203289051;0.023;0
203307209;0.021;1
203377867;0.021;0
203412391;0.023;1
203468015;0.023;0
203587131;0.023;0
203608516;0.024;1
203703765;0.021;1
203814723;0.021;1
203874005;0.021;0
203917221;0.022;1
203975422;0.022;0
204008999;0.021;1
204067143;0.021;0
204103619;0.021;1
204191847;0.021;0
204203773;0.021;1
204264584;0.021;0
204295601;0.022;1
204365615;0.022;0
204396561;0.023;1
204473030;0.023;0
204504593;0.022;1
204599655;0.022;1
204696037;0.022;1
204760565;0.022;0
204796613;0.02;1
204850126;0.02;0
204887158;0.023;1
204944939;0.023;0
205020843;0.02;1
205073773;0.02;0
205086457;0.021;1
205146531;0.021;0
205177494;0.021;1
205244100;0.021;0
205276054;0.022;1
205354039;0.022;0
205387757;0.021;1
205476302;0.022;1
205544824;0.022;0
205582295;0.021;1
205646674;0.021;0
205682878;0.02;1
205740187;0.02;0
205777778;0.019;1
205839052;0.019;0
205900691;0.02;1
205968314;0.019;1
206023451;0.019;0
206076692;0.02;1
206138226;0.02;0
206171695;0.02;1
206235177;0.02;0
206266948;0.02;1
206355641;0.02;0
206366762;0.018;1
206433267;0.018;0
206466144;0.021;1
206543560;0.021;0
206555359;0.018;1
206619796;0.018;0
206655735;0.02;1
206746627;0.02;0
206762594;0.019;1
206823212;0.019;0
206855863;0.019;1
206921068;0.019;0
207017976;0.021;0
207053777;0.02;1
207190504;0.019;1
207316672;0.021;0
207350375;0.02;1
207410862;0.02;0
207447974;0.019;1
207508030;0.019;0
207542722;0.019;1
207638491;0.017;1
207744153;0.019;1
207805736;0.019;0
207839121;0.02;1
207936250;0.021;1
207992389;0.021;0
208035612;0.02;1
208133945;0.02;1
208203247;0.02;0
208238082;0.019;1
208294345;0.019;0
208343143;0.019;1
208399868;0.019;0
208433588;0.02;1
208531383;0.018;1
208597362;0.018;0
208636446;0.019;1
208698764;0.019;0
208743609;0.021;1
208802680;0.021;0
208834756;0.022;1
208919204;0.021;1
208972417;0.021;0
209073201;0.02;0
209135846;0.02;1
209198438;0.02;0
209216804;0.019;1
209272890;0.019;0
209335002;0.019;1
209391626;0.019;0
209433064;0.019;1
209489758;0.019;0
209513054;0.019;1
209574855;0.019;0
209614511;0.02;1
209670611;0.02;0
209723878;0.022;1
209803072;0.02;1
209866296;0.02;0
209901534;0.02;1
209982576;0.02;0
210014567;0.02;1
210085695;0.02;0
210098295;0.022;1
210166115;0.022;0
210236160;0.02;1
210304720;0.02;1
210358144;0.02;0
210404204;0.02;1
210466632;0.02;0
210503637;0.021;1
210564995;0.021;0
210630463;0.019;1
210693381;0.022;1
210750072;0.022;0
210813385;0.02;1
210874311;0.02;0
210889006;0.019;1
210945631;0.019;0
211000181;0.02;1
211076545;0.02;0
211145255;0.02;0
211200840;0.02;1
211256715;0.02;0
211297157;0.019;1
211357466;0.019;0
211393030;0.021;1
211488582;0.018;1
211556442;0.018;0
211592518;0.02;1
211653794;0.02;0
211689623;0.021;1
211745555;0.021;0
211776676;0.021;1
211845374;0.021;0
211879213;0.021;1
211956775;0.021;0
211968618;0.02;1
212029714;0.02;0
212081713;0.02;1
212184616;0.022;1
212244965;0.022;0
212277527;0.02;1
212352540;0.02;0
212386814;0.02;1
212448209;0.02;0
212460316;0.026;1
212522584;0.026;0
212559337;0.022;1
212617877;0.022;0
212679165;0.02;1
212733438;0.02;0
212763718;0.021;1
212966593;0.023;1
213064812;0.025;1
213153894;0.021;1
213243180;0.021;0
213267932;0.021;1
213330769;0.021;0
213365572;0.021;1
213421778;0.021;0
213516563;0.019;0
213556815;0.021;1
213620674;0.021;0
213655322;0.019;1
213739996;0.02;0
213758374;0.02;1
213810485;0.02;0
213845041;0.023;1
213903443;0.023;0
213942875;0.021;1
213996493;0.021;0
214036627;0.021;1
214144408;0.021;1
214216187;0.021;0
214249608;0.022;1
214313746;0.022;0
214357952;0.019;1
214433372;0.02;1
214495506;0.02;0
214546445;0.02;1
214610022;0.02;0
214645214;0.02;1
214700828;0.02;0
214732602;0.021;1
214794749;0.021;0
214827763;0.019;1
214879752;0.019;0
214973456;0.019;1
215029631;0.02;1
215091109;0.02;0
215139396;0.021;1
215197975;0.021;0
215233796;0.02;1
215295814;0.02;0
215326654;0.021;1
215447029;0.021;1
215500216;0.021;0
215516145;0.021;1
215578069;0.021;0
215631531;0.021;1
215697949;0.021;0
215710019;0.021;1
215777510;0.021;0
215816478;0.021;1
215891393;0.021;0
215942403;0.02;1
216001473;0.02;0
216017791;0.021;1
216075435;0.021;0
216118510;0.021;1
216180451;0.021;0
216212596;0.021;1
216297903;0.021;0
216312056;0.019;1
216371418;0.019;0
216405649;0.02;1
216500781;0.02;1
216570402;0.02;0
216602229;0.019;1
216664370;0.019;0
216719318;0.021;1
216780882;0.021;0
216793582;0.022;1
216858757;0.022;0
216891041;0.02;1
216964755;0.02;0
216995585;0.021;1
217074977;0.021;0
217086868;0.02;1
217162310;0.02;0
217222040;0.022;1
217283515;0.023;1
217385124;0.021;1
217455457;0.021;0
217491956;0.021;1
217564077;0.021;0
217675419;0.023;0
217692249;0.022;1
217757467;0.022;0
217789417;0.021;1
217857653;0.021;0
217890417;0.022;1
217965798;0.022;0
217977171;0.022;1
218062225;0.022;0
218088045;0.021;1
218149847;0.021;0
218184521;0.02;1
218238586;0.02;0
218276444;0.02;1
218329547;0.02;0
218366801;0.019;1
218434013;0.019;0
218488581;0.019;1
218566561;0.018;1
218626837;0.018;0
218666431;0.02;1
218724289;0.02;0
218764438;0.02;1
218818680;0.02;0
218876787;0.021;1
218964031;0.019;1
219065418;0.02;1
219135221;0.02;0
219169777;0.02;1
219233261;0.02;0
219268593;0.02;1
219319568;0.02;0
219445858;0.02;0
219465681;0.021;1
219523642;0.021;0
219558548;0.02;1
219621493;0.02;0
219655639;0.019;1
219716842;0.019;0
219753875;0.019;1
219849414;0.02;1
219901672;0.02;0
219944769;0.021;1
219999456;0.021;0
220040989;0.019;1
220096741;0.019;0
220138229;0.018;1
220205950;0.018;0
220272859;0.02;1
220345439;0.019;1
220396842;0.019;0
220442884;0.02;1
220496606;0.02;0
220543037;0.021;1
220596555;0.021;0
220635617;0.022;1
220807846;0.021;0
220826880;0.02;1
220898351;0.02;0
220934280;0.02;1
221005168;0.02;0
221023605;0.019;1
221097037;0.019;0
221137618;0.021;1
221220016;0.021;0
221234690;0.021;1
221298110;0.021;0
221334686;0.021;1
221395054;0.021;0
221440104;0.021;1
221504742;0.021;0
221515733;0.022;1
221619671;0.021;1
221714787;0.021;1
221772853;0.021;0
221815836;0.021;1
221891747;0.021;0
221927318;0.021;1
221994722;0.021;0
222013485;0.022;1
222076250;0.022;0
222137042;0.022;1
222202341;0.022;0
222213792;0.022;1
222268135;0.022;0
222305605;0.021;1
222359127;0.021;0
222416930;0.022;1
222474932;0.022;0
222510752;0.022;1
222603313;0.022;1
222658466;0.022;0
222714899;0.021;1
222777811;0.021;0
222809755;0.021;1
222875637;0.021;0
222915778;0.021;1
222974787;0.021;0
223007569;0.022;1
223074556;0.022;0
223113627;0.021;1
223178460;0.021;0
223190107;0.022;1
223251807;0.022;0
223305013;0.021;1
223365462;0.021;0
223416054;0.019;1
223481814;0.019;0
223564857;0.021;0
223597736;0.021;1
223668738;0.021;0
223701366;0.021;1
223764807;0.021;0
223795689;0.022;1
223887012;0.02;1
223962838;0.02;0
223994687;0.021;1
224064523;0.021;0
224076369;0.021;1
224142567;0.021;0
224180356;0.021;1
224241882;0.021;0
224273789;0.021;1
224367357;0.021;0
224378616;0.023;1
224446642;0.023;0
224479449;0.02;1
224545146;0.02;0
224579960;0.021;1
224645949;0.021;0
224681070;0.021;1
224747005;0.021;0
224853582;0.022;0
224868113;0.022;1
224924606;0.022;0
224967662;0.021;1
225039734;0.021;0
225073206;0.021;1
225133714;0.021;0
225169452;0.02;1
225262850;0.02;1
225334621;0.02;0
225366892;0.021;1
225432602;0.021;0
225465068;0.02;1
225536191;0.02;0
225569492;0.021;1
225622868;0.021;0
225695292;0.022;1
225762890;0.022;1
225824765;0.022;0
225863512;0.022;1
225919752;0.022;0
226001813;0.02;0
226057817;0.022;1
226113626;0.022;0
226164238;0.022;1
226217760;0.022;0
226256055;0.021;1
226311964;0.021;0
226357753;0.021;1
226421379;0.021;0
226438178;0.02;1
226495968;0.02;0
226555813;0.019;1
226633395;0.02;1
226695634;0.02;0
226735320;0.022;1
226793980;0.022;0
226833770;0.02;1
226891853;0.02;0
226932594;0.021;1
227027632;0.021;1
227085156;0.021;0
227128244;0.02;1
227246749;0.02;1
227299711;0.02;0
227340630;0.021;1
227394786;0.021;0
227436700;0.02;1
227490271;0.02;0
227524811;0.022;1
227592321;0.022;0
227624593;0.023;1
227695789;0.023;0
227736430;0.021;1
227793892;0.021;0
227815048;0.02;1
227905900;0.02;0
227924044;0.021;1
228014862;0.021;1
228076883;0.021;0
228115258;0.021;1
228174552;0.021;0
228208967;0.021;1
228265448;0.021;0
228318175;0.022;1
228398380;0.022;0
228419460;0.02;1
228483769;0.02;0
228532625;0.021;1
228589693;0.021;0
228624739;0.021;1
228703808;0.02;1
228774016;0.02;0
228816807;0.02;1
228904151;0.021;1
228965557;0.021;0
228997823;0.02;1
229067872;0.02;0
229100694;0.021;1
229174748;0.021;0
229209641;0.022;1
229260919;0.022;0
229296838;0.022;1
229389000;0.022;1
229449380;0.022;0
229503675;0.022;1
229565913;0.022;0
229597786;0.022;1
229668292;0.022;0
229717543;0.021;1
229773671;0.021;0
229791823;0.021;1
229846892;0.021;0
229913596;0.021;1
229973951;0.021;0
229992202;0.021;1
230047791;0.021;0
230081400;0.022;1
230178723;0.022;1
230231774;0.022;0
230345565;0.022;0
230390608;0.022;1
230444161;0.022;0
230479820;0.021;1
230544257;0.021;0
230594891;0.021;1
230663833;0.021;0
230684181;0.022;1
230785932;0.021;1
230864272;0.021;0
230875689;0.023;1
230954604;0.023;0
230965757;0.021;1
231045244;0.021;0
231082639;0.022;1
231134703;0.022;0
231174651;0.021;1
231230111;0.021;0
231269454;0.022;1
231378470;0.021;1
231454757;0.021;0
231469019;0.02;1
231534608;0.02;0
231569802;0.022;1
231642120;0.022;0
231653679;0.021;1
231718618;0.021;0
231810675;0.02;0
231867804;0.022;1
231954429;0.022;1
232020088;0.022;0
232051806;0.022;1
232120562;0.022;0
232211953;0.021;0
232247282;0.022;1
232298822;0.022;0
232351951;0.022;1
232418142;0.022;0
232450828;0.022;1
232514200;0.022;0
232547513;0.021;1
232599520;0.021;0
232644219;0.022;1
232696734;0.022;0
232763435;0.021;1
232820228;0.021;0
232833712;0.021;1
232895516;0.021;0
232943937;0.02;1
232998937;0.02;0
233042184;0.021;1
233098133;0.021;0
233135589;0.021;1
233206547;0.021;0
233240333;0.022;1
233303262;0.022;0
233334547;0.021;1
233396943;0.021;0
233430749;0.021;1
233493851;0.021;0
233543150;0.019;1
233619285;0.019;0
233632477;0.022;1
233695217;0.022;0
233728141;0.021;1
233798312;0.021;0
233818109;0.022;1
233889856;0.022;0
233936240;0.021;1
233995406;0.021;0
234031441;0.021;1
234124730;0.02;1
234186916;0.02;0
234227812;0.021;1
234279614;0.021;0
234317817;0.02;1
234379397;0.02;0
234413807;0.022;1
234476544;0.022;0
234519821;0.021;1
234584310;0.021;0
234616273;0.023;1
234675822;0.023;0
234723064;0.021;1
234787619;0.021;0
234804313;0.021;1
234864807;0.021;0
234917631;0.021;1
234995331;0.021;0
235020763;0.021;1
235084690;0.021;0
235116787;0.021;1
235182476;0.021;0
235213581;0.022;1
235269308;0.022;0
235301803;0.022;1
235383572;0.022;0
235400535;0.021;1
235461064;0.021;0
235493038;0.02;1
235572294;0.02;0
235605821;0.021;1
235669678;0.021;0
235714209;0.022;1
235772719;0.022;0
235788816;0.021;1
235866656;0.021;0
235901192;0.02;1
235979699;0.02;0
236054541;0.02;0
236161847;0.021;0
236199048;0.022;1
236263075;0.022;0
236326813;0.021;1
236387639;0.021;1
236442686;0.021;0
236481571;0.022;1
236536027;0.022;0
236590124;0.021;1
236662478;0.021;0
236673784;0.022;1
236776770;0.022;1
236836094;0.022;0
236871360;0.022;1
236932318;0.022;0
236973855;0.022;1
237053961;0.022;0
237065583;0.021;1
237134123;0.021;0
237170660;0.021;1
237265920;0.022;1
237333239;0.022;0
237366867;0.021;1
237421797;0.021;0
237463688;0.021;1
237517639;0.021;0
237572034;0.022;1
237671083;0.021;1
237738211;0.021;0
237771469;0.022;1
237838190;0.022;0
237869784;0.021;1
237927342;0.021;0
237973436;0.022;1
238034935;0.022;0
238069200;0.021;1
238149552;0.022;1
238214777;0.022;0
238246830;0.021;1
238351475;0.022;1
238423025;0.022;0
238511510;0.022;0
238547478;0.022;1
238602926;0.022;0
238644195;0.02;1
238698539;0.02;0
238740192;0.021;1
238797038;0.021;0
238839031;0.022;1
238897514;0.022;0
238935937;0.022;1
239016487;0.022;0
239053702;0.021;1
239116709;0.021;0
239148762;0.021;1
239206774;0.021;0
239244309;0.02;1
239301485;0.02;0
239342303;0.022;1
239430683;0.022;1
239503662;0.022;0
239543748;0.022;1
239595278;0.022;0
239642079;0.021;1
239696572;0.021;0
239743684;0.023;1
239824115;0.02;1
239879137;0.02;0
239920455;0.022;1
239989859;0.022;0
240042115;0.021;1
240099126;0.021;0
240141533;0.023;1
240198652;0.023;0
240230109;0.023;1
240317891;0.022;1
240370998;0.022;0
240416340;0.021;1
240469058;0.021;0
240534957;0.021;1
240595667;0.021;0
240608988;0.022;1
240697433;0.022;0
240716094;0.021;1
240819816;0.021;1
240875641;0.021;0
240912978;0.023;1
240966565;0.023;0
241021996;0.02;1
241102997;0.022;1
241184050;0.022;0
241201984;0.022;1
241255662;0.022;0
241317128;0.022;1
241377663;0.022;0
241410780;0.022;1
241469390;0.022;0
241500890;0.021;1
241595117;0.02;1
241657355;0.02;0
241696085;0.021;1
241796147;0.021;1
241858416;0.021;0
241897825;0.023;1
242009566;0.021;1
242067244;0.021;0
242102435;0.021;1
242163573;0.021;0
242195784;0.02;1
242263427;0.02;0
242294535;0.022;1
242365072;0.022;0
242399842;0.022;1
242463125;0.022;0
242496528;0.02;1
242554155;0.02;0
242586849;0.02;1
242683802;0.022;1
242803639;0.021;1
242868286;0.021;0
242880414;0.022;1
242936640;0.022;0
242990261;0.021;1
243143121;0.021;0
243184262;0.019;1
243252301;0.019;0
243285040;0.021;1
243344474;0.021;0
243375697;0.021;1
243442134;0.021;0
243480625;0.021;1
243544364;0.021;0
243575503;0.019;1
243669604;0.02;1
243734260;0.02;0
243767236;0.021;1
243854521;0.021;0
243867808;0.022;1
243933507;0.022;0
243964625;0.021;1
244034075;0.021;0
244086277;0.022;1
244144611;0.022;0
244157085;0.021;1
244212968;0.021;0
244253833;0.02;1
244317764;0.02;0
244458450;0.021;1
244543402;0.021;0
244554534;0.022;1
244613818;0.022;0
244647979;0.022;1
244714244;0.022;0
244749182;0.022;1
244818078;0.022;0
244944372;0.021;1
244998231;0.021;0
245065070;0.02;1
245133626;0.02;0
245145349;0.021;1
245199940;0.021;0
245241437;0.019;1
245297820;0.019;0
245335066;0.021;1
245418121;0.021;0
245449843;0.023;1
245515394;0.023;0
245547711;0.022;1
245616208;0.022;0
245629634;0.019;1
245746115;0.02;1
245831856;0.022;1
245891290;0.022;0
245922772;0.022;1
245985467;0.022;0
246047029;0.021;1
246101658;0.021;0
246141403;0.02;1
246221725;0.022;1
246291332;0.022;0
246322541;0.021;1
246378828;0.021;0
246513385;0.021;1
246570844;0.021;0
246621798;0.022;1
246693320;0.022;0
246727025;0.021;1
246787221;0.021;0
246821218;0.023;1
246885253;0.023;0
246917677;0.021;1
246972170;0.021;0
247007128;0.021;1
247065738;0.021;0
247128261;0.022;1
247222122;0.021;1
247317679;0.021;1
247369661;0.021;0
247409381;0.023;1
247466553;0.023;0
247530114;0.021;1
247589680;0.021;0
247602040;0.022;1
247668102;0.022;0
247702595;0.021;1
247775668;0.021;0
247810578;0.021;1
247883606;0.021;0
247894514;0.02;1
247956062;0.02;0
247990630;0.02;1
248059888;0.02;0
248113653;0.021;1
248173606;0.021;0
248207057;0.021;1
248264463;0.021;0
248295776;0.021;1
248386577;0.021;1
248442454;0.021;0
248482639;0.021;1
248544964;0.021;0
248599612;0.02;1
248664655;0.02;0
248695772;0.021;1
248755638;0.021;0
248818119;0.021;1
248881758;0.021;1
248940385;0.021;0
248976329;0.021;1
249033786;0.021;0
249085780;0.022;1
249153638;0.022;0
249190853;0.022;1
249263736;0.022;0
249282705;0.02;1
249344207;0.02;0
249378423;0.021;1
249442723;0.021;0
249475796;0.021;1
249545155;0.021;0
249576592;0.022;1
249643572;0.022;0
249675969;0.02;1
249853703;0.021;0
249865108;0.021;1
249923171;0.021;0
249964282;0.022;1
250029118;0.022;0
250132159;0.02;0
250238978;0.022;0
250253029;0.022;1
250316458;0.022;0
250362727;0.02;1
250414936;0.02;0
250528797;0.021;0
250564906;0.021;1
250637886;0.021;0
250649970;0.021;1
250716240;0.021;0
250757668;0.022;1
250813939;0.022;0
250845758;0.019;1
250943031;0.022;1
250995232;0.022;0
251062491;0.021;1
251118774;0.021;0
251156152;0.02;1
251216464;0.02;0
251248648;0.022;1
251312048;0.022;0
251349726;0.021;1
251543721;0.022;1
251603806;0.022;0
251634934;0.022;1
251734730;0.022;1
251791078;0.022;0
251829417;0.022;1
251886238;0.022;0
251935663;0.022;1
251989133;0.022;0
252031430;0.021;1
252089701;0.021;0
252128785;0.021;1
252184501;0.021;0
252239292;0.021;1
252291604;0.021;0
252355667;0.02;1
252426843;0.021;1
252478739;0.021;0
252582954;0.022;0
252620034;0.02;1
252683789;0.02;0
252715010;0.021;1
252798206;0.021;0
252812940;0.021;1
252867936;0.021;0
252910679;0.021;1
252976820;0.021;0
253009105;0.021;1
253077312;0.021;0
253109030;0.023;1
253177029;0.023;0
253210087;0.019;1
253269962;0.019;0
253311633;0.023;1
253374081;0.023;0
253423391;0.02;1
253477534;0.02;0
253518515;0.021;1
253574473;0.021;0
253633279;0.021;1
253689723;0.021;0
253702501;0.021;1
253759846;0.021;0
253797574;0.02;1
253907234;0.021;1
253967562;0.021;0
254005147;0.022;1
254092618;0.022;1
254193096;0.021;1
254264168;0.021;0
254297953;0.021;1
254363379;0.021;0
254397776;0.02;1
254493713;0.023;1
254550665;0.023;0
254585161;0.022;1
254648444;0.022;0
254699660;0.021;1
254764692;0.021;0
254813737;0.021;1
254900591;0.022;1
254960870;0.022;0
254992707;0.022;1
255062483;0.022;0
255093569;0.022;1
255166053;0.022;0
255177856;0.022;1
255245463;0.022;0
255277757;0.021;1
255368044;0.021;0
255379539;0.02;1
255437801;0.02;0
255471799;0.022;1
255544926;0.022;0
255576751;0.021;1
255642202;0.021;0
255674765;0.021;1
255742071;0.021;0
255776299;0.021;1
255844755;0.021;0
255875546;0.021;1
255943853;0.021;0
255975578;0.02;1
256064599;0.021;1
256125521;0.021;0
256245607;0.018;0
256257739;0.021;1
256319510;0.021;0
256407727;0.02;0
256453555;0.022;1
256556870;0.02;1
256616231;0.02;0
256671999;0.02;1
256755028;0.021;1
256809597;0.021;0
256854463;0.02;1
256916029;0.02;0
256955232;0.02;1
257016154;0.02;0
257049573;0.021;1
257133428;0.021;0
257145926;0.021;1
257199501;0.021;0
257241286;0.021;1
257296999;0.021;0
257420686;0.023;0
257456590;0.023;1
257541534;0.019;1
257612081;0.019;0
257653648;0.023;1
257718754;0.023;0
257758057;0.021;1
257813815;0.021;0
257853671;0.022;1
257913926;0.022;0
257946559;0.022;1
258043828;0.021;1
258098899;0.021;0
258135511;0.022;1
258197685;0.022;0
258228792;0.022;1
258294084;0.022;0
258328225;0.022;1
258412144;0.022;0
258423858;0.022;1
258487252;0.022;0
258521161;0.022;1
258587805;0.022;0
258621218;0.022;1
258680236;0.022;0
258717324;0.021;1
258783595;0.021;0
258819816;0.022;1
258877404;0.022;0
258920214;0.022;1
258977455;0.022;0
259013235;0.022;1
259074523;0.022;0
259114053;0.02;1
259170033;0.02;0
259305578;0.023;0
259316722;0.02;1
259376024;0.02;0
259408757;0.022;1
259467761;0.022;0
259514138;0.02;1
259578686;0.02;0
259613859;0.021;1
259699520;0.021;0
259715181;0.021;1
259783112;0.021;0
259861773;0.023;0
259918307;0.021;1
259985642;0.021;0
259996601;0.019;1
260066765;0.019;0
260099028;0.021;1
260195377;0.022;1
260248142;0.022;0
260318743;0.028
260379278;0.021;0
260390709;0.022;1
260453707;0.022;0
260493246;0.017;1
260556697;0.017;0
260597927;0.02;1
260666086;0.02;0
260698940;0.021;1
260764210;0.021;0
260788961;0.02;1
260863382;0.02;0
260894768;0.021;1
260982109;0.021;1
261065116;0.021;0
261098265;0.02;1
261168148;0.02;0
261179601;0.021;1
261240774;0.021;0
261293789;0.018;1
261361828;0.018;0
261377663;0.02;1
261444185;0.02;0
261513432;0.02;1
261586531;0.02;1
261646938;0.02;0
261679220;0.02;1
261736454;0.02;0
261769764;0.021;1
261824267;0.021;0
261893767;0.02;1
261974504;0.02;1
262047578;0.02;0
262078879;0.02;1
262142516;0.02;0
262173727;0.02;1
262243651;0.02;0
262274833;0.018;1
262341890;0.018;0
262392277;0.02;1
262445780;0.02;0
262457821;0.021;1
262518051;0.021;0
262665313;0.019;1
262720534;0.019;0
262758044;0.02;1
262812075;0.02;0
262864808;0.019;1
262919963;0.019;0
263015887;0.022;0
263053832;0.019;1
263157798;0.021;1
263217198;0.021;0
263272575;0.019;1
263363464;0.021;1
263433991;0.021;0
263446535;0.019;1
263500553;0.019;0
263562090;0.02;1
263626009;0.02;0
263641953;0.019;1
263699414;0.019;0
263811509;0.02;0
263849271;0.02;1
263956444;0.022;1
264016463;0.022;0
264049084;0.021;1
264115176;0.021;0
264153679;0.021;1
264244253;0.021;1
264299001;0.021;0
264403683;0.021;0
264436444;0.021;1
264494969;0.021;0
264534921;0.021;1
264614281;0.021;0
264651454;0.021;1
264716697;0.021;0
264728078;0.023;1
264813766;0.023;0
264826272;0.022;1
264887379;0.022;0
264921501;0.022;1
264986001;0.022;0
265019611;0.022;1
265105949;0.022;0
265120529;0.021;1
265173780;0.021;0
265216037;0.021;1
265270155;0.021;0
265310467;0.022;1
265369623;0.022;0
265423282;0.022;1
265512152;0.021;1
265566778;0.021;0
265614286;0.021;1
265668624;0.021;0
265721769;0.021;1
265793895;0.021;0
265805577;0.022;1
265864532;0.022;0
265921075;0.023;1
265985138;0.023;0
266016586;0.02;1
266100965;0.021;1
266164135;0.021;0
266202935;0.021;1
266295140;0.023;1
266386525;0.023;0
266405800;0.021;1
266467592;0.021;0
266500317;0.022;1
266564597;0.022;0
266595746;0.021;1
266674325;0.021;0
266707891;0.022;1
266772416;0.022;0
266830357;0.02;1
266895525;0.021;1
266966332;0.021;0
266998378;0.021;1
267065961;0.021;0
267104889;0.022;1
267168182;0.022;0
267179740;0.022;1
267240837;0.022;0
267286751;0.022;1
267395182;0.02;1
267446518;0.02;0
267488766;0.024;1
267546811;0.024;0
267584674;0.021;1
267644655;0.021;0
267704662;0.022;1
267770552;0.021;1
267828765;0.021;0
267887519;0.022;1
267944296;0.022;0
267977002;0.021;1
268084505;0.02;1
268170982;0.022;1
268224765;0.022;0
268264214;0.021;1
268321052;0.021;0
268372750;0.02;1
268442621;0.02;0
268473635;0.022;1
268542170;0.022;0
268595551;0.02;1
268667442;0.022;1
268743523;0.022;0
268754884;0.02;1
268822332;0.02;0
268860012;0.022;1
268932513;0.022;0
268965706;0.021;1
269066614;0.022;1
269128977;0.022;0
269148459;0.022;1
269219914;0.022;0
269252161;0.022;1
269304875;0.022;0
269345820;0.02;1
269419755;0.02;0
269456620;0.021;1
269546261;0.02;1
269599217;0.02;0
269640475;0.021;1
269705054;0.021;0
269738414;0.02;1
269807454;0.02;0
269840493;0.022;1
269903043;0.022;0
269972549;0.021;1
270043188;0.022;1
270099815;0.022;0
270142053;0.021;1
270200426;0.021;0
270241795;0.024;1
270298279;0.024;0
270330434;0.022;1
270408262;0.022;0
270441811;0.023;1
270512117;0.023;0
270546211;0.022;1
270599487;0.022;0
270645389;0.022;1
270711801;0.022;0
270727045;0.022;1
270782715;0.022;0
270856397;0.023;1
270912714;0.023;0
270923755;0.021;1
270983663;0.021;0
271044804;0.021;1
271097939;0.021;0
271142711;0.022;1
271198826;0.022;0
271231944;0.023;1
271317008;0.021;1
271375504;0.021;0
271419612;0.024;1
271477023;0.024;0
271573787;0.021;0
271613847;0.022;1
271707316;0.021;1
271767832;0.021;0
271819667;0.022;1
271876669;0.022;0
271915159;0.021;1
271971121;0.021;0
272003004;0.024;1
272091979;0.024;0
272109512;0.022;1
272162800;0.022;0
272202170;0.023;1
272258343;0.023;0
272309837;0.021;1
272378336;0.021;0
272411994;0.023;1
272493406;0.022;0
272505073;0.022;1
272576426;0.022;0
272607761;0.022;1
272666143;0.022;0
272720295;0.021;1
272783696;0.021;0
272797414;0.022;1
272855790;0.022;0
272891913;0.021;1
272989627;0.022;1
273046679;0.022;0
273084816;0.021;1
273145295;0.021;0
273200984;0.021;1
273264160;0.021;0
273296621;0.022;1
273372763;0.022;0
273405992;0.022;1
273467628;0.022;0
273478744;0.023;1
273584543;0.023;1
273651789;0.023;0
273685116;0.021;1
273762549;0.021;0
273774664;0.022;1
273870694;0.022;0
273897715;0.021;1
273965112;0.021;0
273976875;0.022;1
274043817;0.022;0
274076988;0.022;1
274145466;0.022;0
274176644;0.022;1
274239971;0.022;0
274298509;0.021;1
274359371;0.021;0
274370814;0.022;1
274445574;0.022;0
274478878;0.021;1
274554851;0.021;0
274566477;0.023;1
274643398;0.023;0
274678221;0.021;1
274776571;0.023;1
274837372;0.023;0
274869240;0.021;1
274934213;0.021;0
274965693;0.023;1
275034245;0.023;0
275067814;0.021;1
275129231;0.021;0
275165517;0.023;1
275246205;0.023;0
275257837;0.021;1
275330270;0.021;0
275361500;0.023;1
275419742;0.023;0
275451030;0.022;1
275515455;0.022;0
275549779;0.021;1
275619842;0.021;0
275659823;0.021;1
275724461;0.021;0
275741633;0.023;1
275813790;0.023;0
275849469;0.022;1
275913656;0.022;0
275955787;0.021;1
276045779;0.021;1
276099257;0.021;0
276143689;0.023;1
276198756;0.023;0
276252142;0.022;1
276334700;0.023;1
276390077;0.023;0
276470512;0.019;1
276532465;0.023;1
276594695;0.023;0
276635269;0.022;1
276719912;0.022;0
276732143;0.022;1
276794798;0.022;0
276842502;0.02;1
276922233;0.023;0
276938000;0.023;1
277033005;0.023;1
277091067;0.023;0
277133389;0.021;1
277194139;0.021;0
277237459;0.021;1
277291339;0.021;0
277340275;0.023;1
277400304;0.023;0
277414260;0.022;1
277479135;0.022;0
277577675;0.022;0
277629772;0.021;1
277684528;0.021;0
277734632;0.022;1
277811328;0.021;1
277924844;0.022;1
277987914;0.022;0
278033622;0.021;1
278095914;0.021;0
278107590;0.022;1
278168202;0.022;0
278221256;0.022;1
278275868;0.022;0
278317230;0.022;1
278378282;0.022;0
278413611;0.021;1
278486666;0.021;0
278497621;0.021;1
278565483;0.021;0
278598908;0.021;1
278694137;0.022;1
278793599;0.021;1
278895247;0.021;1
278949398;0.021;0
279001690;0.02;1
279070497;0.02;0
279122466;0.021;1
279183110;0.021;0
279195106;0.021;1
279285722;0.022;1
279343378;0.022;0
279399292;0.021;1
279455122;0.021;0
279588917;0.021;1
279656755;0.021;0
279696553;0.022;1
279760369;0.022;0
279795686;0.021;1
279893470;0.021;1
279964842;0.021;0
279976610;0.021;1
280069623;0.021;0
280081182;0.022;1
280154550;0.022;0
280188018;0.02;1
280251928;0.02;0
280286854;0.022;1
280344880;0.022;0
280376667;0.022;1
280477434;0.023;1
280535843;0.023;0
280569674;0.02;1
280635264;0.02;0
280668849;0.022;1
280736633;0.022;0
280771590;0.022;1
280834731;0.022;0
280875770;0.022;1
280947001;0.022;0
280958540;0.02;1
281016052;0.02;0
281072698;0.023;1
281165491;0.022;1
281228701;0.022;0
281262329;0.023;1
281345672;0.023;0
281363231;0.021;1
281419030;0.021;0
281455620;0.022;1
281514763;0.022;0
281553831;0.023;1
281744025;0.022;0
281821511;0.022;0
281842782;0.021;1
281906622;0.021;0
281941408;0.021;1
281994599;0.021;0
282042973;0.022;1
282106603;0.022;0
282143788;0.021;1
282216494;0.021;0
282248021;0.023;1
282314038;0.023;0
282349812;0.022;1
282403092;0.022;0
282444978;0.021;1
282496593;0.021;0
282537478;0.022;1
282632729;0.022;1
282737065;0.021;1
282796632;0.021;0
282845523;0.021;1
282914780;0.021;0
282925471;0.022;1
283066666;0.023;1
283145357;0.02;1
283198660;0.02;0
283239880;0.022;1
283334744;0.022;1
283395922;0.022;0
283436313;0.022;1
283522675;0.021;1
283575874;0.021;0
283686591;0.021;0
283724743;0.02;1
283796057;0.02;0
283810853;0.021;1
283871238;0.021;0
283929918;0.021;4@20000101_000005_192721_imu_bno055.csv@283962189;341.375;7568;-17469;0.96363184;0.02447319;-0.23657418
284019800;0.023;1
284072089;0.023;0
284113653;0.022;1
284174098;0.022;0
284216919;0.023;1
284270831;0.023;0
284303768;0.021;1
284382043;0.021;0
284414430;0.022;1
284477130;0.022;0
284509626;0.022;1
284574164;0.022;0
284676855;0.022;0
284716677;0.021;1
284787204;0.021;0
284826424;0.022;1
284889284;0.022;0
284900652;0.021;1
284966691;0.021;0
284997795;0.022;1
285066242;0.022;0
285099926;0.022;1
285154767;0.022;0
285195732;0.022;1
285271719;0.022;0
285302744;0.023;1
285366052;0.023;0
285401436;0.022;1
285476355;0.022;0
285487826;0.022;1
285563871;0.022;0
285597558;0.022;1
285664460;0.022;0
285699480;0.021;1
285775168;0.021;0
285786631;0.022;1
285884413;0.021;1
285946084;0.021;0
285977949;0.022;1
286047709;0.022;0
286080995;0.02;1
286165206;0.02;0
286187655;0.022;1
286247721;0.022;0
286279221;0.022;1
286340075;0.022;0
286373649;0.022;1
286446333;0.022;0
286478603;0.022;1
286558822;0.022;0
286572151;0.021;1
286636072;0.021;0
286668715;0.022;1
286744790;0.022;0
286776524;0.022;1
286862814;0.019;1
286919868;0.019;0
286981373;0.022;1
287061912;0.022;1
287120816;0.022;0
287212598;0.021;0
287259822;0.021;1
287320558;0.021;0
287432725;0.023;0
287471099;0.021;1
287538728;0.021;0
287549613;0.023;1
287607989;0.023;0
287665966;0.022;1
287735632;0.022;0
287747079;0.022;1
287815018;0.022;0
287857944;0.021;1
287916773;0.021;0
287964882;0.021;1
288025148;0.021;0
288069469;0.021;1
288144172;0.022;1
288200336;0.022;0
288321463;0.021;0
288356532;0.022;1
288429986;0.022;0
288441684;0.02;1
288499237;0.02;0
288534062;0.023;1
288593032;0.023;0
288635405;0.021;1
288716364;0.021;0
288764360;0.021;1
288825633;0.021;0
288844090;0.023;1
288899827;0.023;0
288937929;0.021;1
288994462;0.021;0
289028000;0.022;1
289112258;0.022;0
289148620;0.021;1
289206091;0.021;0
289238680;0.02;1
289304729;0.02;0
289336035;0.022;1
289406152;0.022;0
289438440;0.022;1
289536023;0.02;1
289591511;0.02;0
289634732;0.021;1
289693053;0.021;0
289729064;0.021;1
289838455;0.02;1
289899998;0.02;0
289913283;0.019;1
289987463;0.019;0
290086920;0.023;0
290120960;0.022;1
290177865;0.022;0
290219511;0.021;1
290272068;0.021;0
290305754;0.02;1
290367571;0.02;0
290419556;0.022;1
290491359;0.022;0
290502702;0.02;1
290574751;0.02;0
290610842;0.022;1
290679678;0.022;0
290725231;0.023;1
290785729;0.023;0
290826308;0.02;1
290895758;0.021;1
290969024;0.021;0
291001617;0.022;1
291057766;0.022;0
291097240;0.021;1
291164751;0.021;0
291204464;0.023;1
291259232;0.023;0
291309634;0.022;1
291365858;0.022;0
291410808;0.021;1
291467319;0.021;0
291498589;0.022;1
291574035;0.022;0
291585488;0.021;1
291649779;0.021;0
291684633;0.023;1
291769716;0.023;0
291792556;0.022;1
291843870;0.022;0
291885294;0.023;1
291940642;0.023;0
291994425;0.02;1
292064379;0.02;0
292097163;0.021;1
292156231;0.021;0
292211597;09;0.196;1
292270897;0.022;0
292282833;0.02;1
292347336;0.02;0
292379525;0.021;1
292447303;0.021;0
292478622;0.021;1
292553815;0.021;0
292609459;0.022;1
292669784;0.022;1
292722331;0.022;0
292765801;0.018;1
292833729;0.018;0
292866953;0.021;1
292934618;0.021;0
292968341;0.021;1
293045241;0.021;0
293065089;0.023;1
293179452;0.02;1
293270046;0.022;1
293324981;0.022;0
293366772;0.02;1
293436576;0.02;0
293488875;0.022;1
293556030;0.02;1
293609131;0.02;0
293663906;0.021;1
293728988;0.021;0
293765739;0.019;1
293839906;0.019;0
293851674;0.021;1
294003990;0.021;0
294067826;0.021;1
294120730;0.021;0
294158637;0.021;1
294212988;0.021;0
294245023;0.02;1
294308757;0.02;0
294360792;0.022;1
294421461;0.022;0
294455683;0.021;1
294521044;0.021;0
294537262;0.02;1
294610014;0.02;0
294654756;0.021;1
294820904;0.02;0
294832499;0.022;1
294896989;0.022;0
294943692;0.022;1
295010181;0.022;0
295046777;0.021;1
295107405;0.021;0
295138636;0.019;1
295219072;0.019;0
295236147;0.02;1
295297975;0.02;0
295330719;0.022;1
295391071;0.022;0
295433870;0.022;1
295499829;0.022;0
295521306;0.02;1
295621787;0.022;1
295707218;0.022;0
295778242;0.02;0
295816222;0.021;1
295877892;0.021;0
295934766;0.021;1
295996767;0.021;0
296020149;0.196;1
296104007;0.021;0
296176279;0.021;0
296211995;0.022;1
296264528;0.022;0
296325567;0.02;1
296381576;0.02;0
296418228;0.021;1
296471105;0.021;0
296515957;0.025;1
296574276;0.025;0
296617483;0.021;1
296691339;0.021;0
296707025;0.022;1
296768939;0.022;0
296802423;0.021;1
296878467;0.021;0
296912479;0.022;1
297004709;0.022;1
297061433;0.022;0
297095785;0.022;1
297173168;0.022;0
297204534;0.02;1
297265481;0.02;0
297297735;0.021;1
297367634;0.021;0
297403891;0.022;1
297471103;0.022;0
297503451;0.023;1
297568630;0.023;0
297599747;0.022;1
297664107;0.022;0
297699621;0.021;1
297759831;0.021;0
297872217;0.022;0
297883932;0.022;1
297948799;0.022;0
297981754;0.022;1
298046228;0.022;0
298083741;0.022;1
298147297;0.022;0
298240078;0.022;0
298295608;0.022;1
298352086;0.022;0
298388707;0.022;1
298449670;0.022;0
298481119;0.022;1
298553533;0.022;0
298587033;0.023;1
298646105;0.023;0
298761900;0.022;0
298773833;0.022;1
298839215;0.022;0
298870688;0.02;1
298945411;0.02;0
298977860;0.022;1
299046401;0.022;0
299097899;0.021;1
299168831;0.022;1
299223667;0.022;0
299285305;0.023;1
299343770;0.023;0
299386001;0.022;1
299456409;0.02;0
299470854;0.02;1
299568792;0.024;1
299632863;0.024;0
299668676;0.021;1
299743332;0.021;0
299754741;0.022;1
299821690;0.022;0
299860459;0.022;1
299927946;0.022;0
299963583;0.021;1
300048267;0.021;1
300104883;0.021;0
300211532;0.023;0
300244687;0.021;1
300313030;0.021;0
300354818;0.023;1
300418705;0.023;0
300450705;0.022;1
300536536;0.022;0
300547900;0.022;1
300637875;0.022;1
300696600;0.022;0
300754504;0.023;1
300819577;0.023;0
300834987;0.022;1
300893518;0.022;0
300962527;0.022;1
301020492;0.022;0
301031598;0.022;1
301097244;0.022;0
301136060;0.023;1
301198230;0.023;0
301229525;0.02;1
301319565;0.02;0
301336150;0.021;1
301393893;0.021;0
301434311;0.021;1
301531529;0.021;1
301586116;0.021;0
301627481;0.019;1
301684170;0.019;0
301754859;0.023;1
301819144;0.021;1
301876489;0.021;0
301982888;0.023;0
302022107;0.022;1
302086999;0.022;0
302176837;0.021;0
302226811;0.023;1
302279180;0.023;0
302320806;0.022;1
302377391;0.022;0
302422707;0.021;1
302485386;0.021;0
302525229;0.023;1
302577641;0.023;0
302639923;0.022;1
302694911;0.022;0
302713048;0.022;1
302771180;0.022;0
302813601;0.022;1
302868345;0.022;0
302921492;0.021;1
302987543;0.021;0
302999607;0.023;1
303101001;0.022;1
303179681;0.022;0
303212031;0.022;1
303275970;0.022;0
303310778;0.022;1
303373659;0.022;0
303420409;0.02;1
303475686;0.02;0
303514882;0.023;1
303590594;0.023;1
303655047;0.023;0
303712276;0.021;1
303770050;0.021;0
303786933;0.02;1
303850151;0.02;0
303902742;0.022;1
303984398;0.022;1
304070238;0.022;0
304087791;0.022;1
304141263;0.022;0
304198322;0.023;1
304257237;0.023;0
304292996;0.022;1
304392199;0.021;1
304478528;0.021;1
304538162;0.021;0
304597619;0.021;1
304656646;0.021;0
304696586;0.022;1
304791932;0.021;1
304863526;0.021;0
304901504;0.022;1
304970157;0.021;1
305034537;0.021;0
305070995;0.022;1
305127129;0.022;0
305168171;0.021;1
305227373;0.021;0
305282754;0.022;1
305373859;0.022;1
305436358;0.022;0
305472684;0.023;1
305527786;0.023;0
305566739;0.022;1
305622978;0.022;0
305676063;0.022;1
305776019;0.021;1
305844614;0.021;0
305912815;0.023;0
305957680;0.022;1
306019048;0.022;0
306118834;0.022;0
306163738;0.022;1
306258323;0.022;1
306323605;0.022;0
306416563;0.021;0
306455280;0.023;1
306516264;0.023;0
306551563;0.021;1
306617453;0.021;0
306689896;0.024;1
306758183;0.021;1
306810820;0.021;0
306846110;0.022;1
306906581;0.022;0
306939299;0.021;1
306997816;0.021;0
307035965;0.022;1
307108173;0.022;0
307152779;0.022;1
307205629;0.022;0
307242256;0.021;1
307313628;0.021;0
307351410;0.021;1
307402737;0.021;0
307443623;0.021;1
307526644;0.021;1
307588488;0.021;0
307649323;0.023;1
307700644;0.023;0
307736101;0.022;1
307799492;0.022;0
307843638;0.021;1
307910011;0.021;0
308011336;0.021;0
308025684;0.022;1
308085796;0.022;0
308119601;0.022;1
308187709;0.022;0
308218811;0.022;1
308285707;0.022;0
308321187;0.021;1
308396098;0.021;0
308432589;0.022;1
308486554;0.022;0
308530049;0.022;1
308586663;0.022;0
308680530;0.021;0
308715637;0.021;1
308778205;0.021;0
308832805;0.022;1
308895518;0.022;0
308906611;0.02;1
308969221;0.02;0
309007615;0.022;1
309079977;0.022;0
309112916;0.021;1
309178082;0.021;0
309213945;0.021;1
309296821;0.02;0
309317752;0.02;1
309379663;0.02;0
309410841;0.022;1
309471021;0.022;0
309502528;0.02;1
309567697;0.02;0
309600558;0.023;1
309674256;0.023;0
309690947;0.021;1
309749511;0.021;0
309815038;0.021;1
309871295;0.021;0
309902700;0.021;1
309969039;0.021;0
310000788;0.023;1
310090236;0.022;1
310157057;0.022;0
310189693;0.022;1
310248515;0.022;0
310301378;0.021;1
310358736;0.021;0
310396662;0.023;1
310459099;0.023;0
310492045;0.022;1
310580583;0.021;1
310637061;0.021;0
310694716;0.021;1
310754710;0.021;0
310794689;0.022;1
310854515;0.022;0
310895585;0.022;1
310985035;0.021;1
311049761;0.021;0
311082062;0.022;1
311146609;0.022;0
311177593;0.022;1
311238261;0.022;0
311272409;0.02;1
311347573;0.02;0
311392906;0.02;1
311455049;0.02;0
311466711;0.02;1
311528235;0.02;0
311563558;0.021;1
311635348;0.021;0
311667437;0.022;1
311734721;0.022;0
311767690;0.021;1
311844564;0.021;0
311855617;0.022;1
311920555;0.022;0
311957561;0.022;1
312036001;0.022;0
312068767;0.022;1
312141333;0.022;0
312153415;0.022;1
312216900;0.022;0
312270859;0.021;1
312336241;0.021;0
312347676;0.021;1
312451394;0.022;1
312513593;0.022;0
312550858;0.022;1
312610327;0.022;0
312650155;0.021;1
312735985;0.021;0
312750528;0.021;1
312850579;0.02;1
312904321;0.02;0
312943861;0.021;1
312999670;0.021;0
313055618;0.021;1
313141275;0.022;1
313199092;0.022;0
313251924;0.019;1
313336240;0.022;1
313397066;0.022;0
313496297;0.021;0
313536481;0.021;1
313627285;0.022;1
313678709;0.022;0
313744783;0.022;1
313798263;0.022;0
313832872;0.02;1
313895814;0.02;0
313929592;0.021;1
314023666;0.021;1
314085546;0.021;0
314129858;0.023;1
314185147;0.023;0
314222358;0.022;1
314274198;0.022;0
314344561;0.021;1
314421300;0.022;1
314475141;0.022;0
314517114;0.022;1
314573774;0.022;0
314637580;0.02;1
314698864;0.02;0
314710878;0.022;1
314790008;0.022;0
314808158;0.022;1
314889172;0.022;0
314923014;0.022;1
315026250;0.023;1
315134723;0.021;1
315196822;0.021;0
315208180;0.022;1
315268326;0.022;0
315308643;0.022;1
315368787;0.022;0
315406691;0.021;1
315464139;0.021;0
315504003;0.022;1
315571896;0.022;0
315613642;0.02;1
315711305;0.02;1
315780060;0.02;0
315792276;0.022;1
315859149;0.022;0
315890663;0.022;1
315960458;0.022;0
315991775;0.021;1
316049971;0.021;0
316113737;0.022;1
316172060;0.022;0
316186596;0.022;1
316242506;0.022;0
316356529;0.022;0
316397022;0.02;1
316456598;0.02;0
316496690;0.022;1
316585995;0.021;1
316646260;0.021;0
316677864;0.022;1
316745669;0.022;0
316778637;0.023;1
316849332;0.023;0
316880775;0.021;1
316938125;0.021;0
317004680;0.02;1
317068310;0.02;0
317079736;0.021;1
317147229;0.021;0
317179489;0.022;1
317238181;0.022;0
317272285;0.021;1
317344240;0.021;0
317377185;0.021;1
317472971;0.021;1
317538396;0.021;0
317574579;0.021;1
317668326;0.021;1
317735904;0.021;0
317768986;0.02;1
317836330;0.02;0
317891638;0.024;1
317962377;0.021;1
318015939;0.021;0
318058417;0.022;1
318119481;0.022;0
318154779;0.021;1
318210122;0.021;0
318267607;0.022;1
318343429;0.022;0
318354558;0.022;1
318422010;0.022;0
318458213;0.021;1
318553683;0.022;1
318615157;0.022;0
318654719;0.021;1
318710116;0.021;0
318759965;0.021;1
318815584;0.021;0
318918273;0.023;0
318951381;0.02;1
319021170;0.02;0
319057568;0.022;1
319120482;0.022;0
319152522;0.02;1
319245045;0.021;1
319300118;0.021;0
319338295;0.02;1
319399155;0.02;0
319438136;0.022;1
319497266;0.022;0
319531722;0.02;1
319617149;0.02;0
319658198;0.022;1
319718118;0.022;0
319730317;0.02;1
319802523;0.02;0
319837620;0.021;1
319910469;0.021;0
319944748;0.021;1
320044152;0.023;1
320110801;0.023;0
320121736;0.021;1
320221956;0.022;1
320283837;0.022;0
320336850;0.021;1
320388635;0.021;0
320431127;0.023;1
320503541;0.023;0
320516617;0.021;1
320570353;0.021;0
320623479;0.023;1
320676532;0.023;0
320719639;0.021;1
320773985;0.021;0
320817917;0.022;1
320909664;0.021;1
320965561;0.021;0
321014545;0.023;1
321078573;0.023;0
321120627;0.021;1
321174782;0.021;0
321207208;0.021;1
321267449;0.021;0
321340628;0.021;1
321399381;0.021;0
321410750;0.022;1
321470499;0.022;0
321501707;0.022;1
321558330;0.022;0
321620427;0.023;1
321687048;0.023;0
321705115;0.021;1
321799168;0.021;1
321870811;0.021;0
321904324;0.022;1
321966948;0.022;0
322000218;0.022;1
322076090;0.022;0
322089774;0.02;1
322146595;0.02;0
322201111;0.022;1
322261422;0.022;0
322292727;0.021;1
322387949;0.021;1
322462094;0.021;0
322576569;0.021;0
322587693;0.02;1
322679833;0.021;0
322691731;0.021;1
322757668;0.021;0
322887640;0.02;1
322959229;0.02;0
323055509;0.023;0
323116016;0.022;1
323176722;0.022;1
323229696;0.022;0
323296771;0.02;1
323352055;0.02;0
323369290;0.022;1
323422779;0.022;0
323562326;0.021;0
323577967;0.021;1
323636407;0.021;0
323667655;0.022;1
323747687;0.022;0
323781791;0.021;1
323846093;0.021;0
323878645;0.022;1
323944336;0.022;0
323992987;0.021;1
324062896;0.022;1
324135621;0.022;0
324167645;0.023;1
324228626;0.023;0
324262481;0.021;1
324326894;0.021;0
324363716;0.022;1
324455019;0.022;1
324517796;0.022;0
324555569;0.023;1
324663898;0.021;1
324763798;0.022;1
324823987;0.022;0
324854797;0.02;1
324920595;0.02;0
325051707;0.021;1
325105864;0.021;0
325148489;0.022;1
325203700;0.022;0
325239173;0.02;1
325314073;0.02;0
325349687;0.023;1
325416318;0.023;0
325453632;0.02;1
325518296;0.02;0
325551740;0.022;1
325617551;0.022;0
325713849;0.022;0
325747606;0.023;1
325830721;0.021;1
325897109;0.021;0
325929837;0.024;1
325994594;0.024;0
326029174;0.022;1
326095461;0.022;0
326140197;0.024;1
326202498;0.024;0
326244219;0.02;1
326299484;0.02;0
326332199;0.023;1
326390158;0.023;0
326423604;0.021;1
326511934;0.021;0
326586568;0.022;0
326679898;0.021;0
326719961;0.022;1
326776548;0.022;0
326818739;0.022;1
326872567;0.022;0
326914109;0.023;1
326993485;0.023;0
327031536;0.022;1
327126330;0.022;1
327197370;0.022;0
327208541;0.022;1
327268174;0.022;0
327327624;0.021;1
327432026;0.022;1
327488681;0.022;0
327506265;0.023;1
327565423;0.023;0
327600631;0.022;1
327662402;0.022;0
327721666;0.022;1
327775114;0.022;0
327815255;0.021;1
327904778;0.023;1
327962865;0.023;0
328058581;0.021;0
328092699;0.022;1
328158679;0.022;0
328192576;0.02;1
328280799;0.02;0
328293311;0.022;1
328370926;0.022;0
328387379;0.021;1
328461134;0.021;0
328496312;0.023;1
328557058;0.023;0
328588762;0.02;1
328647279;0.02;0
328695916;0.023;1
328796852;0.021;1
328859433;0.021;0
328893625;0.023;1
328958589;0.023;0
328990871;0.021;1
329089719;0.021;1
329157112;0.021;0
329225513;0.019;1
329345652;0.022;0
329386398;0.022;1
329450394;0.022;0
329481635;0.023;1
329547532;0.023;0
329578730;0.021;1
329679012;0.022;1
329767928;0.021;1
329829207;0.021;0
329883371;0.021;1
329943570;0.021;0
329984122;0.022;1
330044351;0.022;0
330077649;0.023;1
330167183;0.02;1
330227666;0.02;0
330266451;0.022;1
330363817;0.021;1
330435096;0.021;0
330467464;0.021;1
330544937;0.021;0
330586341;0.021;1
330655404;0.023;1
330710907;0.023;0
330755555;0.021;1
330814960;0.021;0
330849088;0.023;1
330915032;0.023;0
330947234;0.02;1
331018679;0.02;0
331054587;0.023;1
331120494;0.023;0
331151543;0.021;1
331208037;0.021;0
331241681;0.024;1
331346160;0.022;1
331414394;0.022;0
331471113;0.022;1
331531534;0.022;0
331544420;0.02;1
331609859;0.02;0
331646620;0.022;1
331710862;0.022;0
331745099;0.02;1
331799849;0.02;0
331837856;0.023;1
331917851;0.023;0
331934131;0.021;1
331995375;0.021;0
332028809;0.022;1
332094681;0.022;0
332134561;0.021;1
332201279;0.021;0
332233743;0.022;1
332293963;0.022;0
332329356;0.022;1
332382861;0.022;0
332524905;0.02;1
332584746;0.02;0
332619070;0.022;1
332678269;0.022;0
332732966;0.021;1
332799516;0.021;0
332831694;0.023;1
332894464;0.023;0
332926539;0.02;1
332989726;0.02;0
333022625;0.022;1
333086798;0.022;0
333125644;0.02;1
333219387;0.021;1
333272244;0.021;0
333314140;0.021;1
333368583;0.021;0
333408642;0.022;1
333471136;0.022;0
333600512;0.021;0
333614758;0.023;1
333678653;0.023;0
333710815;0.02;1
333765717;0.02;0
333806230;0.023;1
333870181;0.023;0
333901553;0.021;1
333953600;0.021;0
334011782;0.023;1
334067680;0.023;0
334107471;0.022;1
334164727;0.022;0
334205156;0.023;1
334274321;0.023;0
334318657;0.022;1
334377294;0.022;0
334394124;0.023;1
334477732;0.023;0
334490078;0.021;1
334565774;0.021;0
334604563;0.023;1
334669409;0.023;0
334705079;0.022;1
334797851;0.022;1
334879046;0.022;0
334898605;0.02;1
334954203;0.02;0
334988360;0.022;1
335049699;0.022;0
335081829;0.022;1
335144540;0.022;0
335199919;0.023;1
335264526;0.023;0
335275722;0.022;1
335353652;0.022;0
335386404;0.021;1
335451257;0.021;0
335482619;0.023;1
335567599;0.023;0
335579771;0.005;1
335648909;0.005;0
