65349993;3951;482;1900;0
65668162;3950;507;2000;0
65771821;3948;511;2000;0
65876738;3951;508;2000;0
65981901;3945;554;2175;0
66086075;3950;487;1925;0
66226332;3946;539;2125;0
66328887;3951;458;1800;0
66440276;3952;464;1825;0
66544130;3952;482;1900;0
66790238;3950;492;1925;0
66894410;3946;529;2075;0
66995892;3945;560;2200;0
67099303;3941;597;2350;0
67201659;3948;506;2000;0
67303903;3950;504;1975;0
67516019;3952;480;1875;0
67635158;3948;495;1950;0
67737785;3951;483;1900;0
67840456;3950;477;1875;0
68073235;3950;501;1975;0
68176597;3948;513;2025;0
68278330;3950;495;1950;0
68505827;3951;486;1900;0
68607945;3952;475;1875;0
68712188;3952;473;1850;0
68820428;3952;483;1900;0
68928991;3952;457;1800;0
69031097;3947;522;2050;0
69133167;3942;553;2175;0
69234695;3946;511;2000;0
69338005;3948;516;2025;0
69548849;3950;485;1900;0
69651257;3952;464;1825;1sglcsv@9652890;0.021;1
69752746;3950;478;1875;@20000101_000005_192721_imu_lsm6dso32.csv@69756043;1.014064;0.002928;-0.001952;-21;70;-105;1
69874133;3948;515;2025;0
69976781;3947;505;1975;0
70078138;3943;553;2175;0
70180058;3948;490;1925;0
70414693;3950;492;1925;0
70515732;3948;505;1975;0
70621382;3951;466;1825;0
70746603;3950;480;1875;0
70856691;3951;475;1875;0
70965201;3950;512;2000;0
71074846;3946;541;2125;0
71183805;3942;576;2250;.0.01464;0.017568;-14;56;-98;1
71287461;3948;491;1925;0
71392047;3952;474;1875;0
71495450;3950;490;2100;0
71613128;3951;484;1900;0
71726328;3948;503;1975;0
71830791;3948;520;2050;0
71934872;3947;523;2050;0
72071016;3942;579;2275;0
72175902;3947;515;2025;0
72277884;3948;507;2000;0
72382160;3950;491;1925;0
72508421;3948;502;1975;0
72610907;3951;491;1925;0
72712593;3950;481;1900;0
72941654;3950;491;1925;0
73042615;3951;467;1825;0
73148678;3947;509;2100;0
73250790;3950;494;1875;06;1.813;0.098;0.098;1
73369649;3943;535;2100;0
73471502;3938;622;2450;0
73572548;3947;514;2025;0
73676773;3947;519;2050;0
73779229;3950;502;2050;0
73881630;3948;508;1925;0
73988563;3947;514;2025;0
74092944;3951;488;1925;0
74200038;3943;555;2175;0
74302877;3950;511;2000;0
74406973;3948;501;1975;0
74511730;3951;475;1875;0
74620568;3950;470;1850;0
74722985;3950;495;1950;0
74825346;3950;474;1850;0
74928529;3950;489;1925;0
75036301;3951;490;1925;0
75149893;3953;456;1800;0
75251555;3943;539;2125;00101_000005_192721_accel_adxl375.csv@75255312;1.7149999;0.147;0.196;1
75359529;3950;467;1850;0
75460813;3940;580;2275;0
75561815;3938;612;2400;0
75667057;3945;550;2150;0
75773828;3948;497;1950;0
75874559;3947;523;2050;0
76083556;3950;502;1975;0
76184795;3947;497;1950;@0000101_000005_192721_accel_adxl375.csv@76188872;1.7639999;0.147;0.147;1
76289310;3950;499;1950;0
76391104;3947;505;1975;0
76499684;3947;515;2025;0
76602821;3948;504;1975;0
76704491;3945;519;2025;0
76806020;3950;496;1950;0
76910280;3951;474;1850;0
77013912;3950;481;1900;0
77114942;3948;496;1950;0
77217296;3947;498;1950;0
77329103;3946;494;1925;0
77437788;3950;488;1925;0
77545799;3945;545;2150;0
77649241;3950;481;1900;0
77750755;3945;525;2075;0
77860501;3953;460;1800;0
77964138;3943;554;2175;0
78070819;3946;514;2025;0
78172318;3947;524;2050;0
78278828;3948;503;1950;0
78384105;3948;495;1950;0
78505019;3950;489;1925;0
78608449;3950;486;1900;0
78709572;3950;502;1975;0
78822117;3946;516;2025;0
78952460;3950;473;1850;0
79055311;3950;486;1900;0
79157979;3948;497;1950;0
79263850;3946;528;2075;0
79365227;3945;541;2125;0
79469213;3942;563;2200;0
79572236;3937;629;2475;0
79674740;3942;542;2125;0
79788093;3945;550;2150;0
79896753;3943;551;2150;0
79998496;3945;556;2175;0
80099720;3943;559;2200;0
80227744;3947;470;1850;0
80330295;3946;508;2000;0
80438421;3951;471;1850;0
80542759;3947;499;1950;0
80647047;3950;479;1875;0
80751828;3946;525;2075;@20000101_000005_192721_accel_adxl375.csv@80759153;1.7639999;0.147;0.244999984;1
80853997;3948;482;1900;.csv@80855045;1.014064;-0.00488;-0.001952;-105;7;-84;1
80955623;3947;501;1975;0
81057180;3948;488;2000;0
81168054;3938;577;2225;0
81270509;3943;505;1975;0
81373121;3948;511;2000;0
81475213;3948;498;1950;0
81590870;3941;553;2175;0
81700020;3946;527;2075;0
81802194;3948;523;2050;0
81904089;3947;499;1950;0
82017958;3948;480;1875;0@20000101_000005_192721_imu_lsm6dso32.csv@82020865;1.012112;0.0;
82126201;3943;516;2025;0
82229260;3943;533;2100;0
82338248;3950;481;1875;0
82447767;3950;483;1900;0
82551322;3948;483;1900;@20000101_000005_192721_imu_lsm6dso32.csv@82556769;1.012112;0.018544;-0.003904;-7;35;-147;1
82661040;3945;519;2025;0
82765132;3943;527;2075;0
82869031;3942;542;2125;0
82972760;3943;524;2050;0
83074415;3946;521;2050;0
83187738;3946;532;2100;0
83294260;3947;507;2000;0
83412549;3947;503;1975;0
83523425;3948;470;1850;0
83625769;3948;469;1850;0
83727593;3946;486;1900;0
83864867;3938;605;2375;0
83967291;3925;723;2825;0
84068818;3945;546;2150;0
84170449;3942;558;2200;0
84292623;3941;578;2275;0
84396623;3938;537;2100;0
84504871;3947;486;1900;0
84605602;3948;505;1975;0
84708945;3942;551;2150;0
84830916;3940;566;2225;0
84932510;3946;494;1950;0
85034410;3942;527;2075;0
85139721;3950;471;1850;0
85242246;3942;546;2150;0
85349361;3931;669;2625;0
85458423;3946;519;2025;0
85589664;3948;492;1925;0
85695035;3942;515;2025;0
85800109;3941;531;2075;0
85901436;3945;533;2100;0
86005685;3946;511;2000;0
86108554;3947;488;1925;0
86210172;3943;531;2075;0
86312183;3942;539;2125;0
86413858;3945;521;2050;0
86517124;3947;485;1900;0
86619027;3947;494;1950;0
86720458;3946;493;1925;@20000101_000005_192721_baro_icp10111.csv@86733255;-22.776402;37.02057;101598.89;1.904419
86823827;3948;470;1850;0
86947535;3948;485;1900;0
87059083;3947;490;1925;0
87161612;3946;535;2100;0
87264102;3941;587;2300;0
87398037;3945;525;2075;0
87500263;3945;516;2025;0
87604667;3947;496;1950;0
87705756;3946;493;1925;0
87809370;3950;468;1850;0
87910697;3946;491;1925;0
88015456;3948;484;1900;0
88126644;3946;495;1950;0
88230006;3945;505;1975;0
88340700;3927;689;2700;0
88442699;3941;546;2150;0
88543847;3942;547;2150;0
88647034;3950;468;1850;0
88755723;3948;484;1900;0
88960843;3945;499;1950;0
89061538;3942;526;2075;0
89168681;3936;596;2325;0
89271822;3942;549;2150;0
89372598;3942;552;2175;0
89476487;3948;500;1975;0
89602050;3942;545;2150;0
89704869;3946;526;2075;0
89809484;3946;469;1850;0
89913727;3947;498;1950;0
90052278;3947;476;1875;0
90159456;3945;529;2075;0
90264021;3943;544;2150;0
90365428;3937;607;2375;0
90485139;3945;506;1975;0
90601451;3933;596;2325;0
90705711;3946;511;2000;0
90808074;3948;463;1825;0
90924586;3946;486;1900;0
91033218;3945;511;2000;0
91136339;3946;523;2050;0
91244334;3948;479;1875;0
91365726;3940;545;2150;0
91468299;3937;603;2375;0
91569792;3943;543;2125;0
91670883;3945;524;2050;0
91771847;3943;527;2075;0
91873426;3945;510;2000;0
91974830;3946;505;1975;0
92078060;3946;497;1950;0
92182322;3946;510;2000;0
92287621;3946;487;1925;0
92493802;3945;490;2125;0
92596012;3947;489;2075;0
92722459;3946;505;1975;0
92824230;3947;470;1850;0
92931868;3943;509;2000;0
93032791;3942;539;2100;0
93135689;3947;504;1975;0
93242938;3945;507;2000;0
93346259;3942;514;2025;0
93449102;3941;544;2125;0
93559787;3942;541;2125;0
93663142;3942;539;2125;0
93764568;3941;555;2175;0
93866323;3942;528;2075;0
93968329;3943;526;2075;0
94074353;3945;513;2025;0
94183124;3947;493;1925;0
94287513;3945;510;2000;0
94391055;3946;492;1925;0
94499792;3937;607;2375;0
94601496;3941;555;2175;0
94706900;3940;577;2275;0
94807813;3942;552;2175;0
94933160;3926;710;2775;0
95036490;3946;508;2000;0
95137911;3942;543;2125;0
95240927;3946;487;1925;0
95345965;3947;469;1850;0
95452767;3946;498;1950;0
95553790;3946;492;1925;0
95661143;3946;455;1800;0
95769805;3942;526;2075;0
95872394;3943;526;2075;0
95976741;3946;490;1925;0
96081089;3945;520;2050;0
96213880;3941;551;2150;0
96320472;3942;524;2050;0
96424471;3945;482;1900;0
96532330;3946;475;1875;0
96636534;3945;489;1925;0
96738305;3946;494;1950;0
96841827;3948;486;1900;0
96946656;3950;452;1775;0
97047628;3948;461;1800;0
97359296;3945;491;1925;0
97466994;3941;524;2050;0
97570941;3942;544;2125;0
97672717;3941;526;2075;0
97781049;3946;491;1925;0
97884788;3946;503;1975;0
97994688;3945;511;2000;0
98101638;3943;497;1950;0
98206139;3937;570;2225;0
98308768;3940;580;2275;0
98425048;3945;492;1925;0
98531070;3945;519;2025;0
98635656;3942;527;2075;0
98739283;3946;490;1925;0
98862989;3941;517;2025;0
98965304;3941;524;2050;0
99069899;3941;540;2125;0
99173136;3942;535;2100;0
99294217;3933;595;2325;0
99398830;3927;688;2700;0
99500317;3942;525;2050;0
99601599;3943;506;1975;0
99721461;3945;493;1925;0
99930721;3943;510;2000;0
100033552;3942;530;2075;0
100161961;3947;473;1850;0
100264228;3943;499;1950;0
100371085;3942;526;2075;0
100472768;3943;503;1975;0
100607875;3945;498;1950;0
100718063;3947;477;1875;0
100820761;3936;581;2275;0
101028089;3942;510;2000;0
101129876;3941;511;2000;0
101233993;3940;552;2175;0
101342129;3946;473;1850;0
101481290;3933;566;2225;0
101585749;3943;500;1950;0
101696416;3943;478;1875;0
101800526;3938;539;2100;0
101911439;3937;567;2225;0
102012505;3946;496;1950;0
102123871;3946;467;1950;0
102228704;3942;521;2050;0
102337352;3945;497;1950;0
102441708;3947;459;1800;0
102544174;3947;476;1875;0
102651620;3948;451;1775@20000101_000005_192721_imu_lsm6dso32.csv@102656604;1.014064;0.007808;-0.000976;-147;7;-77;1
102773009;3936;585;2300;0
102875561;3938;551;2150;0
102978618;3938;561;2200;0
103079764;3943;505;1975;0
103208897;3946;488;1925;0
103316441;3946;459;1800;0
103657412;3946;480;1875;0
103765692;3933;579;2275;0
103871875;3942;520;2050;0
103974124;3942;507;2000;0
104098035;3931;644;2525;0
104208370;3945;505;1975;0
104312168;3943;483;1900;0
104413729;3945;487;1900;0
104532454;3941;508;2000;0
104642460;3947;466;1825;0
104752232;3945;475;1850;0
104858127;3945;482;1900;0
104969594;3942;513;2000;0
105072861;3938;566;2225;0
105180690;3938;570;2225;0
105389956;3943;499;1950;0
105494091;3941;515;2025;0
105596146;3942;523;2050;0
105703253;3941;491;1925;0
105807808;3923;701;2750;0
105913154;3922;698;2725;0
106023576;3923;684;2675;0
106125694;3931;639;2500;0
106233490;3941;544;2125;0
106338711;3940;524;2050;0
106439497;3940;531;2075;0
106543586;3945;485;1900;0
106650622;3946;477;1875;@20000101_000005_192721_imu_lsm6dso32.csv@106655894;1.012112;0.00976;0.002928;-175;42;-105;1
106759096;3946;476;1875;0
106861663;3946;471;1850;0
106964981;3938;573;2250;0
107068939;3937;549;2150;0
107204766;3940;529;2075;0
107305606;3943;490;1925;0
107412539;3946;472;1850;0
107513473;3945;472;1850;0
107618607;3945;491;1925a5csv@107619784;1.813;0.098;0.196;1
107734553;3942;514;2025;0
107842722;3946;473;1850;0
107947766;3946;482;1900;0
108069953;3937;568;2225;0
108172130;3936;618;2425;0
108275865;3933;579;2275;0
108378804;3942;517;2025;0
108497007;3941;488;1900;0
108605805;3942;515;2025;0
108707363;3943;502;1975;0
108808614;3940;508;2000;0
108917847;3943;478;1875;0
109018493;3940;501;1975@20000101_000005_192721_airspeed_sdp810.csv@109022722;1270;463;4251
109221107;3937;555;2175@20000101_000005_192721_imu_lsm6dso32.csv@109223169;1.014064;0.01952;0.001952;-49;-28;-126;1
109324392;3936;581;2275;0
109426970;3938;533;2100;0
109528848;3945;485;1900;0
109631881;3942;511;2025;0
109740836;3946;477;1875;0
109841809;3943;479;1875;0
109953622;3947;457;1800;0
110065244;3945;468;1850;0
110174760;3940;537;2100;0
110298835;3930;629;2450;0
110406053;3940;536;2100;0
110513123;3945;477;1875;0
110616383;3940;528;2075;0
110733898;3942;518;2025;0
110837556;3943;495;1950;0
110946874;3942;498;1950;0
111047813;3946;470;1850;0
111169367;3940;533;2100;0
111272306;3936;565;2200;0
111378849;3941;505;1950;0
111482041;3943;493;1925;0
111614559;3940;529;2075;0
111721506;3943;473;1850;0
111824569;3945;476;1875;0
111932692;3938;535;2000;0
112062540;3942;497;2125;0
112165989;3940;524;2050;0
112270137;3940;545;2150;0
112371611;3940;526;2075;0
112472656;3942;517;2025;0
112573683;3917;736;2875;0
112674651;3943;499;1950;0
112777850;3942;509;2000;0
112880033;3943;483;1900;0
112982616;3935;599;2350;0
113083780;3941;506;1975;0
113187179;3942;506;1975@20000101_000005_192721_gnss_gga.csv@113190640;0.0;0.0;0;0;2550
113288887;3942;498;1950;0
113390461;3941;506;1975;0
113594337;3942;503;1975;0
113702834;3941;535;2100;0
113810891;3943;487;1900;0
113912614;3938;539;2100;0
114023557;3940;510;2000;0
114130609;3942;466;1825;0
114247540;3943;480;18751_000005_192721_imu_lsm6dso32.csv@114253657;1.013088;0.003904;0.008784;-77;21;-119;1
114349759;3943;487;1900;0
114451248;3943;479;18750_adxl375.csv@114452343;1.7639999;0.098;0.147;1
114689831;3942;497;1950;0
114800086;3931;631;2475;0
114902344;3940;532;2075;0
115004102;3940;519;2025;0
115123563;3935;584;2300;0
115225781;3942;481;1875;0
115328895;3940;510;2000;0
115430854;3940;507;1975;0
115548588;3943;483;1900@20000101_000005_192721_imu_bno055.csv@115560262;343.375;7575;-17313;0.961592464;0.021414042;-0.24983048
115650024;3941;508;2000;0
115751701;3941;504;197520192721_accel_adxl375.csv@115752773;1.7639999;0.098;0.196;1
115852926;3943;484;1900@20000101_000005_192721_accel_adxl375.csv@115856309;1.813;0.147;0.196;1
115974038;3937;544;2125;0
116076152;3932;600;2350;0
116177601;3933;579;2275;0
116279080;3935;584;2075;0
116422704;3942;496;1950;0
116528464;3943;504;1975;0
116639075;3945;469;1850;0
116742955;3943;483;1900;0
116853918;3945;468;1850;0
116959076;3943;475;1850;0
117062372;3936;580;2275;0
117163700;3936;536;2100;0
117268538;3932;579;2275;0
117370833;3941;522;2050;0
117473207;3941;498;1950;0
117578657;3942;511;2000;0
117686120;3941;502;1975;0
117789648;3942;501;1975;0
117995571;3938;520;2050;0
118099662;3938;536;2100;0
118225393;3935;573;2250;0
118336994;3937;564;2200;0
118440926;3941;513;2000;0
118541717;3943;482;1900;0
118661318;3941;479;1875;0
118767778;3940;526;2075;0
118870595;3940;530;2075;0
118973743;3941;512;2000;0
119078915;3941;499;1950;0
119181038;3942;512;2000;0
119284101;3931;582;2275;0
119385613;3937;554;2175;0
119514902;3935;593;2325;0
119626266;3946;465;1825;0
119736079;3942;509;2000;0
119840439;3943;497;1950;0
119967564;3938;507;1975;0
120070168;3935;552;2150;0
120171669;3938;545;2150;0
120272992;3937;550;2150;0
120390122;3936;536;2100;0
120492267;3937;560;2200;0
120593719;3938;518;2025;0
120694571;3937;531;2075;0
120817284;3942;486;1900;0
120918695;3942;488;1925;0
121027439;3942;506;1975;0
121130904;3942;502;1975;0
121254411;3942;489;1925;0
121356609;3936;550;2150;0
121473282;3937;546;2150;0
121719637;3941;488;1900;0
121820539;3942;488;19251012112;0.016592;0.021472;-42;49;-91;1
121925280;3943;482;1900;0
122036329;3942;500;1950;0
122144798;3943;473;1850;0
122266743;3938;549;2150;0
122367525;3936;561;2200;0
122469096;3938;537;2100;0
122570799;3937;552;2150;0
122671654;3935;565;2225;0
122772862;3932;604;2200;0
122874808;3938;535;2100;0
122976449;3940;513;2000;0
123077879;3940;519;2025;0
123180214;3941;502;1975;0
123281518;3941;500;1950;0
123384847;3931;569;2225;0
123491170;3942;498;1950;0
123594857;3938;519;2025;0
123695996;3932;607;2375;0
123803992;3931;615;2200;0
123909935;3941;480;1875;0
124013208;3941;493;1925;0
124116229;3942;479;1875;0
124217829;3941;490;1925;0
124334072;3940;517;2025;0
124438353;3942;503;1975;0
124539614;3941;484;1900;0
124640562;3942;494;1950;0
124745955;3940;529;2075;0
124848248;3940;542;2125;0
124955954;3943;462;1800;0
125059286;3941;490;1925;0
125191904;3937;533;2100;0
125296209;3936;534;2100;0
125413231;3936;554;2175;0
125518141;3942;484;1900112;0.012688;-0.002928;-35;0;-105;1
125624563;3942;478;1875;0
125835943;3940;543;2125;0
125943628;3941;497;1950;0
126047232;3941;487;1900;0
126148515;3942;479;1875;0
126354856;3941;491;1925;0
126460225;3941;485;1900;0
126564417;3933;559;2200;0
126671387;3941;507;2000;0
126774804;3931;601;2350;0
126893201;3940;499;1950;0
126995892;3937;527;2075;0
127096783;3937;520;2050;0
127200383;3937;522;2050;0
127302244;3937;526;2075;0
127411563;3942;471;1850;0
127514168;3935;551;2150;0
127616143;3941;477;1875;0
127738831;3936;544;2125;0
127846213;3935;551;2150;0
127956627;3943;468;1825;0
128063575;3940;488;1925;0
128200364;3937;550;2150;0
128301620;3938;539;2100;0
128404185;3936;548;2150;0
128512791;3942;472;1850;0
128627954;3942;500;1950;0
128730832;3940;504;1975;0
128836260;3942;499;1950;0
128941409;3935;563;2200;0
129054732;3937;536;2100;0
129157116;3940;479;1875;0
129258852;3937;498;1950;0
129359991;3942;477;1875;0
129482379;3941;503;1975;0
129586098;3933@20000101_000005_192721_airspeed_sdp810.csv@129588017;-98;0;4251
129695227;3936;559;2200;0
129797283;3938;541;2125;0
129927827;3932;587;2250;0
130035814;3937;535;2100;0
130143130;3937;542;2125;0
130249151;3942;485;1900;0
130356414;3942;481;1875;0
130459101;3941;478;1875;0
130563605;3936;535;2100;0
130664641;3941;552;2150;0
130766524;3940;481;2175;0
130871810;3938;522;2050;0
130973894;3940;499;1950;0
131076364;3935;583;2275;0
131177794;3936;580;2275;0
131278732;3940;506;1975;0
131380655;3940;500;1950700101_000005_192721_imu_bno055.csv@131388096;343.6875;7581;-17182;0.961592464;0.02753234;-0.25186992
131481655;3940;511;2000;0
131583012;3926;626;2450;0
131696297;3937;526;2075;0
131803516;3938;523;2050;0
131904901;3938;513;2000;0
132006488;3937;509;2000;0
132129069;3937;543;2125;0
132232686;3935;549;2150;0
132335309;3940;489;1925;0
132437092;3938;498;1950;0
132552626;3942;480;1875;0
132653673;3940;484;1900@20000101_000005_192721_imu_lsm6dso32.csv@132657184;1.0111359;0.010736;0.010736;-56;49;-168;1
132754822;3941;486;1900;0
132989904;3940;496;1950;0
133092951;3938;503;2100;0
133197072;3938;535;2100;0
133298472;3927;623;2450;0
133428805;3933;561;2200;0
133549872;3945;462;1825;0
133652194;3935;535;2100;0
133762003;3941;486;1900;0
133869493;3937;519;2025;0
133970562;3935;529;2075;0
134072729;3935;546;2125;0
134176057;3940;499;1950;0
134292706;3938;502;1975;0
134394571;3932;591;2325;0
134497437;3935;550;2150;0
134599785;3940;531;2075;0
134718018;3940;484;1900;0
134924630;3942;470;1850;0
135146142;3941;479;1875;0
135248158;3940;488;1900;0
135356072;3945;456;1800;0
135460864;3937;521;2050;0
135567719;3925;631;2475;0
135670265;3922;704;2750;0
135771589;3937;520;2025;0
135874188;3938;511;2000;0
135975779;3938;514;2025;0
136077391;3940;503;1975;0
136179130;3938;499;1950;0
136284597;3940;490;1925;0
136386645;3940;498;1950;0
136490135;3938;488;1900;0
136698413;3928;628;2450;0
136804343;3932;582;2275;0
136919760;3940;491;1925;0
137025297;3942;480;1875;0
137132111;3940;497;1950;0
137236826;3940;499;1950;0
137338590;3940;497;1950;0
137442915;3942;467;1825;0
137543761;3941;487;1900;0
137644464;3933;547;2150;0
137747729;3908;793;3100;0
137849007;3932;548;215091.csv@137850694;-22.61258;36.972504;101596.88;2.0682412
138063435;3937;529;2075;0
138196423;3940;497;1950;0
138297602;3932;543;2125;0
138398519;3935;524;2050;0
138499852;3932;550;2150;0
138619962;3938;499;1950;0
138732507;3938;508;2000;0
138838894;3935;558;2175;0
138942656;3941;476;1875;0
139043555;3941;470;1850;0
139153617;3942;467;1825;0
139254880;3940;490;1925;0
139458892;3940;486;1900;0
139559733;3938;497;1950;0
139662772;3941;472;1850;0
139765195;3932;569;2225;0
139868331;3935;565;2200;0
139970917;3927;638;2500;0
140073511;3922;671;2625;0
140174478;3915;730;2850;0
140275768;3930;578;2250;0
140392489;3920;685;2675;0
140504620;3918;700;2725;0
140607511;3928;617;2425;0
140715945;3938;477;1875;0
140842407;3907;805;3125;0
140950336;3921;655;2875;0
141056784;3935;525;2050;0
141160400;3941;479;1875;0
141291031;3937;492;1925;0
141395659;3912;743;2900;0
141496590;3933;534;2100;0
141597723;3936;495;1925;0
141712607;3938;481;1875;0
141923179;3933;539;2100;0
142026685;3937;523;2050;0
142149194;3938;484;1900;0
142356640;3937;488;1875;0
142458629;3941;473;1850;0
142802577;3928;624;2450;0
142905094;3931;570;2225;0
143030968;3935;516;2025;0
143146190;3940;468;1825;0
143247778;3938;491;1925;0
143349417;3938;478;1875;0
143468535;3915;726;2825;0
143569659;3913;737;2875;0
143673268;3926;601;2350;0
143774573;3926;630;2475;0
143906097;3922;665;2600;0
144008553;3937;515;2025;0
144109737;3938;479;1875;0
144211196;3938;486;1900;0
144317051;3938;498;1950;0
144418728;3940;471;1850;0
144519829;3938;481;1875;0
144621161;3938;492;1925@20000101_000005_192721_baro_bmp280.csv@144624731;-31.913384;37.84;101708.92;3.92377868
144753403;3938;486;1900;0
144857717;3926;603;2350;0
144959368;3932;549;2150;0
145061083;3925;607;2375;0
145185169;3935;501;1950;0
145287863;3933;541;212552721_accel_adxl375.csv@145288953;1.7639999;0.098;0.196;1
145395226;3938;480;1875;0
145497164;3933;527;2075;0
145626319;3938;487;1900;0
145730677;3938;466;1825;0
145835929;3937;491;1925;0
145938064;3932;562;2200;0
146061398;3931;560;2200;0
146168672;3931;566;2225;0
146269683;3935;535;2100;0
146371682;3936;507;1975;0
146472722;3931;561;2100;0
146594514;3933;524;2050;0
146697882;3931;533;2075;0
146801618;3932;519;2025;0
146923648;3925;617;2425;0
147024641;3907;790;3075;0
147128411;3937;499;1950;0
147230887;3937;486;1900;0
147335622;3937;496;1950;0
147436868;3937;503;1975;0
147545530;3940;477;1875;0
147646663;3937;473;1850;0
147753816;3940;472;1850;0
147857810;3931;554;2175;0
147964952;3930;600;2350;0
148068502;3932;540;2125;0
148196295;3932;528;2075;0
148304922;3935;504;1825;0
148520212;3938;479;1875;0
148652649;3937;494;1925;0
148753591;3937;478;1875@20000101_000005_192721_imu_lsm6dso32.csv@148757030;1.012112;0.010736;-0.00488;-126;84;-84;1
148854679;3937;495;1950;0
148955891;3933;525;2050;0
149084231;3936;505;1975;0
149293415;3937;491;1925;0
149397246;3933;522;2050;0
149505208;3935;527;2075;0
149616319;3941;464;1825;0
149821490;3940;469;1850@20000101_000005_192721_baro_bmp280.csv@149824674;-31.971514;37.84;101709.64;3.86564832
149936566;3936;503;1975;0
150039476;3928;579;2275;0
150140559;3933;536;2100;0
150241553;3937;486;1900;0
150358263;3938;467;1825;0
150560737;3938;474;1850;0
150663239;3936;498;1950;0
150787321;3932;541;2125;0
150888841;3936;494;1925;0
150997523;3935;519;2025;0
151098680;3930;572;2250;0
151236693;3925;636;2250;0
151338594;3933;540;2125;0
151441238;3937;515;1850;0
151553607;3940;454;1775;0
151673791;3937;509;2000;0
151774531;3933;513;2000;0
151875610;3932;520;2025;0
151976677;3930;576;2250;0
152106608;3927;535;2100;0
152208956;3933;556;2175;0
152314066;3940;473;1850;0
152538994;3935;529;2075;0
152643199;3936;486;1900;0
152746018;3936;490;1925;0
152850386;3937;493;1925;0
152974051;3933;539;2100;0
153075757;3935;527;2075;0
153176566;3927;604;2375;0
153284528;3927;583;2275;0
153397498;3933;528;2075;0
153507338;3927;556;2175;0
153610804;3938;484;1900;0
153711752;3938;474;1850;0
153841708;3936;497;1950698;0.196;1
153944592;3938;471;1850;0
154046648;3937;473;1850;0
154149211;3935;528;2075;0
154274941;3930;588;2300;0
154392252;3932;516;2025;0
154494015;3932;523;2050;0
154598961;3932;514;2025;0
154702739;3932;536;2100;0
154804497;3935;523;2050;0
154918162;3940;452;1900;0
155120621;3937;481;1875;0
155436912;3928;578;2250;0
155537619;3932;561;2200;0
155639277;3936;507;1975;0
155740616;3928;564;2200;0
155846293;3938;478;1875;0
155957947;3933;523;1975;0
156059785;3936;482;1875;0
156162342;3937;493;2050;0
156266427;3932;538;2100;0
156370480;3933;510;2000;0
156473983;3931;551;2150;0
156576232;3932;557;2175;0
156677587;3928;579;2275;0
156783891;3937;474;1850;0
156904018;3932;501;1950;0
157010559;3936;489;1925;0
157223592;3935;509;2000;0
157327074;3933;506;1975;0
157438093;3937;501;1975;0
157547408;3931;551;2150;0
157656971;3932;529;2075;0
157787117;3937;491;1925;0
157892531;3937;499;1950;0
157999805;3921;658;2575;0
158101439;3931;556;2175;0
158232329;3933;513;2000;0
158336545;3937;485;1900;0
158440365;3936;491;1925;0
158543230;3937;473;1850;0
158671194;3932;523;2050;0
158775202;3930;553;2150;0
158883042;3928;584;2275;0
158994073;3925;601;2350;0
159124865;3926;608;2375;0
159227300;3933;508;1975;0
159328987;3930;549;2150;0
159432733;3933;524;2050;0
159554288;3936;494;1900;0
159663456;3936;481;1875;0
159765173;3933;494;1925;0
159866525;3932;507;1975;0
159987018;3936;481;1875;0
160093958;3925;571;2225;0
160195940;3911;748;2925;0
160297958;3931;541;2125;0
160405032;3923;637;2500;0
160506518;3933;530;2075;0
160613878;3933;491;1925;0
160716610;3928;552;2150;0
160835145;3936;523;2050;0
160936971;3936;488;1900;0
161038926;3936;487;1900;0
161144735;3937;466;1825;0
161266172;3933;504;1975;0
161368153;3920;632;2475;0
161469679;3930;526;2050;0
161571409;3926;614;2400;0
161703929;3933;517;2025;0
161814024;3936;496;1950;0
161915611;3935;499;1950;0
162021917;3936;498;1950;0
162245172;3936;495;1950;0
162463136;3932;554;2175;0
162595723;3928;570;2225;0
162700074;3927;610;2375;0
162813611;3933;528;2075;0
162918626;3936;467;1825;0
163028472;3932;497;1950;0
163132198;3933;528;2075;0
163233771;3930;530;2075;0
163334458;3932;526;2050;0
163435807;3931;531;2075;0
163538653;3928;562;2200;0
163647711;3937;474;1850;0
163756857;3938;465;1825;0
163868304;3926;594;2325;0
163973067;3927;597;2325;0
164074514;3933;504;1975;0
164175948;3935;498;1950;0
164289137;3937;476;1850;0
164392968;3935;481;1875;0
164494680;3936;483;1900;0
164600760;3932;553;2150;0
164737466;3933;493;1925;0
164843976;3936;499;1950;0
164955171;3937;474;1850;0
165063121;3928;585;2300;0
165194974;3928;573;2250;0
165300578;3931;540;2100;0
165514615;3926;572;2250;0
165722278;3933;505;1975@20000101_000005_192721_imu_bno055.csv@165728798;342.3125;7593;-17238;0.9605727;0.047926664;-0.24575162
165833836;3935;513;2000;0
165935808;3932;543;2125;0
166037332;3931;540;2100;0
166138875;3937;497;1950;0
166241378;3933;502;1975;0
166343126;3936;492;1925;0
166444837;3936;471;1850;0
166656465;3931;529;2075;0
166765066;3931;554;2175;0
166869559;3933;535;2100;0
166971904;3931;533;2075;0
167074438;3933;504;1975;0
167177120;3932;513;2000;0
167298219;3932;492;1925;0
167401492;3931;513;2000;0
167507098;3927;567;2225;0
167614693;3927;592;2325;0
167716786;3932;504;1975;0
167821526;3911;721;2800;0
168034583;3935;483;1900;0
168136923;3936;478;1875;0
168239158;3935;487;1900;0
168341370;3935;477;1875;0
168442593;3931;529;2100;0
168548676;3931;552;2150;0
168655265;3928;561;2200;0
168858536;3936;469;1850;0
168961306;3936;476;1875;0
169086810;3936;485;1900;0
169195986;3933;504;1975;0
169297770;3930;544;2125;0
169403605;3930;539;2100;0
169518596
169720899;3926;596;2300@20000101_000005_192721_accel_adxl375.csv@169722413;1.7639999;0.@20000101_000005_192721_imu_lsm6dso32.csv@169741696;1.013088;0.002928;-0.000976;-126;42;-105;1
169821457;3933;505;1975@20000101_000005_192721_imu_bno055.csv@169830428;342.25;7593;-17257;0.96261216;0.03263092;-0.2386136
169923269;3933;504;1975@20000101_000005_192721_imu_lsm6dso32.csv@169928111;1.012112;0.010736;0.003904;-42;42;-119;1
170031070;3930;517;2025;0
170132847;3927;556;2175;0
170235493;3931;529;2075;0
170366600;3933;513;2000;0
170467497;3931;536;2100;0
170572172;3931;536;2100;0
170673697;3926;597;2325;0
170802045;3927;575;2250;0
170904015;3931;548;2150;0
171014644;3935;480;1875;0
171119274;3932;508;1975;0
171237029;3930;530;2075;0
171340617;3935;476;1875;0
171441992;3933;502;1975;0
171553608;3935;457;1800;0
171679334;3931;503;1975;0
171782057;3928;542;2125;0
171886056;3926;592;2325;0
171990950;3933;484;1900;0
172130690;3923;596;2325;0
172232950;3931;540;2100;0
172334608;3931;546;2125;0
172437751;3931;533;2075;0
172542365;3933;493;1925;0
172654199;3936;457;1800;0
172763600;3928;585;2275;0
172864514;3926;555;2175;0
172967393;3932;497;1950@20000101_000005_192721_laser_agl.csv@172996126;0.021;1
173078367;3935;495;1950;0
173289227;3933;490;1925;0
173396467;3931;508;1975;0
173502327;3930;520;2025;0
173603658;3930;541;2125;0
173704514;3931;516;2025;0
173806024;3928;580;2275;0
173925910;3928;552;2150;0
174033671;3933;501;1975;0
174136764;3933;514;2025;0
174239831;3935;490;1925;0
174361545;3927;534;2075;0
174462681;3923;579;2275;0
174567084;3931;505;1975;0
174669597;3930;539;2100;0
174804082;3923;625;2450;0
174913562;3931;547;2150;0
175022017;3933;493;1925;0
175133556;3933;504;1975;0
175248396;3935;490;1925;0
175349935;3933;478;1875;0
175559259;3931;499;1950;0
175675013;3933;509;2000;0
175777770;3931;532;2075;0
175878767;3928;545;2125;0
175979590;3923;609;2375;0
176081057;3928;541;2125;0
176183609;3930;520;2025;0
176284786;3933;480;1875;0
176518206;3927;566;2200;0
176619614;3908;744;2900;0
176722925;3931;520;2025;0
176825890;3931;513;2000;0
176943324;3933;487;1900;0
177049422;3935;458;1800;0
177151720;3933;485;1900;0
177252618;3933;484;1900@20000101_000005_192721_imu_lsm6dso32.csv@177257820;1.013088;0.007808;0.006832;-140;28;-56;1
177361363;3933;470;1850;0
177462614;3931;494;1925;0
177566790;3922;593;2325;0
177668347;3928;532;2075;0
177787161;3932;489;1900;0
177890784;3935;487;1900;0
177994811;3933;496;1950;0
178096002;3933;477;1875;0
178227409;3926;561;2200;0
178452998;3931;515;2025;0
178687439;3915;707;2750;0
178790141;3932;484;1900;0
178896721;3932;491;1925;0
178997841;3931;529;2075;0
179107083;3932;493;1925;0
179211021;3932;495;1950;0
179316314;3930;500;1950;0
179541326;3927;569;2225;0
179646636;3927;552;2150;0
179749250;3928;544;2125;0
179857530;3931;514;2000;0
179959353;3926;568;2225;0
180062917;3922;589;2300;0
180164762;3928;521;2025;0
180267784;3928;525;2050;0
180370685;3928;537;2100;0
180472294;3930;514;2000;0
180575105;3932;508;1975;0
180677294;3932;499;1950;0
180780174;3933;499;1950;0
180894541;3923;600;2350;0
180998663;3930;540;2100;0
181100654;3925;573;2225;0
181201790;3930;545;2125;0
181302688;3930;525;2200;0
181404159;3925;576;2250;0
181506753;3930;537;2100;0
181613103;3928;534;2100;0
181723099;3931;508;1975;0
181825548;3932;504;1975;0
181928124;3930;529;2075;0
182030110;3931;534;2100;0
182160612;3932;492;1925;0
182262660;3922;577;2250;0
182366785;3925;569;2225;0
182469126;3928;514;2000;0
182587549;3933;492;1925;0
182695112;3931;506;1975;0
182802957;3932;520;2025;0
182920832;3933;484;1900;0
183029223;3930;490;1925;0
183130722;3930;510;2000;0
183235784;3913;692;2700;0
183340420;3928;548;2150;0
183441588;3931;523;1925;0
183542602;3931;500;1950;0
183657057;3935;471;1850;0
183760920;3928;504;1975;0
183866406;3928;501;1950;0
183970292;3927;501;1950;0
184073789;3931;505;1975;0
184180276;3932;484;1900;0
184285403;3928;539;2050;0
184386716;3926;562;2200;0
184491981;3933;478;1875;0
184595937;3930;501;1950;0
184728925;3928;528;2075;0
184837696;3928;532;2075;0
184944227;3932;497;1950;0
185048163;3930;491;1925;0
185176344;3931;494;1925;0
185281783;3926;555;2175;0
185387310;3926;569;2225;0
185488966;3923;573;2250;0
185605814;3925;563;2200;0
185713899;3931;498;1950;0
185817755;3931;517;2025;0
186038590;3930;533;2075;0
186141222;3931;494;1925;0
186242737;3932;507;1975;0
186344063;3931;488;1900;0
186471971;3921;605;2350;0
186573846;3922;606;2375;0
186675725;3930;501;1950;0
186777506;3931;496;1950;0
186900132;3930;518;2025;0
187013574;3935;477;1875;0
187222562;3930;513;2000;0
187323595;3923;569;2225;0
187425844;3926;558;2175;0
187526594;3925;545;2125;0
187637308;3932;498;1950;0
187740553;3932;482;1875;0
187842824;3935;477;1875;0
187953237;3933;481;1875;0
188064477;3928;537;2100;0
188177955;3931;495;1925;0
188279702;3930;493;1925;0
188381836;3923;596;2325;0
188484119;3925;560;2200;0
188606795;3931;488;1900;0
188708799;3931;505;1975;0
188809630;3930;528;2075;0
189146259;3933;459;1800;0
189254130;3932;475;1850;0
189356011;3931;491;1925;0
189473325;3926;549;2150;0
189574616;3918;618;2400;0
189677077;3922;586;2300;0
189778600;3931;499;1950;0
189895526;3928;497;1950;0
190002015;3927;522;2050;0
190103612;3926;534;2100;0
190204752;3927;557;2175;0
190334826;3928;534;2100;0
190438196;3927;519;1975;0
190543986;3931;493;1925;0
190645878;3931;494;1925;0
190776023;3925;582;2275;0
190878261;3923;567;2200;0
190986695;3923;573;2250;0
191092495;3931;492;1925;0
191214524;3931;514;2000;0
191317590;3930;498;1950;0
191523385;3928;501;1950;0
191645680;3931;488;1900;0
191748631;3930;501;1950;0
191855712;3932;477;1875;0
191965895;3918;595;2325;0
192098915;3930;505;1975;0
192201101;3928;529;2075;0
192302491;3928;539;2100;0
192403629;3927;550;2150;0
192526007;3928;511;2000;0
192635267;3927;527;2050;0
192737917;3928;532;2075;0
192843296;3926;550;2150;0
192956072;3928;515;2025;0
193064153;3920;595;2325;0
193170138;3927;520;2025;0
193272826;3928;514;2000;0
193373657;3930;511;2000;0
193478078;3930;496;1950;0
193579653;3931;507;1975;0
193680769;3925;551;2150;0
193783141;3931;496;1950;0
193902844;3926;541;2125;0
194003540;3922;588;2300;0
194104498;3923;547;2125;0
194206249;3926;551;2150;0
194309459;3930;496;1925;0
194413632;3927;522;2025;0
194516936;3931;482;1875;0
194745101;3931;495;1925;0
194848431;3932;480;1875;0
194956383;3933;462;1800;0
195059817;3925;534;2075;0
195165548;3918;598;2325;0
195269348;3925;541;2100;0
195370855;3918;618;2400;0
195472467;3921;622;2425;0
195575369;3921;573;2250;0
195691157;3922;578;2250;0
195794961;3930;487;1900;0
195903394;3928;526;2050;0
196007216;3927;510;2000;0
196117182;3930;489;1900;0
196221323;3930;513;2000;0
196324072;3928;510;2000;0
196429671;3926;541;2100;0
196562536;3928;484;1900;0
196665576;3916;614;2400;0
196767186;3917;614;2400;0
196869178;3922;555;2175;0
197002682;3927;536;2100;0
197104601;3927;522;2050;0
197206304;3927;513;2000;0
197307613;3928;497;1950;0
197428866;3926;527;2050;0
197544851;3927;515;2025;0
197647710;3926;525;2050;0
197874361;3928;515;2025;0
197977161;3922;555;2175;0
198081643;3931;492;1925;0
198183560;3930;486;1900;0
198299164;3925;545;2125;0
198400517;3923;559;2175;0
198503529;3925;556;2175;0
198605141;3922;556;2175;0
198736720;3917;602;2350;0
198839202;3923;563;2200;0
198945779;3931;478;1875;0
199057949;3932;479;1875;0
199170792;3927;527;2050;0
199280661;3931;472;1850;0
199381646;3928;491;1925;0
199482553;3930;494;1925;0
199584766;3930;491;1925;0
199691312;3930;491;1925;0
199793173;3931;478;1875;0
199894765;3930;485;1900;0
199996000;3918;628;2450;0
200111189;3921;565;2200;0
200213207;3928;514;2000;0
200317738;3930;475;1850;0
200420596;3927;521;2025@_imu_lsm6dso32.csv@200423850;1.01016;0.00976;0.003904;-84;35;-98;1
200523924;3927;498;1950;0
200626212;3928;518;2025;0
200727841;3926;503;1975;0
200836571;3931;483;1875;0
200959762;3923;560;2175;0
201062267;3922;551;2150;0
201163454;3926;516;2025;0
201268588;3925;517;2025;0
201394628;3930;495;1925;0
201495822;3927;505;1975;0
201596973;3926;532;2075;0
201699628;3927;539;2100;0
201821235;3927;511;2000;0
201935034;3922;572;2225;0
202044082;3905;758;2950;0
202156538;3911;644;2500;0
202268532;3912;715;2775;0
202372127;3927;512;2000;0
202473997;3926;527;2050;0
202576149;3927;498;1950;0
202679123;3928;494;1925;0
202781338;3928;502;1975;0
202888701;3926;519;2025;0
203003830;3920;628;2450;0
203105725;3926;514;2000;0
203229417;3927;520;2025;0
203343626;3932;453;1775s76;0.002928;-84;35;-98;1
203446324;3931;481;1875;0
203556162;3932;478;1875;0
203695923;3930;469;1825;0
203799311;3927;507;1975;0
203903623;3926;527;2050;0
204005812;3923;529;2075;0
204108639;3928;492;1925;0
204215039;3928;497;1950;0
204316672;3927;506;1975;0
204417679;3927;499;1950;0
204518523;3920;570;2225;0
204619699;3927;509;19750m6dso32.csv@204621139;1.012112;0.00976;0.001952;-91;42;-98;1
204735105;3927;506;1975;0
204839935;3927;526;2050;0
204948563;3932;461;1800;0
205049653;3928;503;1975;0
205151851;3922;547;2125;0
205253238;3927;499;1950;0
205361170;3926;531;2075;0
205464753;3925;550;2150;0
205565574;3925;549;2150;0
205666766;3926;505;1975;0
205767749;3925;525;2050;0
205868981;3925;521;2025;0
205991187;3930;490;1925;0
206094355;3918;609;2375;0
206197048;3918;593;2325;0
206299166;3923;549;2150;0
206404467;3926;538;2100;0
206516445;3917;570;2225;0
206749967;3928;478;1875@20000101_000005_192721_baro_bmp280.csv@206757957;-31.564604;37.85;101704.69;4.272558
206852312;3928;490;1925;0
206953666;3930;491;1925@20000101_000005_192721_accel_adxl375.csv@206958379;1.813;0.147;0.147;1
207188397;3923;536;2100;0
207292129;3928;487;1900;0
207494778;3926;484;1900;0
207608542;3928;497;1950;0
207718002;3928;479;1875;0
207819931;3927;511;20007sv@207820974;1.7639999;0.147;0.196;1
208044345;3926;512;2000;0
208153667;3922;576;2250;0
208254793;3920;576;2250;0
208355662;3927;497;1950;0
208475121;3927;503;1975;0
208576737;3908;671;2600;0
208677564;3927;503;1975;0
208779783;3927;485;1900;0
209021585;3928;485;1900;0
209123186;3926;506;1975;0
209224624;3926;511;2000;0
209339837;3918;606;2375;0
209442097;3921;583;2275;0
209545553;3921;573;2250;0
209646881;3922;549;2100;0
209781609;3927;518;2025;0
209884444;3928;496;1950;0
209988767;3925;534;2100;0
210092779;3927;481;1875;0
210195068;3922;543;2125;0
210298224;3923;518;2025;0
210409746;3927;494;1925;0
210516197;3928;491;1950;0
210638813;3913;687;2675;0
210746433;3930;471;1875;0
210849561;3927;484;1900;0
210951974;3927;487;1900;0
211053993;3928;496;1925;0
211156217;3928;487;1900@20000101_000005_192721_imu_lsm6dso32.csv@211158728;1.0111359;0.007808;0.00488;-70;35;-91;1
211260334;3922;538;2100;0
211363730;3918;583;2275;0
211490605;3928;482;1875;0
211595259;3928;489;1925;0
211697351;3925;501;1950;0
211799935;3922;514;2000;0
211906929;3928;505;1975;0
212011141;3926;495;1925;0
212221251;3920;576;22500_airspeed_sdp810.csv@212223012;0;0;4261
212322569;3926;537;2100;0
212527375;3926;500;2150;0
212628470;3926;515;2025;0
212729755;3925;499;1950;0
212859366;3920;551;2150;0
212961298;3927;504;1975;0
213062735;3921;547;2125;0
213166260;3922;550;2150;0
213277721;3920;575;2250;0
213379334;3926;502;1975;0
213482610;3927;490;1925;0
213583840;3926;489;1900;0
213716114;3926;512;2000;0
213817594;3925;505;1975;0
214021651;3923;512;2000@20000101_000005_192721_accel_adxl375.csv@214024823;1.7639999;0.147;0.147;1
214136499;3925;537;2100;0
214241840;3923;531;2075;0
214354904;3926;500;1950;0
214455502;3926;494;1925@20000101_000005_192721_imu_lsm6dso32.csv@214457557;1.012112;0.010736;0.008784;-91;21;-98;1
214560494;3928;484;1900;0
214661901;3926;488;1900;0
214763374;3925;532;2075;0
214866863;3925;531;2075;0
214980702;3927;488;1900;0
215082025;3927;497;1950;0
215183916;3922;543;2125;0
215292161;3923;530;2075;0
215407667;3921;564;2200;0
215509291;3922;559;2175;0
215610471;3925;513;2000;0
215712597;3923;540;2100;0
215818126;3926;505;1975;0
215933589;3926;504;1975;0
216035453;3923;524;2050;0
216152808;3928;476;1850;0
216283547;3927;500;1950;0
216389631;3923;533;2075;0
216492246;3920;545;2125;0
216596942;3925;502;1950;0
216721070;3925;522;2025;0
216832217;3918;605;2350;0
216943218;3925;522;2025;0
217055330;3922;550;2150;0
217213187;3926;498;1950;0
217314755;3926;520;2025;0
217423605;3927;491;1925;0
217525950;3923;525;2050;0
217630601;3925;505;1975;0
217745238;3928;480;1875;0
217848800;3926;523;2050;0
217950355;3923;526;2050;0
218074479;3925;535;2075;0
218179463;3927;502;1950;0
218283127;3925;519;2025;0
218384608;3921;539;2100;0
218502380;3923;532;2075;0
218606360;3920;559;2175;0
218718219;3923;542;2125;0
218821478;3916;594;2325;0
218951121;3925;495;1925;0
219267003;3925;513;2000;0
219388535;3925;492;1925;0
219492253;3921;555;2175;0
219596661;3923;494;1925;0
219700026;3923;515;2000;0
219816916;3918;559;2175;0
219918578;3923;522;2025;0
220020531;3926;515;20251dxl375.csv@220021463;1.7639999;0.147;0.196;1
220121912;3923;506;1975;0
220242205;3928;471;1850;0
220347096;3927;473;1850;0
220451294;3927;485;1900;0
220552526;3927;474;1850;0
220655481;3927;484;1900;0
220761379;3923;500;1950;0
220865958;3915;614;2400;0
220981273;3923;504;2075;0
221086148;3928;458;1800;0
221216021;3926;487;1900;0
221436149;3926;502;1950;0
221541597;3925;507;1975;0
221644950;3927;476;1850;0
221746606;3907;699;2725;0
221965020;3922;508;1975;0
222067448;3921;520;2025;0
222169009;3922;538;2100;0
222273667;3917;581;2275;0
222374698;3925;505;1975;0
222477191;3920;569;2225;0
222581198;3921;539;2100;0
222682641;3918;561;2175;0
222785017;3926;483;1875;0
222889471;3926;497;1950;@20000101_000005_192721_imu_lsm6dso32.csv@222892029;1.012112;0.012688;0.010736;-63;42;-119;1
223015044;3925;517;2025;0
223120977;3925;509;2000;0
223325993;3923;523;2050;0
223433600;3923;544;2125;0
223537737;3917;615;2400;0
223641403;3921;539;2100;0
223744383;3927;491;1925;0
223847841;3927;482;1875;0
223951257;3903;698;2700;0
224062385;3902;704;2750;0
224166998;3911;646;2525;0
224269269;3925;524;2050;0
224372454;3921;542;2100;0
224476812;3925;483;1875;0
224578329;3921;533;2075;0
224684166;3925;485;1900;0
224797030;3923;477;1850;0
224899987;3923;489;1900;0
225016066;3925;491;1925;0
225123590;3923;502;1950;0
225346782;3925;495;1925;0
225447532;3926;482;1875;0
225548747;3917;588;2300;0
225651040;3922;548;2150;0
225753151;3923;505;1975;0
225854765;3927;471;1850170;-84;1
225958628;3925;493;1925;0
226061583;3923;518;2025;0
226170624;3925;529;2075;0
226271794;3921;543;2125;0
226378720;3917;554;2150;0
226481587;3926;491;1925;0
226584490;3922;526;2050;0
226688474;3922;534;2075;0
226792411;3918;566;2200;0
226894754;3923;506;1975;0
227017349;3921;559;2175;0
227129820;3922;501;1950;0
227232122;3921;534;2075;0
227335707;3922;528;2050;0
227445716;3925;481;1875;0
227562379;3923;517;2025;0
227672455;3926;491;1925;0
227774352;3925;495;1925;0
227907609;3923;515;2025;0
228122156;3920;534;2075;0
228229595;3923;520;2025;0
228330780;3921;547;2125;0
228443021;3918;549;2150;0
228545629;3925;496;1925;0
228657072;3928;459;1800;0
228767232;3921;517;2025;0
228871426;3921;523;2050;0
228974236;3923;536;2100;0
229077513;3920;555;2125;0
229183879;3920;554;2150;0
229305183;3915;618;2400;0
229407193;3922;522;2050;0
229509850;3923;513;2000;0
229616637;3925;504;1975;0
229726735;3922;506;1975;0
229828328;3922;550;2150;0
229938479;3925;487;1900;0
230044934;3923;502;1950;0
230167354;3922;514;2000;0
230271542;3921;541;2100;0
230375744;3918;550;2150;0
230478186;3921;556;2175;0
230599035;3920;562;2200;0
230701850;3906;707;2750;0
230808954;3923;504;1975;0
230922171;3925;505;1975;0
231036286;3922;523;2050;0
231138795;3920;533;2075;0
231241715;3922;543;2125;0
231357136;3926;474;1850;0
231466463;3920;526;2050;0
231573217;3921;533;2075;0
231675353;3922;515;2025;0
231784454;3920;520;202511_imu_lsm6dso32.csv@231785616;1.012112;0.002928;-0.018544;7;-14;-105;1
231911316;3922;506;1975;0
232021675;3923;481;1875;0
232224165;3922;509;2000;0
232448072;3925;492;1925;0
232551449;3926;481;1875;0
232652432;3920;542;2125;0
232768726;3911;618;2400;0
232872566;3920;562;2200;0
232975307;3923;495;1925;0
233079891;3916;592;2300;0
233191858;3926;488;1900;0
233293611;3923;486;1900;0
233400204;3920;540;2100;0
233502095;3921;548;2150;0
233622057;3922;503;1975;0
233723759;3923;510;2000;0
233828640;3921;484;1875;0
233939646;3922;505;1975;0
234074550;3918;556;2175;0
234179976;3923;489;1900;0
234281736;3925;501;1950;0
234383890;3923;490;1900;0
234485296;3923;491;1925;0
234591113;3925;480;1925;0
234697303;3922;504;1975;0
234802730;3921;529;2075;0
234904361;3920;540;2100;0
235019280;3896;779;3025;0
235122452;3917;571;2225;0
235224897;3922;512;2000;0
235426873;3918;516;2025;0
235529526;3920;522;2025;0
235636565;3920;525;2050;0
235745923;3925;473;1850;0
235874137;3921;502;1950;0
235981914;3921;504;1975;0
236087370;392@20000101_000005_192721_laser_agl.csv@236089655;0.021;1
236195722;3917;573;2250;0
236328532;3923;513;2000;0
236533796;3922;507;1975;0
236634862;3920;545;2125;0
236743598;3925;475;1850;0
236848286;3921;522;2025;0
236956725;3917;592;2300;0
237059484;3920;553;2150;0
237161499;3923;500;1950;0
237272226;3898;750;2925;0
237374130;3922;518;2025;0
237476582;3922;499;1950;0
237579101;3923;501;1950;0
237681881;3922;505;1975;0
237786591;3925;495;1925;0
237894250;3918;561;2175;0
237995881;3913;581;2275;0
238324750;3922;483;1875;0
238431064;3921;501;1950;0
238653509;3921;524;2050;0
238757319;3922;504;1975;0
238859767;3920;518;2025;0
238978595;3923;502;1950;0
239081761;3922;504;1975;0
239188650;3926;471;1850;0
239296466;3912;595;2325;0
239416514;3925;488;1900;0
239518991;3916;563;2200;0
239620680;3922;503;1975;0
239722600;3922;490;1900;0
239832535;3923;546;2125;0
240052448;3923;494;1925;0
240154637;3921;502;1950;0
240273732;3918;550;2150;0
240377249;3913;599;2325;0
240479577;3922;509;1975;0
240582475;3922;493;1925;0
240707308;3922;504;1975;0
240813996;3923;475;1850;0
240916471;3916;569;2225;0
241018253;3923;491;1925;0
241120825;3923;499;1950;0
241224085;3922;495;1925;0
241327127;3918;544;2125;0
241429269;3915;572;2225;0
241561559;3910;596;2325;0
241666148;3918;552;2150;0
241771812;3920;541;2100;0
241875212;3921;515;2000;0
241996011;3923;493;1925;0
242100898;3920;540;2100;0
242201915;3920;525;2050;0
242303465;3912;591;2300;0
242409287;3922;492;1925;0
242511634;3922;491;1925;0
242612637;3922;498;1950;0
242713474;3921;496;1925;0
242823029;3923;491;1925;0
242924776;3922;492;1925;0
243033587;3920;512;2000;0
243137293;3920;531;2075;0
243239892;3917;546;2125;0
243346074;3916;554;2150;0
243457017;3916;551;2150;0
243558956;3918;534;2075;0
243666873;3921;518;2025;0
243782467;3915;547;2125;0
243884253;3916;562;2200;0
243989684;3923;471;1850@20000101_000005_192721_imu_lsm6dso32.csv@243996491;1.012112;0.008784;0.002928;-98;42;-91;1
244097390;3918;497;1925;0
244200366;3920;528;2075;0
244315172;3925;478;1875;0
244526481;3915;573;2250;0
244629607;3922;506;1975;0
244733035;3918;543;2125;0
244838637;3921;505;1975;0
245063454;3922;485;1900;0
245169740;3920;537;2100;0
245272757;3920;516;2025;0
245398339;3918;528;2050;0
245503193;3911;622;2425;0
245612035;3916;574;2225;0
245715831;3922;494;1925;0
245821897;3920;520;2025000005_192721_imu_lsm6dso32.csv@245823482;1.013088;0.012688;0.001952;-70;35;-105;1
245924923;3922;490;1900;0
246036304;3913;593;2500;0
246145315;3923;487;1900;0
246254169;3920;507;1975@20000101_000005_192721_imu_lsm6dso32.csv@246260228;1.013088;0.001952;0.00488;-77;42;-112;1
246461158;3922;490;1900;0
246565665;3911;613;2375;0
246673461;3917;567;2225;0
246775087;3917;559;2175;0
246876533;3920;520;2025;0
246983191;3922;497;1950;0
247115241;3925;476;1850;0
247218852;3923;476;1850;0
247319619;3922;486;1900;0
247421616;3921;499;1950;0
247536766;3913;601;2350;0
247644516;3917;565;2200;0
247755661;3915;578;2250;0
247865259;3913;553;2150;0
247987460;3922;494;1925;0
248095617;3906;675;2625;0
248198797;3920;514;2000;0
248299648;3920;524;2050;0
248401123;3920;526;2050;0
248502738;3918;540;2100;0
248603534;3921;520;2025;0
248704520;3921;509;1975;0
248823988;3916;550;2150;0
248932031;3921;513;2000;0
249036065;3921;522;2000;0
249137889;3920;526;2050;0
249261302;3920;487;1900;0
249368704;3920;500;1950;0
249470936;3917;511;2000;0
249572683;3916;528;2050;0
249673880;3918;539;2100;0
249784971;3915;561;2175;00005_192721_laser_agl.csv@249786558;0.021;1
249890777;3918;537;2100;0
250196145;3911;580;2250;0
250297674;3922;511;2000;0
250403608;3920;526;2050;0
250507629;3921;502;1950;0
250613767;3921;499;1950;0
250718506;3922;481;1875;0
250819605;3921;502;1950;0
250920812;3912;587;2300@20000101_000005_192721_imu_lsm6dso32.csv@250923580;1.012112;0.0@20000101_000005_192721_accel_adxl375.csv@250925193;1.7639999;0.098;0.147;1
251052512;3918;519;2025;0
251153519;3920;516;2025;0
251257044;3921;498;1950;0
251359492;3921;514;2000;0
251486631;3921;498;1950;0
251588011;3922;489;1900@20000101_000005_192721_accel_adxl375.csv@251591782;1.813;0.147;0.147;1
251692392;3915;572;2225;0
251796206;3915;566;2200;0
251897744;3913;566;2200;0
251998770;3918;513;2000;0
252100614;3917;513;2000;0
252209554;3922;496;1925;0
252311185;3922;495;1925;0
252526917;3920;498;1950;0
252633000;3917;534;2075;0
252734583;3918;508;1975;0
252835600;3917;518;2025;0
253057499;3917;537;2100;0
253159993;3921;496;1925;0
253262927;3921;506;1975;0
253366651;3916;555;2175;0
253469801;3917;530;2075;0
253572297;3918;511;2000;0
253673795;3920;509;1975;0
253776917;3921;493;1925;0
253880680;3917;542;2125;0
253982277;3913;575;2250;0
254085034;3921;488;1900;0
254191484;3922;484;1875;0
254292747;3922;486;1900;0
254396212;3921;492;1925;0
254504755;3910;614;2400;0
254621599;3918;516;2025;0
254722645;3921;495;1925@20000101_000005_192721_imu_lsm6dso32.csv@254743095;1.012112;0.005856;0.001952;-98;28;-98;1
254823711;3917;536;2100@20000101_000005_192721_imu_lsm6dso32.csv@254826236;1.013088;0.01464;0.00488;-84;42;-98;1
254926159;3920;505;1975;0
255029664;3911;602;2350;0
255137623;3915;603;2350;0
255247514;3916;564;2200;0
255352150;3921;516;2025;0
255463465;3916;524;2050;0
255565267;3910;600;2325;0
255669040;3918;548;2150;0
255784692;3921;489;1900u_lsm6dso32.csv@255788534;1.012112;0.010736;0.003904;-77;35;-105;1
255895213;3923;498;1950;0
256000060;3917;546;2125;0
256103830;3918;509;1975;0
256222727;3921;501;1950;0
256323493;3920;492;1925;0
256433036;3912;560;2175;0
256540815;3912;602;2350;0
256668853;3912;589;2300;0
256771199;3915;549;2150;0
256872786;3912;575;2225;0
256978386;3920;507;1975;0
257079797;3916;518;2025;0
257180865;3921;498;1950;0
257282509;3916;511;2000;0
257383769;3917;545;2125;0
257513592;3917;553;2150;0
257618912;3920;496;1925;0
257720994;3918;495;1925;0
257823876;3922;496;1925;0
257925416;3918;487;1900;0
258129687;3917;517;2025;0
258231988;3916;559;2175;0
258336163;3915;566;2200;0
258441687;3912;600;2325;0
258547080;3918;490;1925;0
258859784;3920;512;2000;0
258960506;3918;504;1975;0
259062019;3917;508;1975;0
259165623;3917;517;2025;0
259269072;3916;532;2075;0
259370805;3915;542;2100;0
259473303;3917;549;2150;0
259577119;3915;555;2150;0
259701222;3916;523;2025;0
259812932;3921;484;1875;0
259916678;3920;488;1900;0
260021157;3921;490;1950;0
260156318;3917;535;2075;0
260264221;3917;516;2000;0
260366093;3916;529;2075;0
260471608;3915;532;2075;0
260605744;3918;526;2050;0
260706450;3915;547;2125;0
260810199;3912;561;2175;0
260921932;3922;474;1850;0
261054869;3918;507;1975;0
261157200;3910@20000101_000005_192721_imu_lsm6dso32.csv@261158857;1.01016;0.011712;0.003904;-91;35;-91;1
261266958;3916;544;2125;0
261372712;3918;526;2050;0
261503227;3915;527;2050;0
261613352;3920;501;1950;0
261714965;3918;527;2050;0
261818010;3921;484;1875;0
261920200;3920;495;1925;0
262123831;3918;503;1950@20000101_000005_192721_baro_icp10111.csv@262128893;-21.946728;37.1060184;101588.89;2.7340928
262224563;3918;497;1925;0
262325895;3920;499;1950;0
262433605;3918;529;2050;0
262546904;3921;481;1875;0
262649249;3915;539;2100;0
262870346;3902;665;2575;0
262971713;3917;516;2025;0
263075152;3920;509;1975;0
263177112;3920;493;1925;0
263281042;3920;495;1925;0
263391719;3921;495;1925;0
263497656;3922;474;1850;0
263599171;3921;493;1925;0
263701608;3918;510;1975;0
263804722;3913;574;2250;0
264122437;3920;493;19252so32.csv@264123566;1.013088;0.008784;0.002928;-98;42;-98;1
264328453;3918;484;1875;0
264430584;3916;515;2000;0
264532318;3916;525;2050;0
264667415;3915;550;2150;0
264776537;3915;556;2050;0
264878198;3918;514;2000;0
264980928;3918;505;1875;0
265115297;3897;681;2650;0
265321772;3921;471@20000101_000005_192721_accel_adxl375.csv@265323753;1.7149999;0.098;0.147;1
265424903;3918;484;1875;0
265730222;3920;499;1950;0
265832293;3913;529;2050;0
265941081;3917;519;2025;0
266056149;3920;478;1850;0
266168525;3915;540;2100;0
266273728;3917;539;2100;0
266397113;3916;526;2050;0
266498732;3911;565;2200;0
266601235;3917;537;2100;0
266704391;3912;569;2225;0
266828677;3918;501;1950;0
266939350;3915;552;2150;0
267043944;3918;509;1975;0
267149133;3918;503;1975;0
267280495;3918;499;1950;0
267382975;3912;560;2175;0
267485256;3921;492;1925;0
267591821;3920;491;1925;0
267712298;3920;485;1875;0
267813914;3916;535;2075;0
267918752;3915;531;2075;0
268023779;3918;531;2075;0
268124624;3917;490;1900;0
268226659;3918;506;1975;0
268436318;3917;524;2050;0
268537726;3918;515;2000;0
268645570;3918;509;1925;0
268751041;3915;524;2050;0
269075513;3918;499;1950;0
269193359;3920;471;1825;0
269296237;3916;503;1950;0
269403024;3907;577;2250;0
269520139;3915;540;2100;0
269625350;3920;479;1875;0
269728637;3917;541;2100;0
269834309;3915;542;2100;0
269970570;3916;537;2100;0
270072132;3916;523;2025;0
270174105;3918;513;2000;0
270275838;3918;499;1950;0
270401045;3918;516;2050;0
270513713;3916;527;2050;0
270619040;3920;4267
270725499;3920;466;1825;0
270850456;3916;507;1975;0
270952547;3918;514;2000;0
271054237;3917;509;1975;0
271155497;3918;514;2000;0
271270379;3916;528;2000;0
271373929;3920;504;1975;0
271474950;3915;552;1975;0
271576517;3911;573;2225;0
271791803;3918;486;1900;0
271893426;3917;509;1975;0
271994774;3917;506;2125;0
272096868;3917;516;2000;0
272205532;3915;545;2125;0
272306846;3917;517;2025;0
272408596;3920;492;1925;0
272509811;3912;555;2150;0
272611617;3917;497;1925;0
272722255;3920;486;1900;0
272823798;3918;500;1950;0
272927899;3916;549;2150;0
273033599;3918;495;1925;0
273136385;3918;516;2025;0
273243072;3920;487;1900;0
273351066;3920;477;1875;0
273452841;3918;496;1925;0
273557499;3916;527;2050;0
273661110;3916;543;2125;0
273767517;3920;546;2125;0
273876677;3908;581;2250;0
273979458;3917;523;2025;0
274081411;3913;516;2000;0
274183177;3917;513;2000;0
274305698;3918;494;1925;0
274415893;3918;490;1900;0
274517317;3920;475;1925;0
274618712;3918;473;1850;0
274730362;3916;512;2250;0
274835799;3915;528;2050;0
274939282;3917;509;1975;0
275040698;3918;497;1950;0
275145544;3920;473;1850;0
275251071;3918;485;1900;0
275356086;3920;483;1875;0
275457441;3918;485;1900;0
275559399;3920;496;1925;0
275662292;3917;513;2000;0
275763771;3911;586;2275;0
275867601;3913;546;2125;0
275971049;3906;628;2450;0
276072628;3913;535;2075;0
276173965;3915;525;2050;0
276275515;3916;514;2000;0
276376727;3915;509;1975;0
276480115;3918;506;1975;0
276583577;3916;500;195056590381;341.5;7562;-17350;0.959553;0.034670352;-0.23963332
276688792;3915;550;2150;0
276793250;3916;534;2075;0
276898941;3913;566;2200;0
277020623;3915;534;2075592;-0.00488;-56;28;-140;1
277121773;3917;490;1900;0
277222694;3916;501;1950@20000101_000005_192721_accel_adxl375.csv@277227027;1.813;0.147;0.147;1
277338001;3913;546;1900;0
277453618;3921;460;1800;0
277659565;3920;480;1875;0
277784924;3916;511;2000;0
277993057;3898;688;2675;0
278101117;3916;538;2100;0
278222965;3918;491;1925;0
278324493;3917;502;1950;0
278433085;3917;493;1925;0
278537931;3916;494;1925;0
278643970;3920;464;1800;0
278752426;3916;498;1950;0
278853570;3913;527;2050_.csv@278855673;0.021;0
278954491;3917;501;1950;0
279064050;3918;495;1925;0
279166160;3915;526;2050;0
279268651;3912;534;2075;0
279370076;3912;552;2150;0
279472379;3916;539;2100;0
279574536;3916;522;2025;0
279676095;3915;521;2025;0
279781174;3917;512;2000;0
279888123;3912;550;2150;0
280016177;3911;545;2125;0
280120918;3920;476;1850;0
280224899;3913;531;2075;0
280334831;3915;514;2000;0
280443921;3920;479;1875v;68;-17394;0.9605727;0.02753234;-0.2569685
280545600;3916;496;1925;0
280646781;3917;497;1925;0
280747761;3916;494;1925;0
280877979;3911;555;2150;0
280979709;3916;510;1975;0
281081450;3916;498;1950;0
281183971;3917;518;2025;0
281305883;3915;534;2075;0
281413379;3917;478;1850;0
281517081;3918;495;1925;0
281748531;3913;518;2025;0
281964107;3920;491;1925;0
282080223;3907;584;2275;0
282195581;3915;502;1950;0
282296714;3916;513;2000;0
282397625;3915;491;1925;0
282498796;3912;531;2075;0
282721059;3918;474;1850;0
282822427;3913;529;2075@20000101_000005_192721_accel_adxl375.csv@282824882;1.813;0.098;0.244999984;1
282923506;3916;502;1950;0
283024890;3918;502;1950;0
283127601;3916;487;1900;0
283343758;3918;485;1900;0
283446479;3917;481;1875;0
283550311;3917;495;1925;0
283766333;3913;536;2100;0
283869661;3907;610;2375;0
283975021;3913;539;2100;0
284077625;3913;531;2075;0
284178730;3908;582;2275;0
284279567;3915;521;2025;0
284385105;3916;498;1950;0
284487686;3916;515;2000;0
284697479;3915;524;2050;0
284824054;3911;542;2100;0
284939664;3913;506;1975;0
285045864;3918;470;1825;0
285149358;3917;484;1875;0
285250913;3916;489;1900;0
285352562;3917;491;1925;0
285457699;3920;478;1875;0
285568644;3915;511;2000;0
285672503;3912;530;2075;0
285778190;3913;507;1975;0
285879692;3911;554;2150;0
285980645;3913;515;2000;0
286083670;3916;513;2000;0
286195731;3896;716;2775;0
286296477;3913;543;2100;0
286402334;3915;550;2150;0
286522920;3915;498;1925;0
286626296;3917;486;1900;0
286743233;3918;470;1825;0
286978349;3906;579;2250;0
287079561;3912;566;2200;0
287181096;3913;527;2075;0
287287020;3916;502;1950021_baro_icp10111.csv@287289399;-21.830468;37.20749;101587.49;2.8503532
287409684;3913;505;1975b865;-31.453628;37.93;101703.36;4.3835336
287524687;3920;468;1825;0
287634032;3915;527;2050;0
287739383;3915;497;1925;0
287867381;3907;582;2275;0
287971926;3912;541;2100;0
288073902;3913;529;2075;0
288176342;3913;533;2075;0
288288661;3908;566;2200;0
288398015;3916;497;1925;0
288502902;3915;515;2000;0
288605998;3917;494;1925;0
288709913;3918;486;1900;0
288815359;3918;475;1850;0
288922018;3912;54@20000101_000005_192721_baro_bmp280.csv@288925574;-31.342654;37.94;101702.016;4.4945088
289026311;3912;523;2025;0
289134715;3913;536;2100;0
289236621;3916;522;2025;0
289338183;3915;497;1925;0
289441123;3916;514;2000;0
289547360;3916;488;1900;0
289649971;3917;481;1875;0
289751755;3916;496;1925;0
289853480;3913;533;2075;0
289977509;3915;512;2000;0
290079290;3915;503;1950;0
290180590;3915;528;2050;0
290282156;3915;511;2000;0
290403823;3915;511;2000;0
290504671;3905;589;2300;0
290609280;3917;476;1850;0
290723573;3918;471;1825;0
290827872;3913;518;2025;0
290934827;3915;516;2000;0
291037887;3915;504;1975;0
291141456;3915;496;1925;0
291242788;3916;500;1950;0
291347076;3917;486;1900;0
291456343;3920;471;1825;0
291558534;3916;489;1900;0
291780145;3913;515;2000;0
291887571;3911;546;2125;0
291990875;3910;553;2150;0
292093472;3910;564;2200;0
292215949;3916;489;1900;0
292421762;3918;457;1775;0
292529784;3901;595;2300;0
292631860;3913;518;2025;0
292743597;3916;494;1925;0
292844692;3915;490;1900;0
292945586;3915;500;1950;0
293060565;3917;491;1925;0
293263054;3917;488;1900;0
293487108;3913;511;1975;0
293588683;3915;511;1975;0
293689713;3915;512;2000@20000101_000005_192721_imu_lsm6dso32.csv@293692131;1.013088;0.010736;0.000976;-105;35;-84;1
293803597;3918;475;1850;0
293933147;3912;543;2100;0
294037626;3913;522;2025;0
294141004;3911;530;2050;0
294242948;3916;490;1900;0
294350136;3913;517;2025;0
294452166;3915;495;1925;0
294557221;3908;543;2100@20000101_000005_192721_baro_bmp280.csv@294573623;-31.231678;37.94;101700.67;4.605484
294668302;3913;530;2075;0
294775948;3913;501;1950;0
294877864;3913;519;2025;0
294980976;3913;501;1950;0
295083167;3915;513;2000;0
295187299;3915;493;1925;0
295308519;3913;519;2025;0
295418874;3918;463;1800;0
295529419;3913;530;2075;0
295660075;3915;501;1950;0
295761594;3917;477;1850;0
295965242;3916;479;1875;0
296068357;3913;523;2025;0
296170452;3912;541;2100;0
296273744;3910;561;2175;0
296375609;3912;550;2150;0
296476738;3911;520;2025;0
296577997;3908;567;2200;0
296688268;3910;552;2150;0
296796753;3912;514;2000;0
296906136;3916;492;1925;0
297011591;3912;501;1950;0
297335054;3915;498;1950;0
297445797;3913;527;2050;0
297551747;3912;516;2000;0
297763085;3918;468;1825;0
297866393;3913;514;2000;0
297968551;3912;538;2100;0
298080001;3916;482;1875;0
298188464;3915;488;1900;0
298301560;3911;499;1950;0
298413564;3916;464;1800;0
298518243;3912;514;2000;0
298621926;3916;486;1900;0
298723874;3907;554;2150;0
298827950;3915;505;1975;0
298934804;3915;513;2000;0
299037009;3913;483;1875;0
299143466;3916;482;1875;0
299244773;3915;491;1925;0
299345576;3915;492;1925;0
299457996;3917;461;1800;0
299582937;3910;536;2075;0
299685154;3913;509;1975;0
299787468;3913;509;1975@20000101_000005_192721_imu_lsm6dso32.csv@299792290;1.012112;0.010736;0.001952;-49;63;-98;1
299889399;3915;507;1975@20000101_000005_192721_imu_lsm6dso32.csv@299891649;1.0111359;0.007808;0.002928;-133;21;-77;1
299990634;3912;499;1950;0
300100391;3915;478;1875;0
300207323;3915;498;1950;0
300315582;3916;485;1900;0
300421100;3913;481;1875;0
300523376;3911;538;2100;0
300734583;3912;519;2025;0
300836641;3913;524;2050;0
300960794;3902;593;2300;0
301062884;3915;490;1900;0
301163701;3916;492;1925;0
301266369;3913;505;1975;0
301368428;3912;534;2075;0
301469639;3911;538;2100;0
301570680;3903;607;2350;0
301672047;3911;531;2075;0
301776349;3907;579;2250;0
301878706;3911;521;2025;0
301980820;3913;520;2025;0
302084750;3913;505;1975;0
302218900;3912;516;2000;0
302428296;3911;500;1950;0
302529872;3910;564;2200;0
302648738;3913;489;1900;0
302753296;3913;495;1925;0
302855047;39130@20000101_000005_192721_accel_adxl375.csv@302857578;1.7639999;0.147;0.196;1
302961892;3912;513;2000;0
303098376;3911;496;1925;0
303207836;3908;560;2175;0
303313163;3915;486;1900;0
303423170;3916;469;1825;0
303547536;3908;549;2150;0
303658465;3917;474;1850;0
303765775;3906;562;2175;0
303869945;3910;549;2150;0
303976715;3907;549;2125;0
304084625;3913;504;1975;0
304187751;3912;523;2025;0
304291383;3913;487;1900;0
304394408;3911;530;2075;0
304495836;3907;558;2175;0
304601423;3911;541;2100;0
304702776;3911;516;2025;0
304806379;3913;493;1925;0
304924393;3915;479;1950;0
305026927;3912;524;2050;0
305132728;3912;518;2025;0
305238802;3891;742;2875;0
305340327;3908;538;2100;0
305446571;3910;545;2125;0
305557741;3915;479;1875;0
305658596;3913;493;1925;0
305783181;3913;500;1950;0
305889119;3912;508;1975@20000101_000005_192721_imu_lsm6dso32.csv@305893347;1.014064;0.00488;0.00488;-133;14;-42;1
305998810;3910;528;2050;0
306114529;3915;477;1850;0
306238076;3913;505;1975;0
306342663;3913;496;1925;0
306447644;3911;520;2025;0
306549957;3915;489;1900;0
306687588;3911;514;2000;0
306788977;3910;545;2125@20000101_000005_192721_imu_lsm6dso32.csv@306791159;1.014064;0.0@20000101_000005_192721_accel_adxl375.csv@306794868;1.7639999;0.098;0.147;1
306890474;3912;499;1950;0
306996142;3911;543;2125;0
307118945;3912;500;1950;0
307223624;3912;493;1925;0
307325191;3907;560;2175;0
307426511;3912;493;1925;0
307533531;3906;563;2200;0
307643709;3915;481;1875;0
307748727;3915;477;1850;0
307858830;3915;479;1875;0
307966982;3913;557;2175;0
308070302;3906;563;2200;0
308174164;3912;522;2025;0
308280715;3908;543;2100;0
308398009;3912;502;1950;0
308502596;3911;545;2125;0
308603527;3908;578;2250;0
308707301;3911;545;2125;0
308830959;3911;505;1975;0
308936864;3912;489;1900;0
309360618;3908;536;2075;0
309461900;3913;497;1925;0
309664544;3908;522;2025;0
309767633;3908;522;2025;0
309872910;3910;546;2125;0
309975984;3910;541;2100;0
310106704;3915;489;1900;0
310207761;3908;566;2200;0
310313543;3915;481;1875;0
310433954;3910;514;2000;0
310537561;3903;591;2300;0
310639864;3913;510;1975;0
310746240;3915;474;1850;0
310850166;3913;479;1850;0
310980377;3913;489;2000;0
311085719;3912;513;1950;0
311188572;3912;514;2000;0
311291130;3912;500;1950@20000101_000005_192721_imu_lsm6dso32.csv@311292856;1.01016;0.010736;0.01952;-147;49;-84;1
311403445;3892;712;2750;0
311514845;3917;456;1775;0
311617218;3911;534;2075;0
311726750;3913;469;1825;0
311936501;3910;506;1975;0
312041582;3913;493;1925;0
312144697;3913;487;1900;0
312257114;3913;485;1900;0
312766943;3907;541;2100;0
312871462;3910;553;2150;0
312975143;3910;529;2050;0
313077519;3911;527;2050;0
313179730;3911;514;2000;0
313280866;3912;511;2000;0
313381804;3911;505;1975;0
313482740;3907;557;2175;0
313584794;3912;510;1975;0
313796693;3908;528;2050;0
313901691;3908;529;2050;0
314013818;3913;503;195064575162
314124554;3916;478;1850;0
314226854;3911;491;1900;0
314333593;3912;508;1975;0
314434845;3911;510;1975;0
314538736;3910;532;2075;0
314646756;3913;488;1900;0
314758943;3915;481;1825;0
314891023;3911;490;1900;0
314995047;3912;501;1950;0
315096623;3913;502;1950;0
315204722;3911;515;2000;0
315324523;3912;497;1925;0
315425980;3913;477;1850;0
315543960;3905;599;2325;0
315650041;3908;520;2025;0
315757855;3908;530;2050;0
315861995;3913;480;1875;0
315966287;3911;513;2000;0
316073017;3910;526;2050;0
316177313;3910;522;2025;0
316278773;3911;518;2025;0
316379474;3911;508;1975;0
316480463;3908;518;2025;0
316587967;3906;557;2175;0
316696512;3911;521;2025;0
316801274;3911;531;2075;0
316902470;3906;558;2175;0
317017593;3913;488;19000l_adxl375.csv@317019760;1.7149999;0.098;0.196;1
317226582;3912;496;1925;0
317338062;3910;529;2050;0
317449288;3915;478;1850;0
317554599;3912;505;1975;0
317662224;3913;479;1875;0
317765695;3911;477;1850;0
317867335;3903;553;2150;0
317970725;3901;582;2250;0
318074214;3907;521;2025;0
318181307;3912;506;1975;0
318304881;3908;519;2025;0
318418108;;476;1850;0
318521171;3911;498;1925@20000101_000005_192721_accel_adxl375.csv@318525532;1.7639999;0.147;0.244999984;1
318622701;3912;489;1900;0
318724001;3910;534;2075;0
318845552;3908;542;2100;0
318947027;3907;530;2075;0
319050920;3913;480;1875;0
319155122;3912;485;1875;0
319256812;3912;485;1875;0
319357541;3911;497;1925;0
319458914;3912;491;1900;0
319560956;3912;495;1925;0
319664740;3911;482;1875;0
319765559;3908;536;2075;0
319986381;3902;602;2350;0
320095491;3908;529;2050;0
320198403;3908;526;2050;0
320299634;3906;542;2100;0
320406977;3908;534;2075;0
320508714;3911;516;2000;0
320610332;3911;505;1975;0
320712254;3912;492;1925;0
320923390;3906;555;2150@20000101_000005_192721_imu_bno055.csv@320926197;342.625;7593;-17375;0.96363184;0.02447319;-0.22739672
321024661;3910;501;1950@20000101_000005_192721_imu_lsm6dso32.csv@321028119;1.012112;-0.001952;0.007808;-161;49;-77;1
321127360;3911;502;1950;0
321231015;3908;518;2025;0
321350997;3913;488;1900;0
321455151;3912;485;1875;0
321556710;3912;500;1950;0
321663159;3908;516;2000;0
321797283;3907;540;2100;0
321901503;3907;543;2100;0
322118448;3912;491;1900;0
322220171;3911;499;1950;0
322427347;3912;478;1850;0
322528773;3911;500;1950;0
322759414;3913;479;1875;0
322863686;3907;567;2200;0
322966281;3906;553;2150;0
323091108;3910;508;1975;0
323196800;3908;532;2075;0
323300528;3906;532;2075;0
323403351;3908;528;2050;0
323520568;3911;501;1950;0
323626134;3913;467;1825;0
323743645;3915;464;1800;0
323848239;3911;489;1900;0
323952321;3912;487;1900;0
324064850;3900;610;2375;0
324165588;3911;476;1850;0
324267149;3907;502;1950;0
324391694;3910;514;2000;0
324505011;3911;525;2050;0
324613593;3915;470;1825;0
324716935;3913;457;1775;0
324820590;3912;475;1850;0
324922929;3912;476;1850@20000101_000005_192721_imu_lsm6dso32.csv@324925164;1.014064;0.023424;-0.002928;-63;91;-98;1
325024850;3905;542;2100;0
325129605;3906;533;2075;0
325230652;3911;498;1925;0
325336893;3911;518;2025;0
325446067;3912;472;1825;0
325547626;3910;487;1900;0
325651424;3911;489;1900;0
325752734;3910;500;1950@20000101_000005_192721_accel_adxl375.csv@325758559;1.7639999;0.147;0.147;1
325853691;3913;478;1850;0
325954547;3912;485;1875;0
326055623;3908;531;2075;0
326163575;3901;594;2300;0
326266256;3906;547;2125;0
326371389;3906;548;2125;0
326473578;3907;556;2150;0
326575348;3907;526;2050;0
326678280;3910;526;2050;0
326780116;3903;558;2175;0
326881655;3910;514;2000;0
327093517;3908;505;1975;0
327200209;3907;504;1950;0
327301721;3907;535;2075;0
327408596;3910;502;1950;0
327513089;3911;483;1875;0
327615642;3911;493;1925;0
327724236;3910;499;1950;0
327827495;3910;494;1925;0
327934913;3902;592;2300;0
328036941;3910;515;2000;0
328142476;3908;509;1975;0
328243531;3911;494;1925;0
328350004;3907;495;1925;0
328459537;3911;478;1875;0
328565297;3906;538;2100;0
328686035;3911;501;1950;0
328890592;3910;514;2000;0
328993646;3905;567;2200;0
329096355;3908;512;2000;0
329230061;3906;523;2025;0
329331883;3910;536;2075;0
329432633;3910;478;1850;0
329535966;3907;513;2000;0
329639441;3911;487;1900;0
329744700;3908;500;1950;0
329846292;3911;487;1900;0
329948785;3905;544;2125;0
330054474;3911;491;1900;0
330173881;3906;535;2075;0
330275787;3907;540;2100;0
330380842;3910;507;1975;0
330488432;3902;564;2200;0
330601381;3907;521;2250;0
330704467;3908;506;1975;0
330812740;3912;488;1900;0
330919532;3910;489;1900;0
331127409;3908;506;1975;0
331229921;3910;502;1950;0
331339211;3910;515;2000;0
331463364;3907;543;2100;0
331564729;3911;547;2125;0
331665757;3911;489;1900;0
331769833;3906;543;2100;0
331872021;3903;565;2200;0
331974794;3902;559;2175;0
332076230;3908;518;2025;0
332177752;3906;536;2075;0
332278676;3907;535;2075;0
332379712;3910;515;2000;0
332590714;3908;510;1975@20000101_000005_192721_accel_adxl375.csv@332594011;1.7639999;0.147;0.098;1
332692399;3908;511;1975;0
332797946;3910;512;2000;0
332899778;3902;576;2250;0
333000580;3906;533;2075;0
333103886;3906;529;2050;0
333210760;3910;487;1900;0
333319446;3911;481;1875;0
333420678;3910;488;1900;0
333523011;3912;477;1850;0
333731781;3907;537;2100;0
333846381;3911;485;1875;0
333950574;3907;522;2150;0
334051596;3908;502;1950;0
334152491;3906;535;2075;0
334264900;3911;474;1850;0
334367892;3908;512;2000;0
334470355;3907;535;2075;0
334573739;3900;603;2350;0
334677037;3905;575;2225;0
334780347;3903;558;2175;0
334887102;3907;544;2100;0
334990625;3905;562;2175;0
335095463;3906;511;1975;0
335201571;3907;523;2025;0
335320323;3911;480;1875;0
335423414;3911;475;1850@20000101_000005_192721_imu_lsm6dso32.csv@335425706;6.59288;0.015616;-0.040992;-8099;-1015;-588;1
335524699;3911;488;1900;0
335627234;3907;520;2025;0
335732892;3902;548;2125;0
335836506;3903;566;2200;0
335948459;3911;490;1900;0
336052334;3903;543;2100;0
336153977;3907;533;2075;0
336256266;3907;510;1975;0
336362268;3908;511;1975;0
336465760;3905;561;2175;0
336573400;3893;695;2700;0
336678618;3907;521;2025;0
336781208;3903;564;2200;0
336898216;3907;524;2025;0
337001856;3907;572;2225;0
337104496;3906;539;2100;0
337207850;3906;519;2025;0
337530251;3902;613;2375;0
337631774;3908;519;2025;0
337738481;3903;563;2175;0
337845580;3903;545;2125;0
337952426;3907;495;1925;0
338055039;3907;529;2050;0
338157114;3902;568;2200@20000101_000005_192721_accel_adxl375.csv@338162960;-0.049;-0.343;0.44099998;1
338264848;3901;569;2200;0
338370753;3900;566;2200;0
338474346;3902;565;2200;0
338577200;3900;596;2325;0
338679291;3901;586;2275;0
338783101;3906;519;2025;0
338888774;3898;586;2275;0
338990985;3898;595;2300;0
339097654;3903;552;2150;0
339211472;3907;507;1975;0
339313564;3907;504;1950;0
339414657;3907;520;2025;0
339519076;3907;501;1950;0
339728535;3907;510;2100;0
339831255;3895;667;2575;0
339934317;3902;576;2250;0
340035742;3900;618;2400;0
340140243;3908;513;2000;0
340243600;3898;596;2325;0
340350775;3908;510;1975;0
340558415;3907;519;2025;0
340762624;3905;518;2025;0
340863943;3902;572;2225;0
340968494;3905;559;2175;0
341069794;3902;565;2200;0
341175952;3901;600;2325;0
341325740;3898;585;2275;0
341429711;3901;576;2250;0
341533086;3886;689;2675;0
341634715;3888;696;2700;0
341738614;3896;619;2400;0
