t_s;ax;ay;az;irq_runs;uptime_us
-29.968606;1.7639999;0.343;-0.098;1;854060254
-29.955599;1.7639999;0.294;-0.098;1;854073261
-29.933890;1.7149999;0.294;-0.147;1;854094970
-29.917874;1.7149999;0.294;-0.049;1;854110986
-29.905106;1.813;0.244999984;-0.098;1;854123754
-29.894094;1.813;0.244999984;-0.049;1;854134766
-29.881475;1.7149999;0.392;0.0;1;854147385
-29.868905;1.7149999;0.244999984;-0.147;1;854159955
-29.853752;1.7639999;0.244999984;-0.098;1;854175108
-29.834077;1.7149999;0.294;-0.098;1;854194783
-29.821046;1.7639999;0.294;-0.098;1;854207814
-29.802630;1.7639999;0.294;-0.098;1;854226230
-29.791742;1.7639999;0.244999984;-0.098;1;854237118
-29.781140;1.7639999;0.294;-0.098;1;854247720
-29.759089;1.862;0.244999984;-0.049;1;854269771
-29.747643;1.7639999;0.343;-0.098;1;854281217
-29.735091;1.7149999;0.294;-0.049;1;854293769
-29.721394;1.7149999;0.294;-0.049;1;854307466
-29.703650;1.7639999;0.294;0.0;1;854325210
-29.690334;1.7639999;0.244999984;-0.098;1;854338526
-29.678481;1.813;0.294;-0.098;1;854350379
-29.644028;1.7639999;0.244999984;-0.098;1;854384832
-29.625860;1.7639999;0.196;-0.098;1;854403000
-29.601277;1.7639999;0.294;-0.098;1;854427583
-29.591002;1.7639999;0.196;-0.098;1;854437858
-29.572610;1.7639999;0.294;0.0;1;854456250
-29.552093;1.7639999;0.294;-0.049;1;854476767
-29.541090;1.7149999;0.244999984;-0.049;1;854487770
-29.524108;1.7639999;0.294;-0.098;1;854504752
-29.511548;1.7149999;0.294;-0.049;1;854517312
-29.494011;1.813;0.294;-0.147;1;854534849
-29.481054;1.7639999;0.294;-0.049;1;854547806
-29.427584;1.7639999;0.244999984;-0.049;1;854601276
-29.412455;1.7149999;0.294;0.0;1;854616405
-29.400142;1.7149999;0.294;0.0;1;854628718
-29.387609;1.7639999;0.244999984;-0.049;1;854641251
-29.376790;1.7639999;0.343;-0.098;1;854652070
-29.362693;1.7639999;0.244999984;-0.098;1;854666167
-29.344086;1.7639999;0.294;-0.049;1;854684774
-29.330601;1.813;0.294;-0.098;1;854698259
-29.314012;1.813;0.294;0.0;1;854714848
-29.302787;1.7639999;0.244999984;-0.098;1;854726073
-29.290879;1.7639999;0.294;-0.098;1;854737981
-29.276506;1.7639999;0.244999984;-0.098;1;854752354
-29.264174;1.7639999;0.244999984;0.0;1;854764686
-29.244059;1.7639999;0.244999984;-0.049;1;854784801
-29.231468;1.7639999;0.294;-0.049;1;854797392
-29.220854;1.7639999;0.294;-0.147;1;854808006
-29.209850;1.7639999;0.343;-0.049;1;854819010
-29.194008;1.7639999;0.343;-0.049;1;854834852
-29.178356;1.7639999;0.294;-0.049;1;854850504
-29.157126;1.7639999;0.294;-0.049;1;854871734
-29.143670;1.7639999;0.343;-0.049;1;854885190
-29.119462;1.813;0.294;-0.147;1;854909398
-29.108845;1.813;0.294;-0.098;1;854920015
-29.097924;1.7639999;0.244999984;-0.049;1;854930936
-29.086844;1.7639999;0.196;-0.098;1;854942016
-29.075845;1.7149999;0.294;-0.049;1;854953015
-29.060193;1.7639999;0.343;-0.049;1;854968667
-29.049029;1.7639999;0.343;-0.049;1;854979831
-29.023791;1.813;0.294;-0.098;1;855005069
-29.012351;1.7639999;0.294;-0.098;1;855016509
-28.992856;1.7639999;0.294;-0.098;1;855036004
-28.959519;1.7639999;0.244999984;-0.098;1;855069341
-28.944362;1.7149999;0.244999984;-0.049;1;855084498
-28.927436;1.7149999;0.244999984;-0.098;1;855101424
-28.909906;1.7639999;0.244999984;-0.049;1;855118954
-28.898367;1.7639999;0.244999984;-0.049;1;855130493
-28.874026;1.7149999;0.294;-0.098;1;855154834
-28.862997;1.7639999;0.294;-0.098;1;855165863
-28.852034;1.7149999;0.343;-0.098;1;855176826
-28.834085;1.813;0.294;-0.098;1;855194775
-28.819720;1.813;0.196;-0.049;1;855209140
-28.802189;1.7639999;0.294;-0.098;1;855226671
-28.790929;1.7639999;0.244999984;-0.049;1;855237931
-28.779780;1.7639999;0.294;-0.098;1;855249080
-28.765072;1.7639999;0.244999984;-0.098;1;855263788
-28.750472;1.813;0.244999984;-0.049;1;855278388
-28.733999;1.7639999;0.294;-0.098;1;855294861
-28.709015;1.7639999;0.343;-0.098;1;855319845
-28.697308;1.7639999;0.343;-0.049;1;855331552
-28.685231;1.7639999;0.343;-0.049;1;855343629
-28.674136;1.7639999;0.244999984;-0.098;1;855354724
-28.660317;1.7639999;0.294;-0.049;1;855368543
-28.649725;1.7639999;0.244999984;-0.049;1;855379135
-28.637992;1.7639999;0.244999984;-0.049;1;855390868
-28.622627;1.813;0.196;0.0;1;855406233
-28.611967;1.7639999;0.244999984;0.0;1;855416893
-28.599704;1.813;0.244999984;-0.098;1;855429156
-28.585906;1.7639999;0.244999984;-0.049;1;855442954
-28.573308;1.7149999;0.294;-0.098;1;855455552
-28.562645;1.7639999;0.294;-0.098;1;855466215
-28.550482;1.813;0.244999984;-0.049;1;855478378
-28.539212;1.7639999;0.294;-0.049;1;855489648
-28.514053;1.7639999;0.294;-0.049;1;855514807
-28.502934;1.7639999;0.2;;1;855525926
-28.491888;1.7639999;0.244999984;-0.049;1;855536972
-28.450265;1.7639999;0.244999984;-0.049;1;855578595
-28.438136;1.813;0.294;-0.098;1;855590724
-28.421585;1.7639999;0.343;-0.098;1;855607275
-28.402080;1.7639999;0.343;-0.049;1;855626780
-28.388685;1.7639999;0.294;-0.049;1;855640175
-28.374885;1.7639999;0.294;-0.049;1;855653975
-28.352395;1.7639999;0.294;-0.049;1;855676465
-28.341008;1.813;0.196;-0.049;1;855687852
-28.323061;1.813;0.294;-0.098;1;855705799
-28.302511;1.7149999;0.294;-0.049;1;855726349
-28.291489;1.7639999;0.294;-0.049;1;855737371
-28.277371;1.7639999;;0.026;0;855751489
-28.265328;1.7639999;0.343;-0.049;1;855763532
-28.255173;1.7149999;0.343;-0.049;1;855773687
-28.241713;1.7639999;0.294;-0.098;1;855787147
-28.222848;1.813;0.294;-0.049;1;855806012
-28.202823;1.7639999;0.294;-0.049;1;855826037
-28.190848;1.813;0.244999984;-0.098;1;855838012
-28.168242;1.7149999;0.244999984;-0.049;1;855860618
-28.154819;1.7639999;0.196;-0.098;1;855874041
-28.132935;1.7639999;0.244999984;-0.049;1;855895925
-28.121834;1.813;0.294;-0.049;1;855907026
-28.102508;1.7149999;0.343;-0.147;1;855926352
-28.091044;1.7639999;0.343;-0.049;1;855937816
-28.078607;1.7639999;0.294;-0.049;1;855950253
-28.065247;1.7639999;0.244999984;-0.098;1;855963613
-28.052677;1.7639999;0.294;-0.098;1;855976183
-28.040694;1.7639999;0.244999984;-0.049;1;855988166
-28.029378;1.813;0.244999984;-0.098;1;855999482
-28.018757;1.7149999;0.294;-0.098;1;856010103
-28.005944;1.813;0.244999984;-0.098;1;856022916
-27.957229;1.7639999;0.294;-0.049;1;856071631
-27.945665;1.7639999;0.244999984;-0.147;1;856083195
-27.928786;1.7149999;0.343;-0.049;1;856100074
-27.914156;1.7639999;0.294;-0.049;1;856114704
-27.892089;1.7639999;0.294;-0.098;1;856136771
-27.880912;1.7639999;0.294;-0.098;1;856147948
-27.861088;1.7149999;0.244999984;-0.098;1;856167772
-27.848087;1.7639999;0.343;0.0;1;856180773
-27.826770;1.7639999;0.294;-0.098;1;856202090
-27.814027;1.7149999;0.343;-0.147;1;856214833
-27.790496;1.7639999;0.294;-0.049;1;856238364
-27.779447;1.7639999;0.294;-0.098;1;856249413
-27.764066;1.7149999;0.294;-0.098;1;856264794
-27.751968;1.7149999;0.244999984;-0.049;1;856276892
-27.733705;1.7639999;0.294;-0.098;1;856295155
-27.722923;1.813;0.244999984;-0.098;1;856305937
-27.704097;1.7639999;0.294;-0.049;1;856324763
-27.691087;1.7639999;0.244999984;-0.049;1;856337773
-27.679895;1.7639999;0.343;-0.049;1;856348965
-27.668948;1.7639999;0.294;-0.098;1;856359912
-27.658098;1.7639999;0.244999984;-0.098;1;856370762
-27.646886;1.7149999;0.343;-0.098;1;856381974
-27.634096;1.7639999;0.244999984;-0.049;1;856394764
-27.617677;1.7639999;0.294;-0.098;1;856411183
-27.601954;1.7639999;0.244999984;-0.049;1;856426906
-27.591090;1.7639999;0.294;-0.049;1;856437770
-27.575672;1.7639999;0.343;-0.098;1;856453188
-27.564965;1.7639999;0.294;0.0;1;856463895
-27.552407;1.7639999;0.294;-0.049;1;856476453
-27.529228;1.813;0.244999984;-0.147;1;856499632
-27.519111;1.7639999;0.294;-0.049;1;856509749
-27.502190;1.7639999;0.294;0.0;1;856526670
-27.490623;1.813;0.294;-0.049;1;856538237
-27.443028;1.7149999;0.343;-0.049;1;856585832
-27.423122;1.7639999;0.294;-0.049;1;856605738
-27.409585;1.7639999;0.294;-0.049;1;856619275
-27.399102;1.7639999;0.294;0.0;1;856629758
-27.387304;1.813;0.244999984;-0.049;1;856641556
-27.375931;1.7639999;0.294;-0.098;1;856652929
-27.361441;1.813;0.244999984;-0.049;1;856667419
-27.350329;1.813;0.244999984;-0.049;1;856678531
-27.340033;1.813;0.294;-0.098;1;856688827
-27.324092;1.7149999;0.294;-0.098;1;856704768
-27.311029;1.7639999;0.244999984;-0.098;1;856717831
-27.292488;1.7639999;0.294;-0.098;1;856736372
-27.281105;1.813;0.294;-0.098;1;856747755
-27.259076;1.813;0.294;-0.098;1;856769784
-27.248127;1.862;0.294;-0.098;1;856780733
-27.232768;1.7639999;0.294;-0.098;1;856796092
-27.200746;1.813;0.244999984;-0.098;1;856828114
-27.189476;1.7639999;0.343;-0.049;1;856839384
-27.176961;1.7639999;0.343;-0.098;1;856851899
-27.154058;1.7639999;0.294;-0.049;1;856874802
-27.139089;1.813;0.294;0.0;1;856889771
-27.122337;1.7639999;0.294;-0.049;1;856906523
-27.103624;1.7639999;0.196;-0.098;1;856925236
-27.092578;1.862;0.294;-0.049;1;856936282
-27.081821;1.813;0.294;-0.098;1;856947039
-27.066570;1.7149999;0.343;-0.049;1;856962290
-27.056037;1.7639999;0.244999984;-0.049;1;856972823
-27.044926;1.7639999;0.294;-0.049;1;856983934
-27.024086;1.7639999;0.343;-0.098;1;857004774
-26.991925;1.7639999;0.343;-0.049;1;857036935
-26.980498;1.7639999;0.294;-0.049;1;857048362
-26.944301;1.7639999;0.294;-0.049;1;857084559
-26.930770;1.7639999;0.244999984;-0.098;1;857098090
-26.919347;1.7639999;0.244999984;-0.049;1;857109513
-26.890489;1.7149999;0.244999984;-0.049;1;857138371
-26.877461;1.813;0.294;-0.049;1;857151399
-26.867019;1.7639999;0.294;-0.049;1;857161841
-26.851271;1.7639999;0.343;-0.049;1;857177589
-26.825852;1.7639999;0.244999984;-0.049;1;857203008
-26.804080;1.7149999;0.294;-0.147;1;857224780
-26.792776;1.7149999;0.294;-0.049;1;857236084
-26.781836;1.7149999;0.244999984;-0.098;1;857247024
-26.756434;1.7149999;0.294;-0.098;1;857272426
-26.742891;1.7639999;0.294;-0.049;1;857285969
-26.721942;1.7639999;0.294;-0.049;1;857306918
-26.702701;1.7149999;0.343;-0.098;1;857326159
-26.690234;1.813;0.294;-0.049;1;857338626
-26.679485;1.7149999;0.294;-0.049;1;857349375
-26.667625;1.7149999;0.294;-0.049;1;857361235
-26.652974;1.7149999;0.294;-0.098;1;857375886
-26.632920;1.7149999;0.294;-0.098;1;857395940
-26.618975;1.7149999;0.294;-0.098;1;857409885
-26.606023;1.813;0.244999984;-0.098;1;857422837
-26.594274;1.7639999;0.244999984;0.0;1;857434586
-26.581177;1.7639999;0.244999984;-0.098;1;857447683
-26.563240;1.7639999;0.343;-0.098;1;857465620
-26.548850;1.7639999;0.294;-0.049;1;857480010
-26.532537;1.813;0.294;-0.049;1;857496323
-26.520932;1.7149999;0.244999984;-0.098;1;857507928
-26.508058;1.7149999;0.244999984;-0.049;1;857520802
-26.495095;1.7639999;0.244999984;-0.049;1;857533765
-26.474493;1.813;0.244999984;-0.049;1;857554367
-26.436377;1.7149999;0.294;-0.147;1;857592483
-26.404140;1.7149999;0.294;-0.098;1;857624720
-26.392816;1.7639999;0.294;-0.049;1;857636044
-26.378602;1.7639999;0.343;-0.098;1;857650258
-26.360330;1.7639999;0.196;-0.098;1;857668530
-26.344104;1.7639999;0.244999984;-0.049;1;857684756
-26.332789;1.7639999;0.244999984;-0.049;1;857696071
-26.314094;1.7639999;0.244999984;-0.049;1;857714766
-26.302913;1.7149999;0.244999984;-0.098;1;857725947
-26.282407;1.7639999;0.294;-0.049;1;857746453
-26.249225;1.7639999;0.294;-0.049;1;857779635
-26.234065;1.7639999;0.343;-0.098;1;857794795
-26.222462;1.7639999;0.294;-0.049;1;857806398
-26.204076;1.7149999;0.294;-0.049;1;857824784
-26.192794;1.813;0.244999984;-0.098;1;857836066
-26.181738;1.7639999;0.294;-0.098;1;857847122
-26.164007;1.7639999;0.294;-0.098;1;857864853
-26.152034;1.7639999;0.244999984;-0.098;1;857876826
-26.140824;1.7149999;0.294;-0.049;1;857888036
-26.124940;1.7639999;0.244999984;-0.049;1;857903920
-26.112518;1.7639999;0.294;-0.098;1;857916342
-26.090737;1.7149999;0.343;-0.098;1;857938123
-26.079608;1.7639999;0.294;-0.049;1;857949252
-26.068208;1.813;0.244999984;-0.049;1;857960652
-26.050287;1.7639999;0.343;-0.049;1;857978573
-26.025948;1.7639999;0.343;-0.049;1;858002912
-25.998046;1.7149999;0.294;-0.098;1;858030814
-25.986875;1.7639999;0.294;-0.098;1;858041985
-25.973726;1.7639999;0.294;-0.049;1;858055134
-25.935300;1.7639999;0.294;-0.098;1;858093560
-25.912087;1.7639999;0.244999984;0.0;1;858116773
-25.889013;1.7639999;0.294;-0.049;1;858139847
-25.877876;1.813;0.294;-0.049;1;858150984
-25.866451;1.7639999;0.244999984;-0.098;1;858162409
-25.853890;1.7149999;0.294;-0.049;1;858174970
-25.841748;1.7639999;0.294;-0.049;1;858187112
-25.829785;1.7639999;0.294;-0.098;1;858199075
-25.812581;1.7149999;0.294;-0.049;1;858216279
-25.800422;1.7639999;0.294;-0.098;1;858228438
-25.789719;1.7639999;0.294;-0.098;1;858239141
-25.778033;1.813;0.294;0.0;1;858250827
-25.766903;1.7639999;0.343;-0.049;1;858261957
-25.753410;1.7639999;0.294;-0.049;1;858275450
-25.732584;1.7639999;0.294;-0.098;1;858296276
-25.720445;1.7639999;0.294;-0.049;1;858308415
-25.709029;1.7639999;0.244999984;-0.049;1;858319831
-25.696612;1.7639999;0.244999984;-0.049;1;858332248
-25.683957;1.7149999;0.244999984;-0.049;1;858344903
-25.672214;1.813;0.294;-0.049;1;858356646
-25.657213;1.7639999;0.196;-0.049;1;858371647
-25.634083;1.7639999;0.294;-0.049;1;858394777
-25.621527;1.7639999;0.244999984;-0.049;1;858407333
-25.599733;1.7149999;0.343;-0.098;1;858429127
-25.587654;1.7639999;0.343;-0.049;1;858441206
-25.576737;1.7639999;0.294;-0.098;1;858452123
-25.564526;1.7639999;0.294;-0.049;1;858464334
-25.542089;1.7639999;0.294;-0.049;1;858486771
-25.511308;1.7639999;0.343;-0.098;1;858517552
-25.493220;1.7639999;0.244999984;-0.049;1;858535640
-25.481912;1.7639999;0.244999984;-0.098;1;858546948
-25.471016;1.7149999;0.294;-0.049;1;858557844
-25.429502;1.7149999;0.392;-0.049;1;858599358
-25.415694;1.7639999;0.294;-0.098;1;858613166
-25.401795;1.7639999;0.294;-0.147;1;858627065
-25.391002;1.7639999;0.343;-0.098;1;858637858
-25.376278;1.7639999;0.244999984;-0.098;1;858652582
-25.350754;1.7639999;0.244999984;0.0;1;858678106
-25.334063;1.7149999;0.343;-0.049;1;858694797
-25.320423;1.7149999;0.294;-0.098;1;858708437
-25.304011;1.7149999;0.294;-0.049;1;858724849
-25.290595;1.7639999;0.294;-0.049;1;858738265
-25.279775;1.7149999;0.343;-0.098;1;858749085
-25.268394;1.7639999;0.294;-0.098;1;858760466
-25.255601;1.7639999;0.294;-0.049;1;858773259
-25.243306;1.7149999;0.244999984;-0.049;1;858785554
-25.222341;1.7149999;0.294;-0.098;1;858806519
-25.209465;1.813;0.294;-0.049;1;858819395
-25.194006;1.7149999;0.294;-0.049;1;858834854
-25.182553;1.7639999;0.244999984;-0.049;1;858846307
-25.172053;1.7639999;0.294;-0.049;1;858856807
-25.160256;1.7639999;0.294;-0.098;1;858868604
-25.142650;1.7639999;0.343;-0.098;1;858886210
-25.122811;1.7639999;0.294;-0.049;1;858906049
-25.111038;1.813;0.294;-0.049;1;858917822
-25.094005;1.813;0.294;-0.098;1;858934855
-25.081706;1.813;0.244999984;-0.049;1;858947154
-25.057134;1.7149999;0.244999984;-0.049;1;858971726
-25.045994;1.7149999;0.294;-0.098;1;858982866
-25.035175;1.7639999;0.244999984;-0.049;1;858993685
-24.997240;1.7639999;0.343;-0.049;1;859031620
-24.982882;1.7149999;0.294;-0.049;1;859045978
-24.971762;1.7639999;0.294;-0.098;1;859057098
-24.960119;1.7149999;0.343;-0.049;1;859068741
-24.927965;1.7639999;0.244999984;-0.098;1;859100895
-24.907445;1.7639999;0.244999984;-0.147;1;859121415
-24.893418;1.7639999;0.196;-0.049;1;859135442
-24.882370;1.7639999;0.343;-0.049;1;859146490
-24.872062;1.7639999;0.294;-0.098;1;859156798
-24.859677;1.813;0.244999984;-0.098;1;859169183
-24.844110;1.7639999;0.294;-0.098;1;859184750
-24.832829;1.7149999;0.343;-0.098;1;859196031
-24.821435;1.7639999;0.294;-0.049;1;859207425
-24.809881;1.813;0.244999984;-0.049;1;859218979
-24.798790;1.7639999;0.294;-0.147;1;859230070
-24.786131;1.7639999;0.244999984;-0.098;1;859242729
-24.773860;1.7639999;0.244999984;-0.049;1;859255000
-24.762882;1.7639999;0.244999984;-0.049;1;859265978
-24.743034;1.813;0.294;-0.098;1;859285826
-24.722761;1.7639999;0.294;-0.049;1;859306099
-24.708606;1.7639999;0.294;-0.049;1;859320254
-24.697558;1.813;0.294;-0.049;1;859331302
-24.683491;1.7639999;0.244999984;-0.049;1;859345369
-24.673040;1.7639999;0.244999984;-0.049;1;859355820
-24.660438;1.7639999;0.294;-0.098;1;859368422
-24.643015;1.7639999;0.244999984;-0.147;1;859385845
-24.630726;1.7639999;0.294;-0.049;1;859398134
-24.611052;1.7149999;0.244999984;-0.098;1;859417808
-24.595182;1.813;0.294;-0.147;1;859433678
-24.577617;1.813;0.294;0.0;1;859451243
-24.567120;1.813;0.244999984;-0.049;1;859461740
-24.555578;1.7149999;0.343;-0.049;1;859473282
-24.542993;1.7639999;0.294;-0.098;1;859485867
-24.531873;1.7639999;0.294;0.0;1;859496987
-24.512022;1.7639999;0.244999984;-0.049;1;859516838
-24.500815;1.813;0.294;-0.098;1;859528045
-24.481198;1.7149999;0.343;-0.098;1;859547662
-24.464939;1.7639999;0.294;-0.049;1;859563921
-24.442899;1.7639999;0.294;0.0;1;859585961
-24.410752;1.7639999;0.244999984;-0.049;1;859618108
-24.391248;1.7639999;0.294;-0.049;1;859637612
-24.375797;1.813;0.244999984;-0.049;1;859653063
-24.364972;1.813;0.244999984;-0.147;1;859663888
-24.349816;1.813;0.294;-0.049;1;859679044
-24.332754;1.7639999;0.343;-0.049;1;859696106
-24.312878;1.7639999;0.294;-0.049;1;859715982
-24.298099;1.813;0.244999984;-0.098;1;859730761
-24.285559;1.7149999;0.343;-0.049;1;859743301
-24.273254;1.7639999;0.244999984;-0.049;1;859755606
-24.259580;1.813;0.294;-0.049;1;859769280
-24.247605;1.7639999;0.294;-0.098;1;859781255
-24.232941;1.7639999;0.343;-0.049;1;859795919
-24.220815;1.7639999;0.294;-0.049;1;859808045
-24.207413;1.7639999;0.244999984;-0.049;1;859821447
-24.195377;1.7639999;0.294;-0.049;1;859833483
-24.183468;1.7149999;0.294;0.0;1;859845392
-24.173192;1.813;0.343;-0.049;1;859855668
-24.149806;1.7639999;0.294;0.0;1;859879054
-24.125375;1.7639999;0.294;-0.049;1;859903485
-24.095891;1.7639999;0.244999984;-0.098;1;859932969
-24.063832;1.7149999;0.294;-0.098;1;859965028
-24.052911;1.7639999;0.294;-0.098;1;859975949
-24.038438;1.813;0.294;-0.049;1;859990422
-24.020307;1.7639999;0.294;0.0;1;860008553
-24.009239;1.7639999;0.294;-0.049;1;860019621
-23.997446;1.7639999;0.343;-0.049;1;860031414
-23.987099;1.7149999;0.343;-0.049;1;860041761
-23.953564;1.7639999;0.343;-0.098;1;860075296
-23.934848;1.7639999;0.294;-0.098;1;860094012
-23.922593;1.7639999;0.244999984;-0.049;1;860106267
-23.912019;1.813;0.244999984;-0.049;1;860116841
-23.900912;1.7639999;0.294;-0.098;1;860127948
-23.885582;1.7639999;0.294;-0.098;1;860143278
-23.873015;1.7639999;0.294;-0.049;1;860155845
-23.854185;1.7639999;0.294;-0.098;1;860174675
-23.834020;1.7639999;0.294;-0.049;1;860194840
-23.818026;1.7639999;0.294;-0.098;1;860210834
-23.792788;1.7639999;0.343;-0.098;1;860236072
-23.781837;1.7639999;0.343;-0.049;1;860247023
-23.762760;1.7639999;0.294;-0.098;1;860266100
-23.744053;1.7639999;0.343;-0.098;1;860284807
-23.732956;1.813;0.294;-0.098;1;860295904
-23.713984;1.7149999;0.244999984;-0.049;1;860314876
-23.692216;1.7639999;0.294;-0.049;1;860336644
-23.680717;1.7639999;0.294;-0.098;1;860348143
-23.664022;1.7149999;0.343;-0.049;1;860364838
-23.644005;1.666;0.294;-0.098;1;860384855
-23.632917;1.7639999;0.244999984;-0.098;1;860395943
-23.614405;1.7149999;0.244999984;-0.049;1;860414455
-23.601865;1.7639999;0.244999984;-0.049;1;860426995
-23.588267;1.7639999;0.294;-0.098;1;860440593
-23.577069;1.7639999;0.244999984;-0.049;1;860451791
-23.565887;1.7149999;0.294;-0.098;1;860462973
-23.554987;1.7639999;0.343;-0.098;1;860473873
-23.540508;1.7639999;0.244999984;-0.098;1;860488352
-23.522589;1.7639999;0.294;-0.098;1;860506271
-23.511266;1.7149999;0.343;-0.049;1;860517594
-23.499315;1.813;0.294;-0.098;1;860529545
-23.484666;1.7639999;0.244999984;-0.049;1;860544194
-23.472693;1.7639999;0.294;-0.049;1;860556167
-23.422136;1.7639999;0.244999984;-0.049;1;860606724
-23.405527;1.7639999;0.244999984;-0.098;1;860623333
-23.392915;1.7639999;0.244999984;-0.049;1;860635945
-23.381216;1.7639999;0.294;-0.098;1;860647644
-23.369816;;17;53;3943;860659044
-23.357780;1.7639999;0.294;-0.049;1;860671080
-23.344938;1.7639999;0.294;-0.049;1;860683922
-23.322152;1.7149999;0.294;-0.049;1;860706708
-23.309200;1.7639999;0.294;-0.098;1;860719660
-23.297893;1.7639999;0.294;-0.049;1;860730967
-23.286975;1.7149999;0.294;-0.098;1;860741885
-23.274998;1.7639999;0.294;0.0;1;860753862
-23.261192;1.7149999;0.294;-0.049;1;860767668
-23.230944;1.7639999;0.294;-0.049;1;860797916
-23.216957;1.813;0.244999984;-0.098;1;860811903
-23.190545;1.7639999;0.294;-0.049;1;860838315
-23.179454;1.7639999;0.294;-0.049;1;860849406
-23.162928;1.7639999;0.294;-0.098;1;860865932
-23.150603;1.7639999;0.294;-0.098;1;860878257
-23.132599;1.7639999;0.294;-0.049;1;860896261
-23.119573;1.7639999;0.294;-0.147;1;860909287
-23.109091;1.7639999;0.294;0.0;1;860919769
-23.097662;1.813;0.294;-0.049;1;860931198
-23.085260;1.862;0.196;-0.098;1;860943600
-23.056047;1.7639999;0.294;-0.147;1;860972813
-23.045200;1.7639999;0.294;-0.049;1;860983660
-23.033085;1.813;0.294;-0.049;1;860995775
-23.022143;1.813;0.343;-0.049;1;861006717
-22.984004;1.7639999;0.343;-0.049;1;861044856
-22.969786;1.813;0.294;-0.049;1;861059074
-22.943786;1.7639999;0.244999984;-0.049;1;861085074
-22.926389;1.7639999;0.294;-0.098;1;861102471
-22.911637;1.7639999;0.294;-0.098;1;861117223
-22.900869;1.7639999;0.343;-0.098;1;861127991
-22.884017;1.7639999;0.294;-0.098;1;861144843
-22.872442;1.7149999;0.294;-0.098;1;861156418
-22.861898;1.7639999;0.244999984;-0.049;1;861166962
-22.848170;1.7639999;0.244999984;-0.098;1;861180690
-22.825544;1.7639999;0.244999984;-0.049;1;861203316
-22.814987;1.7639999;0.294;-0.098;1;861213873
-22.791016;1.7639999;0.244999984;-0.049;1;861237844
-22.777551;1.7149999;0.244999984;-0.098;1;861251309
-22.761475;1.813;0.244999984;-0.098;1;861267385
-22.744076;1.7639999;0.294;-0.049;1;861284784
-22.730503;1.7639999;0.294;-0.049;1;861298357
-22.698761;1.813;0.294;-0.049;1;861330099
-22.686953;1.7639999;0.294;-0.049;1;861341907
-22.674988;1.813;0.244999984;-0.049;1;861353872
-22.654038;1.7639999;0.294;-0.049;1;861374822
-22.641215;1.7149999;0.294;-0.049;1;861387645
-22.630102;1.813;0.294;-0.098;1;861398758
-22.613987;1.7639999;0.294;-0.049;1;861414873
-22.590889;1.7149999;0.294;-0.049;1;861437971
-22.576032;1.7639999;0.244999984;-0.098;1;861452828
-22.563460;1.7639999;0.294;-0.049;1;861465400
-22.532870;1.7639999;0.294;-0.049;1;861495990
-22.500125;1.813;0.294;-0.049;1;861528735
-22.474031;1.7639999;0.294;-0.049;1;861554829
-22.461572;1.7639999;0.294;-0.098;1;861567288
-22.424855;1.7639999;0.294;-0.049;1;861604005
-22.412220;1.813;0.294;-0.098;1;861616640
-22.398489;1.7639999;0.294;-0.049;1;861630371
-22.387843;1.7639999;0.343;-0.098;1;861641017
-22.376345;1.7639999;0.294;-0.098;1;861652515
-22.365978;1.813;0.294;-0.098;1;861662882
-22.351442;1.7639999;0.294;-0.098;1;861677418
-22.334058;1.7639999;0.294;-0.049;1;861694802
-22.322490;1.7149999;0.294;-0.049;1;861706370
-22.304079;1.7639999;0.294;-0.049;1;861724781
-22.289194;1.7639999;0.244999984;-0.049;1;861739666
-22.264007;1.7639999;0.244999984;0.0;1;861764853
-22.250948;1.7639999;0.294;-0.098;1;861777912
-22.234051;1.7639999;0.294;-0.098;1;861794809
-22.223067;1.7149999;0.294;0.0;1;861805793
-22.204076;1.813;0.244999984;-0.049;1;861824784
-22.192484;1.7639999;0.294;-0.049;1;861836376
-22.181553;1.813;0.244999984;-0.049;1;861847307
-22.151990;1.7639999;0.244999984;-0.049;1;861876870
-22.134008;1.7639999;0.244999984;-0.049;1;861894852
-22.122916;1.813;0.294;-0.049;1;861905944
-22.104086;1.7639999;0.294;-0.098;1;861924774
-22.092994;1.7639999;0.294;-0.049;1;861935866
-22.081511;1.7149999;0.294;-0.098;1;861947349
-22.070765;1.7639999;0.244999984;-0.049;1;861958095
-22.060094;1.7639999;0.294;-0.049;1;861968766
-22.045970;1.7639999;0.294;-0.049;1;861982890
-22.024729;1.7639999;0.294;-0.049;1;862004131
-22.013566;1.7149999;0.294;-0.049;1;862015294
-21.991289;1.7639999;0.294;-0.098;1;862037571
-21.972994;1.7639999;0.244999984;-0.049;1;862055866
-21.935905;1.813;0.343;-0.098;1;862092955
-21.919668;1.7639999;0.343;-0.098;1;862109192
-21.902487;1.7639999;0.343;-0.049;1;862126373
-21.891185;1.7639999;0.294;-0.049;1;862137675
-21.877729;1.7149999;0.294;-0.049;1;862151131
-21.866546;1.7639999;0.244999984;-0.049;1;862162314
-21.848665;1.7639999;0.294;-0.098;1;862180195
-21.823868;1.7639999;0.294;-0.098;1;862204992
-21.802192;1.7149999;0.294;-0.049;1;862226668
-21.790672;1.813;0.294;0.0;1;862238188
-21.772944;1.813;0.244999984;-0.098;1;862255916
-21.761763;1.7149999;0.343;-0.049;1;862267097
-21.741908;1.7639999;0.294;-0.049;1;862286952
-21.721076;1.7639999;0.343;-0.049;1;862307784
-21.708932;1.7639999;0.294;-0.098;1;862319928
-21.696920;1.7639999;0.196;-0.098;1;862331940
-21.683272;1.7639999;0.244999984;-0.049;1;862345588
-21.672166;1.7639999;0.294;-0.098;1;862356694
-21.660838;1.7639999;0.244999984;-0.049;1;862368022
-21.642647;1.7639999;0.244999984;-0.098;1;862386213
-21.622791;1.7639999;0.294;-0.098;1;862406069
-21.610860;1.7149999;0.343;-0.049;1;862418000
-21.592386;1.7639999;0.343;-0.049;1;862436474
-21.576802;1.7639999;0.244999984;-0.098;1;862452058
-21.561797;1.7639999;0.294;-0.049;1;862467063
-21.548393;1.7639999;0.244999984;-0.049;1;862480467
-21.526066;1.7639999;0.244999984;-0.098;1;862502794
-21.512075;1.7639999;0.244999984;-0.049;1;862516785
-21.501086;1.7639999;0.294;-0.098;1;862527774
-21.489995;1.7639999;0.244999984;-0.098;1;862538865
-21.478211;1.7639999;0.294;-0.098;1;862550649
-21.426665;1.813;0.343;-0.049;1;862602195
-21.415043;1.7149999;0.294;-0.049;1;862613817
-21.394023;1.7639999;0.294;0.0;1;862634837
-21.382144;1.7639999;0.294;-0.098;1;862646716
-21.367450;1.7639999;0.244999984;-0.049;1;862661410
-21.353219;1.7639999;0.294;0.0;1;862675641
-21.341192;1.7639999;0.294;-0.049;1;862687668
-21.322827;1.7149999;0.294;-0.049;1;862706033
-21.309007;1.7639999;0.244999984;-0.049;1;862719853
-21.282344;1.7639999;0.244999984;-0.049;1;862746516
-21.262740;1.813;0.244999984;-0.049;1;862766120
-21.243913;1.7639999;0.244999984;0.0;1;862784947
-21.229556;1.7639999;0.294;-0.049;1;862799304
-21.212594;1.7639999;0.244999984;-0.098;1;862816266
-21.200334;1.7639999;0.244999984;-0.098;1;862828526
-21.181523;1.813;0.294;-0.049;1;862847337
-21.146167;1.7639999;0.294;0.0;1;862882693
-21.132808;1.7639999;0.294;-0.049;1;862896052
-21.119621;1.7149999;0.294;-0.049;1;862909239
-21.102948;1.7639999;0.343;0.0;1;862925912
-21.090631;1.7149999;0.294;-0.098;1;862938229
-21.079687;1.7149999;0.343;-0.049;1;862949173
-21.064517;1.7639999;0.244999984;-0.049;1;862964343
-21.046125;1.813;0.294;0.0;1;862982735
-21.035036;1.7639999;0.294;-0.098;1;862993824
-21.022826;1.7639999;0.294;-0.049;1;863006034
-21.004034;1.7639999;0.294;-0.098;1;863024826
-20.990343;1.7639999;0.244999984;-0.098;1;863038517
-20.974057;1.7639999;0.343;0.0;1;863054803
-20.961988;1.7639999;0.294;-0.098;1;863066872
-20.925959;1.813;0.294;-0.098;1;863102901
-20.912429;1.813;0.244999984;-0.098;1;863116431
-20.894397;1.7639999;0.294;-0.049;1;863134463
-20.882852;1.7639999;0.294;-0.098;1;863146008
-20.871514;1.7639999;0.294;-0.098;1;863157346
-20.860999;1.813;0.294;-0.098;1;863167861
-20.848048;1.7149999;0.343;-0.049;1;863180812
-20.833653;1.7639999;0.244999984;-0.098;1;863195207
-20.821996;1.7149999;0.294;-0.049;1;863206864
-20.810858;1.813;0.244999984;-0.098;1;863218002
-20.788840;1.7639999;0.294;-0.098;1;863240020
-20.741442;1.7639999;0.244999984;-0.098;1;863287418
-20.724100;1.813;0.244999984;-0.049;1;863304760
-20.712286;1.813;0.343;-0.098;1;863316574
-20.702092;1.813;0.343;-0.049;1;863326768
-20.687374;1.7639999;0.244999984;-0.049;1;863341486
-20.677142;1.7639999;0.294;-0.049;1;863351718
-20.666116;1.7639999;0.343;-0.049;1;863362744
-20.652529;1.7149999;0.294;-0.098;1;863376331
-20.640160;1.813;0.294;0.049;1;863388700
-20.628925;1.813;0.244999984;-0.049;1;863399935
-20.616034;1.7149999;0.294;-0.049;1;863412826
-20.592532;1.7639999;0.244999984;-0.098;1;863436328
-20.576951;1.7639999;0.294;-0.049;1;863451909
-20.559335;1.7639999;0.294;-0.098;1;863469525
-20.548990;1.7639999;0.294;-0.098;1;863479870
-20.524371;1.813;0.244999984;-0.049;1;863504489
-20.511290;1.7639999;0.343;-0.049;1;863517570
-20.492768;1.7639999;0.294;-0.098;1;863536092
-20.480980;1.7639999;0.343;-0.049;1;863547880
-20.466629;1.7149999;0.294;-0.049;1;863562231
-20.453764;1.813;0.294;-0.098;1;863575096
-20.417016;1.7639999;0.294;0.0;1;863611844
-20.393741;1.7639999;0.294;-0.049;1;863635119
-20.378268;1.7149999;0.343;-0.049;1;863650592
-20.360189;1.7639999;0.294;-0.098;1;863668671
-20.347296;1.7639999;0.294;-0.098;1;863681564
-20.322922;1.7639999;0.294;0.0;1;863705938
-20.302735;1.7639999;0.244999984;-0.098;1;863726125
-20.287137;1.813;0.294;-0.049;1;863741723
-20.275070;1.7639999;0.294;-0.049;1;863753790
-20.264033;1.7639999;0.294;-0.049;1;863764827
-20.242916;1.7639999;0.294;-0.049;1;863785944
-20.228495;1.7149999;0.294;-0.098;1;863800365
-20.217701;1.813;0.294;-0.049;1;863811159
-20.206899;1.813;0.196;-0.147;1;863821961
-20.195325;1.7149999;0.294;-0.098;1;863833535
-20.183298;1.862;0.244999984;-0.098;1;863845562
-20.172684;1.7639999;0.343;-0.098;1;863856176
-20.161338;1.7149999;0.294;0.0;1;863867522
-20.122178;1.7639999;0.294;-0.049;1;863906682
-20.088614;1.7639999;0.294;-0.049;1;863940246
-20.071306;1.7639999;0.343;-0.049;1;863957554
-20.055621;1.813;0.294;-0.049;1;863973239
-20.030292;1.7639999;0.294;-0.049;1;863998568
-20.012756;1.7639999;0.244999984;-0.049;1;864016104
-20.000440;1.7639999;0.294;-0.098;1;864028420
-19.981447;1.7639999;0.294;-0.049;1;864047413
-19.955788;1.7639999;0.244999984;-0.049;1;864073072
-19.944575;1.7639999;0.294;-0.098;1;864084285
-19.922950;1.7639999;0.294;-0.049;1;864105910
-19.881274;1.813;0.294;-0.049;1;864147586
-19.861978;1.7639999;0.294;0.0;1;864166882
-19.846636;1.813;0.343;-0.098;1;864182224
-19.818135;1.7149999;0.294;-0.098;1;864210725
-19.806467;1.7149999;0.294;-0.098;1;864222393
-19.788215;1.7639999;0.294;-0.098;1;864240645
-19.761353;1.813;0.294;-0.049;1;864267507
-19.741348;1.7149999;0.244999984;-0.098;1;864287512
-19.726773;1.7639999;0.294;-0.049;1;864302087
-19.712361;1.7639999;0.294;-0.098;1;864316499
-19.701726;1.813;0.294;-0.147;1;864327134
-19.682872;1.813;0.294;-0.049;1;864345988
-19.671718;1.7639999;0.294;-0.049;1;864357142
-19.660324;1.813;0.244999984;-0.049;1;864368536
-19.649334;1.7639999;0.244999984;-0.049;1;864379526
-19.632935;1.813;0.196;-0.098;1;864395925
-19.621694;1.7149999;0.343;-0.049;1;864407166
-19.602329;1.813;0.343;-0.098;1;864426531
-19.591300;1.7639999;0.294;-0.098;1;864437560
-19.579032;1.7639999;0.294;-0.049;1;864449828
-19.559198;1.7639999;0.244999984;-0.098;1;864469662
-19.545614;1.7149999;0.294;-0.147;1;864483246
-19.532999;1.813;0.294;-0.098;1;864495861
-19.521394;1.7639999;0.244999984;-0.147;1;864507466
-19.502937;1.7149999;0.294;-0.098;1;864525923
-19.491234;1.7639999;0.294;0.0;1;864537626
-19.479810;1.7149999;0.294;-0.098;1;864549050
-19.468784;1.666;0.294;-0.098;1;864560076
-19.457530;1.813;0.294;-0.049;1;864571330
-19.444697;1.7639999;0.294;-0.049;1;864584163
-19.422576;1.7639999;0.294;-0.049;1;864606284
-19.411737;1.7639999;0.244999984;-0.049;1;864617123
-19.400723;1.7639999;0.244999984;-0.049;1;864628137
-19.357127;1.7639999;0.294;-0.098;1;864671733
-19.341020;1.813;0.294;-0.049;1;864687840
-19.327134;1.7639999;0.294;-0.098;1;864701726
-19.316127;1.813;0.294;0.0;1;864712733
-19.298989;1.7639999;0.294;-0.049;1;864729871
-19.287320;1.7639999;0.294;-0.098;1;864741540
-19.274490;1.7149999;0.294;-0.049;1;864754370
-19.252893;1.813;0.244999984;-0.049;1;864775967
-19.242129;1.813;0.294;-0.049;1;864786731
-19.226268;1.7639999;0.244999984;-0.049;1;864802592
-19.209662;1.666;0.244999984;-0.049;1;864819198
-19.198551;1.813;0.244999984;-0.049;1;864830309
-19.187932;1.7149999;0.294;-0.049;1;864840928
-19.172466;1.7639999;0.244999984;-0.098;1;864856394
-19.152908;1.7639999;0.244999984;-0.049;1;864875952
-19.132872;1.7639999;0.294;-0.049;1;864895988
-19.114059;1.7149999;0.343;-0.098;1;864914801
-19.092810;1.7639999;0.294;-0.049;1;864936050
-19.080079;1.7149999;0.294;0.0;1;864948781
-19.067308;1.7149999;0.244999984;-0.049;1;864961552
-19.054226;1.7639999;0.343;-0.049;1;864974634
-19.036782;1.7639999;0.294;-0.098;1;864992078
-19.014073;1.7639999;0.294;-0.147;1;865014787
-18.988532;1.7149999;0.294;-0.049;1;865040328
-18.977812;1.813;0.294;-0.098;1;865051048
-18.952586;1.7639999;0.294;-0.098;1;865076274
-18.941688;1.7639999;0.294;-0.098;1;865087172
-18.929854;1.7639999;0.244999984;-0.049;1;865099006
-18.914090;1.7639999;0.244999984;-0.098;1;865114770
-18.894131;1.7639999;0.294;-0.049;1;865134729
-18.882885;1.7149999;0.294;-0.049;1;865145975
-18.848860;1.7639999;0.294;-0.049;1;865180000
-18.837517;1.813;0.294;-0.098;1;865191343
-18.823595;1.813;0.294;-0.098;1;865205265
-18.808868;1.7149999;0.294;-0.049;1;865219992
-18.796424;1.7639999;0.294;-0.049;1;865232436
-18.783869;1.7639999;0.294;-0.147;1;865244991
-18.772938;1.7639999;0.343;-0.049;1;865255922
-18.746526;1.7149999;0.343;-0.049;1;865282334
-18.724043;1.813;0.244999984;-0.049;1;865304817
-18.712540;1.7639999;0.294;-0.098;1;865316320
-18.692565;1.7149999;0.343;-0.098;1;865336295
-18.678193;1.7149999;0.294;0.0;1;865350667
-18.664521;1.7149999;0.244999984;-0.147;1;865364339
-18.632884;1.7639999;0.343;-0.049;1;865395976
-18.614042;1.813;0.244999984;-0.147;1;865414818
-18.593941;1.7149999;0.244999984;-0.098;1;865434919
-18.581852;1.7639999;0.294;-0.098;1;865447008
-18.554537;1.7639999;0.294;-0.098;1;865474323
-18.534033;1.7639999;0.294;-0.049;1;865494827
-18.521153;1.7639999;0.294;-0.049;1;865507707
-18.506802;1.7639999;0.343;-0.049;1;865522058
-18.495935;1.813;0.294;-0.049;1;865532925
-18.482556;1.813;0.294;-0.098;1;865546304
-18.466942;1.7639999;0.294;-0.098;1;865561918
-18.434925;1.7149999;0.294;-0.049;1;865593935
-18.414078;1.813;0.244999984;0.0;1;865614782
-18.393913;1.7639999;0.244999984;-0.049;1;865634947
-18.380490;1.813;0.294;-0.098;1;865648370
-18.366899;1.7639999;0.244999984;-0.098;1;865661961
-18.355600;1.813;0.294;-0.098;1;865673260
-18.334101;1.7639999;0.244999984;-0.147;1;865694759
-18.321589;1.813;0.294;-0.147;1;865707271
-18.293430;1.7639999;0.294;-0.049;1;865735430
-18.276548;1.7639999;0.294;-0.049;1;865752312
-18.264305;1.813;0.244999984;-0.049;1;865764555
-18.252859;1.7149999;0.294;-0.098;1;865776001
-18.234088;1.7639999;0.294;-0.049;1;865794772
-18.220991;1.7639999;0.294;-0.049;1;865807869
-18.202554;1.7149999;0.244999984;-0.098;1;865826306
-18.189663;1.813;0.294;-0.049;1;865839197
-18.174640;1.7149999;0.294;-0.049;1;865854220
-18.158475;1.7639999;0.244999984;-0.049;1;865870385
-18.131597;1.7149999;0.294;-0.049;1;865897263
-18.112881;1.813;0.294;-0.147;1;865915979
-18.101202;1.7639999;0.294;-0.049;1;865927658
-18.083867;1.7149999;0.294;-0.049;1;865944993
-18.071284;1.7639999;0.294;-0.049;1;865957576
-18.056540;1.813;0.294;-0.098;1;865972320
-18.046116;1.813;0.244999984;0.0;1;865982744
-18.012406;1.813;0.294;-0.049;1;866016454
-17.989404;1.7639999;0.294;-0.098;1;866039456
-17.977361;1.813;0.294;0.0;1;866051499
-17.962848;1.813;0.294;-0.049;1;866066012
-17.951045;1.813;0.343;0.0;1;866077815
-17.930082;1.7639999;0.244999984;0.0;1;866098778
-17.912684;1.7639999;0.294;-0.049;1;866116176
-17.900496;1.813;0.294;-0.098;1;866128364
-17.889261;1.813;0.294;-0.049;1;866139599
-17.877472;1.7149999;0.294;-0.098;1;866151388
-17.866054;1.666;0.294;-0.049;1;866162806
-17.842804;1.7639999;0.294;-0.049;1;866186056
-17.805352;1.7639999;0.294;-0.147;1;866223508
-17.782722;1.7639999;0.294;-0.049;1;866246138
-17.768411;1.7639999;0.294;-0.098;1;866260449
-17.751249;1.7639999;0.244999984;-0.098;1;866277611
-17.724063;1.7639999;0.294;-0.049;1;866304797
-17.688678;1.7639999;0.294;-0.098;1;866340182
-17.677366;1.7639999;0.244999984;-0.098;1;866351494
-17.665714;1.7639999;0.343;-0.049;1;866363146
-17.644091;1.813;0.294;-0.049;1;866384769
-17.632829;1.7639999;0.294;-0.049;1;866396031
-17.620384;1.813;0.294;-0.049;1;866408476
-17.607587;1.813;0.244999984;-0.049;1;866421273
-17.596839;1.7639999;0.244999984;-0.049;1;866432021
-17.585930;1.813;0.244999984;-0.049;1;866442930
-17.573840;1.7639999;0.343;-0.049;1;866455020
-17.562490;1.813;0.244999984;-0.049;1;866466370
-17.549802;1.7639999;0.294;-0.049;1;866479058
-17.538181;1.7639999;0.343;-0.098;1;866490679
-17.526934;1.7149999;0.343;-0.098;1;866501926
-17.515480;1.7639999;0.343;-0.098;1;866513380
-17.492374;1.813;0.294;-0.049;1;866536486
-17.481391;1.7639999;0.244999984;0.0;1;866547469
-17.469259;1.7639999;0.244999984;-0.049;1;866559601
-17.456604;1.7639999;0.294;-0.049;1;866572256
-17.444674;1.813;0.196;-0.098;1;866584186
-17.430662;1.7639999;0.244999984;-0.147;1;866598198
-17.412906;1.7639999;0.392;-0.049;1;866615954
-17.392348;1.7639999;0.294;-0.098;1;866636512
-17.381122;1.7149999;0.294;-0.098;1;866647738
-17.362610;1.7639999;0.343;-0.098;1;866666250
-17.342857;1.7639999;0.244999984;-0.147;1;866686003
-17.331955;1.813;0.294;-0.098;1;866696905
-17.290505;1.7639999;0.294;-0.098;1;866738355
-17.274763;1.813;0.294;-0.049;1;866754097
-17.246179;1.813;0.244999984;-0.049;1;866782681
-17.232859;1.7639999;0.244999984;-0.049;1;866796001
-17.221185;1.813;0.294;-0.098;1;866807675
-17.208783;1.7639999;0.294;-0.049;1;866820077
-17.197753;1.7149999;0.294;-0.098;1;866831107
-17.185257;1.7639999;0.343;-0.049;1;866843603
-17.172500;1.7149999;0.294;-0.049;1;866856360
-17.151538;1.813;0.294;-0.049;1;866877322
-17.132158;1.813;0.196;-0.098;1;866896702
-17.121347;1.813;0.294;-0.098;1;866907513
-17.102615;1.7639999;0.244999984;-0.049;1;866926245
-17.090491;1.7149999;0.343;-0.049;1;866938369
-17.078518;1.813;0.244999984;0.0;1;866950342
-17.065262;1.7639999;0.294;-0.098;1;866963598
-17.054381;1.7639999;0.244999984;-0.098;1;866974479
-17.041910;1.7639999;0.294;-0.049;1;866986950
-17.022218;1.7149999;0.343;-0.049;1;867006642
-17.011916;1.813;0.294;-0.049;1;867016944
-16.999281;1.7639999;0.294;-0.098;1;867029579
-16.987714;1.7639999;0.294;-0.049;1;867041146
-16.976985;1.7639999;0.294;-0.098;1;867051875
-16.963258;1.7639999;0.294;-0.049;1;867065602
-16.951981;1.813;0.244999984;-0.049;1;867076879
-16.935398;1.813;0.244999984;0.0;1;867093462
-16.922561;1.7639999;0.294;-0.098;1;867106299
-16.910336;1.813;0.244999984;-0.049;1;867118524
-16.897707;1.7639999;0.294;-0.049;1;867131153
-16.881417;1.813;0.294;-0.098;1;867147443
-16.870707;1.7639999;0.294;-0.049;1;867158153
-16.859736;1.7639999;0.244999984;-0.049;1;867169124
-16.849107;1.7149999;0.294;-0.098;1;867179753
-16.837711;1.7639999;0.244999984;-0.049;1;867191149
-16.813031;1.7149999;0.294;-0.049;1;867215829
-16.774313;1.7149999;0.244999984;-0.049;1;867254547
-16.752607;1.7639999;0.343;-0.049;1;867276253
-16.732673;1.7639999;0.244999984;-0.098;1;867296187
-16.721739;1.7639999;0.294;-0.049;1;867307121
-16.703020;1.7639999;0.343;-0.049;1;867325840
-16.689972;1.7149999;0.343;-0.098;1;867338888
-16.678626;1.7149999;0.294;-0.049;1;867350234
-16.662445;1.7639999;0.294;-0.049;1;867366415
-16.629770;1.7639999;0.294;-0.049;1;867399090
-16.612528;1.813;0.294;-0.049;1;867416332
-16.589923;1.7149999;0.294;-0.147;1;867438937
-16.578548;1.7639999;0.244999984;-0.098;1;867450312
-16.562811;1.813;0.294;-0.098;1;867466049
-16.544910;1.7639999;0.294;-0.049;1;867483950
-16.524692;1.7149999;0.343;-0.098;1;867504168
-16.504084;1.7639999;0.244999984;-0.049;1;867524776
-16.490718;1.7149999;0.343;-0.049;1;867538142
-16.479908;1.7639999;0.244999984;-0.098;1;867548952
-16.452948;1.7639999;0.294;-0.098;1;867575912
-16.439697;1.7149999;0.294;-0.049;1;867589163
-16.428914;1.7639999;0.244999984;-0.049;1;867599946
-16.412901;1.7639999;0.244999984;-0.049;1;867615959
-16.386869;1.813;0.294;-0.098;1;867641991
-16.373410;1.7149999;0.343;0.0;1;867655450
-16.362524;1.813;0.294;-0.049;1;867666336
-16.330878;1.7639999;0.294;-0.098;1;867697982
-16.298976;1.7639999;0.343;-0.098;1;867729884
-16.287316;1.7639999;0.244999984;-0.049;1;867741544
-16.274276;1.666;0.343;-0.049;1;867754584
-16.240815;1.7639999;0.343;-0.098;1;867788045
-16.223599;1.7639999;0.294;-0.147;1;867805261
-16.208551;1.813;0.294;-0.098;1;867820309
-16.190742;1.7149999;0.294;-0.098;1;867838118
-16.178894;1.813;0.244999984;-0.049;1;867849966
-16.162784;1.7149999;0.343;-0.049;1;867866076
-16.150675;1.7639999;0.244999984;0.0;1;867878185
-16.132306;1.7639999;0.294;-0.098;1;867896554
-16.117203;1.7639999;0.294;-0.049;1;867911657
-16.093172;1.7639999;0.294;-0.049;1;867935688
-16.080298;1.813;0.294;-0.049;1;867948562
-16.053101;1.7639999;0.294;-0.098;1;867975759
-16.041812;1.7149999;0.294;0.0;1;867987048
-16.019296;1.7639999;0.343;-0.049;1;868009564
-16.008995;1.7639999;0.294;-0.098;1;868019865
-15.990540;1.7149999;0.343;-0.049;1;868038320
-15.978445;1.7639999;0.343;-0.147;1;868050415
-15.968026;1.813;0.294;-0.098;1;868060834
-15.956574;1.813;0.244999984;-0.049;1;868072286
-15.941458;1.813;0.294;-0.049;1;868087402
-15.921402;1.7639999;0.294;-0.049;1;868107458
-15.906010;1.7639999;0.244999984;-0.049;1;868122850
-15.892458;1.7639999;0.294;-0.098;1;868136402
-15.882016;1.7149999;0.294;-0.098;1;868146844
-15.865519;1.813;0.294;-0.049;1;868163341
-15.854925;1.7149999;0.343;-0.049;1;868173935
-15.841971;1.7149999;0.294;-0.049;1;868186889
-15.824089;1.7149999;0.343;-0.049;1;868204771
-15.803946;1.7149999;0.294;0.0;1;868224914
-15.788609;1.7639999;0.294;0.0;1;868240251
-15.777021;1.813;0.244999984;-0.049;1;868251839
-15.734986;1.7639999;0.294;-0.098;1;868293874
-15.720432;1.666;0.294;-0.098;1;868308428
-15.708283;1.813;0.294;-0.049;1;868320577
-15.695539;1.813;0.294;-0.147;1;868333321
-15.685096;1.813;0.294;-0.049;1;868343764
-15.659976;1.7149999;0.343;-0.098;1;868368884
-15.648515;1.7639999;0.244999984;-0.098;1;868380345
-15.617036;1.7149999;0.294;-0.049;1;868411824
-15.601510;1.7149999;0.244999984;-0.049;1;868427350
-15.590984;1.7639999;0.244999984;0.0;1;868437876
-15.579627;1.7639999;0.294;-0.049;1;868449233
-15.565430;1.7149999;0.244999984;-0.049;1;868463430
-15.553637;1.7639999;0.294;-0.049;1;868475223
-15.541879;1.813;0.244999984;-0.049;1;868486981
-15.530117;1.813;0.294;0.0;1;868498743
-15.517927;1.7149999;0.343;-0.098;1;868510933
-15.506345;1.7639999;0.294;-0.147;1;868522515
-15.493629;1.7149999;0.244999984;-0.098;1;868535231
-15.466305;1.813;0.294;-0.049;1;868562555
-15.454489;1.7639999;0.244999984;-0.098;1;868574371
-15.441115;1.7639999;0.343;0.0;1;868587745
-15.429954;1.7639999;0.294;-0.098;1;868598906
-15.414029;1.7639999;0.244999984;-0.049;1;868614831
-15.402124;1.7639999;0.343;-0.049;1;868626736
-15.390483;1.7639999;0.244999984;-0.049;1;868638377
-15.376247;1.813;0.244999984;-0.049;1;868652613
-15.364075;1.7639999;0.294;-0.049;1;868664785
-15.351137;1.7639999;0.294;-0.049;1;868677723
-15.337697;1.7639999;0.294;-0.049;1;868691163
-15.322845;1.7639999;0.343;-0.098;1;868706015
-15.287721;1.813;0.343;-0.049;1;868741139
-15.261479;1.7639999;0.343;-0.049;1;868767381
-15.231604;1.7639999;0.294;0.0;1;868797256
-15.220055;1.813;0.294;-0.098;1;868808805
-15.189554;1.7639999;0.294;-0.147;1;868839306
-15.178097;1.7639999;0.244999984;-0.147;1;868850763
-15.165209;1.7639999;0.294;-0.098;1;868863651
-15.122810;1.813;0.294;-0.098;1;868906050
-15.111541;1.7639999;0.294;-0.049;1;868917319
-15.100059;1.7639999;0.244999984;-0.049;1;868928801
-15.088958;1.7639999;0.294;-0.049;1;868939902
-15.076919;1.7149999;0.294;-0.049;1;868951941
-15.063223;1.7639999;0.244999984;-0.098;1;868965637
-15.051767;1.7639999;0.294;-0.098;1;868977093
-15.039707;1.7639999;0.294;-0.098;1;868989153
-15.024962;1.7149999;0.294;-0.049;1;869003898
-15.011739;1.7639999;0.294;-0.147;1;869017121
-15.000791;1.7639999;0.294;-0.049;1;869028069
-14.989530;1.7639999;0.294;-0.049;1;869039330
-14.978847;1.7639999;0.244999984;-0.049;1;869050013
-14.962015;1.7639999;0.244999984;-0.049;1;869066845
-14.949652;1.7639999;0.294;-0.098;1;869079208
-14.939008;1.7639999;0.294;-0.098;1;869089852
-14.926213;1.7639999;0.343;-0.098;1;869102647
-14.914087;1.7639999;0.294;-0.098;1;869114773
-14.891443;1.7639999;0.294;-0.098;1;869137417
-14.880670;1.7639999;0.294;-0.098;1;869148190
-14.857372;1.7639999;0.294;-0.049;1;869171488
-14.798374;1.7639999;0.294;-0.098;1;869230486
-14.784419;1.7639999;0.294;-0.098;1;869244441
-14.766139;1.813;0.343;-0.049;1;869262721
-14.754923;1.7639999;0.294;-0.049;1;869273937
-14.742738;1.7149999;0.294;-0.049;1;869286122
-14.729300;1.7639999;0.343;-0.049;1;869299560
-14.715043;1.7639999;0.294;-0.098;1;869313817
-14.693729;1.7639999;0.294;-0.049;1;869335131
-14.682788;1.813;0.244999984;-0.098;1;869346072
-14.664009;1.813;0.294;-0.098;1;869364851
-14.650826;1.813;0.244999984;-0.098;1;869378034
-14.614079;1.7639999;0.294;-0.049;1;869414781
-14.593925;1.813;0.294;-0.049;1;869434935
-14.581730;1.7639999;0.244999984;-0.147;1;869447130
-14.570949;1.7149999;0.343;-0.049;1;869457911
-14.554218;1.7639999;0.343;-0.098;1;869474642
-14.529126;1.7639999;0.294;-0.049;1;869499734
-14.513252;1.7639999;0.294;-0.049;1;869515608
-14.494012;1.7639999;0.294;-0.049;1;869534848
-14.482953;1.7149999;0.294;-0.049;1;869545907
-14.464014;1.7639999;0.244999984;-0.098;1;869564846
-14.450885;1.7639999;0.294;-0.049;1;869577975
-14.432267;1.813;0.294;-0.147;1;869596593
-14.416796;1.7149999;0.294;-0.049;1;869612064
-14.404378;1.862;0.244999984;-0.098;1;869624482
-14.393829;1.7639999;0.343;-0.049;1;869635031
-14.382500;1.7149999;0.294;-0.098;1;869646360
-14.371936;1.7639999;0.343;-0.049;1;869656924
-14.356531;1.7149999;0.244999984;-0.049;1;869672329
-14.345717;1.7149999;0.244999984;-0.049;1;869683143
-14.324181;1.7639999;0.294;-0.098;1;869704679
-14.304078;1.7639999;0.294;-0.147;1;869724782
-14.290917;1.7639999;0.294;-0.049;1;869737943
-14.262749;1.7639999;0.294;-0.049;1;869766111
-14.247469;1.7149999;0.343;-0.049;1;869781391
-14.233346;1.7639999;0.294;-0.049;1;869795514
-14.222547;1.7639999;0.343;-0.098;1;869806313
-14.194858;1.7639999;0.244999984;-0.049;1;869834002
-14.183178;1.7639999;0.294;-0.049;1;869845682
-14.164047;1.7149999;0.294;-0.098;1;869864813
-14.150157;1.7639999;0.244999984;-0.098;1;869878703
-14.135018;1.7149999;0.294;-0.049;1;869893842
-14.123219;1.7639999;0.244999984;0.0;1;869905641
-14.104071;1.813;0.244999984;-0.098;1;869924789
-14.092449;1.7639999;0.294;-0.049;1;869936411
-14.082034;1.7149999;0.294;-0.098;1;869946826
-14.067993;1.7639999;0.294;-0.098;1;869960867
-14.057057;1.7639999;0.244999984;-0.098;1;869971803
-14.045989;1.7149999;0.294;-0.049;1;869982871
-14.020421;1.7639999;0.294;-0.049;1;870008439
-14.009960;1.813;0.294;-0.049;1;870018900
-13.997263;1.7639999;0.294;-0.049;1;870031597
-13.984418;1.7639999;0.294;-0.049;1;870044442
-13.970123;1.7639999;;0.027;0;870058737
-13.959090;1.7639999;0.343;-0.049;1;870069770
-13.948120;1.7639999;0.343;-0.049;1;870080740
-13.933757;1.7639999;0.294;-0.098;1;870095103
-13.918913;1.7639999;0.244999984;-0.098;1;870109947
-13.902511;1.813;0.294;-0.098;1;870126349
-13.889233;1.7639999;0.294;-0.098;1;870139627
-13.878290;1.813;0.294;-0.098;1;870150570
-13.867772;1.813;0.294;-0.098;1;870161088
-13.852919;1.813;0.294;-0.098;1;870175941
-13.840411;1.7149999;0.294;-0.049;1;870188449
-13.821159;1.813;0.294;-0.049;1;870207701
-13.808772;1.7639999;0.294;-0.098;1;870220088
-13.782001;1.7639999;0.294;-0.049;1;870246859
-13.764790;1.813;0.244999984;0.0;1;870264070
-13.750121;1.7639999;0.294;-0.049;1;870278739
-13.738749;1.7149999;0.294;-0.049;1;870290111
-13.722990;1.7149999;0.343;-0.049;1;870305870
-13.712111;1.7639999;0.244999984;-0.098;1;870316749
-13.690037;1.813;0.244999984;-0.049;1;870338823
-13.679076;1.7639999;0.244999984;-0.049;1;870349784
-13.659720;1.7639999;0.294;-0.098;1;870369140
-13.631972;1.7149999;0.343;-0.049;1;870396888
-13.614091;1.7639999;0.4;101769.34;4.123268;870414769
-13.599699;1.7639999;0.294;-0.049;1;870429161
-13.584010;1.7639999;0.294;-0.098;1;870444850
-13.560669;1.7639999;0.294;-0.049;1;870468191
-13.548984;1.7639999;0.294;-0.098;1;870479876
-13.530771;1.813;0.294;-0.049;1;870498089
-13.514083;1.813;0.294;-0.049;1;870514777
-13.490023;1.7639999;0.294;-0.098;1;870538837
-13.477746;1.7639999;0.294;-0.049;1;870551114
-13.467158;1.7639999;0.294;-0.049;1;870561702
-13.451855;1.813;0.294;-0.049;1;870577005
-13.427994;1.7639999;0.244999984;-0.049;1;870600866
-13.416919;1.7639999;0.294;-0.049;1;870611941
-13.405811;1.7639999;0.294;-0.049;1;870623049
-13.393162;1.7639999;0.294;-0.098;1;870635698
-13.382150;1.7639999;0.294;-0.098;1;870646710
-13.365888;1.7639999;0.294;-0.098;1;870662972
-13.349527;1.7639999;0.343;-0.147;1;870679333
-13.338316;1.7639999;0.196;-0.049;1;870690544
-13.327931;1.813;0.244999984;-0.098;1;870700929
-13.285526;1.7149999;0.294;-0.098;1;870743334
-13.271994;1.813;0.244999984;-0.098;1;870756866
-13.254598;1.7639999;0.294;-0.049;1;870774262
-13.230956;1.7639999;0.244999984;-0.098;1;870797904
-13.217319;1.7149999;0.294;-0.049;1;870811541
-13.202911;1.7639999;0.294;-0.049;1;870825949
-13.191342;1.7639999;0.343;-0.049;1;870837518
-13.171105;1.7149999;0.294;-0.049;1;870857755
-13.159528;1.7639999;0.244999984;-0.049;1;870869332
-13.130989;1.7639999;0.244999984;-0.049;1;870897871
-13.110465;1.7639999;0.244999984;-0.147;1;870918395
-13.080462;1.7639999;0.244999984;-0.098;1;870948398
-13.067175;1.7639999;0.294;-0.049;1;870961685
-13.054092;1.7149999;0.294;-0.049;1;870974768
-13.042335;1.7639999;0.244999984;-0.049;1;870986525
-13.031103;1.7639999;0.294;-0.098;1;870997757
-13.018483;1.7639999;0.244999984;-0.049;1;871010377
-13.006854;1.7639999;0.294;-0.098;1;871022006
-12.995222;1.7639999;0.294;-0.049;1;871033638
-12.982200;1.7149999;0.244999984;-0.098;1;871046660
-12.961118;1.7639999;0.244999984;-0.049;1;871067742
-12.949970;1.7639999;0.294;-0.147;1;871078890
-12.926952;1.813;0.294;-0.049;1;871101908
-12.915831;1.7149999;0.343;-0.098;1;871113029
-12.892746;1.7149999;0.392;-0.098;1;871136114
-12.881885;1.7639999;0.294;-0.049;1;871146975
-12.871037;1.7639999;0.294;-0.049;1;871157823
-12.859015;1.813;0.294;-0.049;1;871169845
-12.822791;1.7149999;0.294;-0.098;1;871206069
-12.775754;1.7639999;0.294;-0.147;1;871253106
-12.761773;1.7639999;0.294;-0.098;1;871267087
-12.748485;1.813;0.294;-0.049;1;871280375
-12.712924;1.813;0.294;-0.049;1;871315936
-12.701200;1.7639999;0.244999984;-0.049;1;871327660
-12.689917;1.7639999;0.294;-0.049;1;871338943
-12.677948;1.7149999;0.294;-0.049;1;871350912
-12.662834;1.7149999;0.294;-0.049;1;871366026
-12.649143;1.7639999;0.343;-0.098;1;871379717
-12.622851;1.7639999;0.343;-0.049;1;871406009
-12.582827;1.813;0.196;-0.049;1;871446033
-12.562760;1.7149999;0.244999984;-0.049;1;871466100
-12.550203;1.7639999;0.294;-0.049;1;871478657
-12.528716;1.7149999;0.244999984;-0.098;1;871500144
-12.515784;1.7149999;0.244999984;-0.049;1;871513076
-12.500309;1.7639999;0.294;-0.049;1;871528551
-12.489985;1.7639999;0.343;-0.147;1;871538875
-12.478666;1.862;0.294;-0.098;1;871550194
-12.462493;1.7639999;0.294;-0.049;1;871566367
-12.441233;1.813;0.244999984;0.0;1;871587627
-12.430235;1.7639999;0.294;-0.049;1;871598625
-12.412981;1.7149999;0.294;-0.098;1;871615879
-12.392700;1.7639999;0.294;-0.049;1;871636160
-12.378584;1.813;0.294;-0.098;1;871650276
-12.362402;1.813;0.294;-0.049;1;871666458
-12.342873;1.7149999;0.343;-0.098;1;871685987
-12.330724;1.7639999;0.343;-0.049;1;871698136
-12.312929;1.7639999;0.294;-0.049;1;871715931
-12.300936;1.7639999;0.294;-0.098;1;871727924
-12.288930;1.813;0.294;-0.147;1;871739930
-12.244855;1.7639999;0.294;-0.049;1;871784005
-12.226016;1.7639999;0.294;-0.049;1;871802844
-12.191069;1.813;0.244999984;-0.098;1;871837791
-12.178563;1.7639999;0.294;-0.049;1;871850297
-12.163250;1.7149999;0.294;-0.049;1;871865610
-12.150806;1.7639999;0.294;-0.098;1;871878054
-12.140138;1.7639999;0.294;-0.147;1;871888722
-12.122196;1.7639999;0.244999984;-0.049;1;871906664
-12.110744;1.7639999;0.294;-0.098;1;871918116
-12.099894;1.7639999;0.244999984;-0.049;1;871928966
-12.083263;1.7639999;0.294;-0.049;1;871945597
-12.070191;1.813;0.196;-0.098;1;871958669
-12.055461;1.7639999;0.244999984;-0.049;1;871973399
-12.045078;1.7639999;0.343;-0.147;1;871983782
-12.018063;1.813;0.294;-0.049;1;872010797
-11.993849;1.7639999;0.343;-0.049;1;872035011
-11.981903;1.7639999;0.294;-0.049;1;872046957
-11.969486;1.7149999;0.294;-0.049;1;872059374
-11.958428;1.813;0.244999984;-0.049;1;872070432
-11.934072;1.7149999;0.294;0.0;1;872094788
-11.913960;1.7149999;0.244999984;-0.049;1;872114900
-11.900953;1.7639999;0.244999984;-0.049;1;872127907
-11.888888;1.862;0.244999984;-0.049;1;872139972
-11.877759;1.7639999;0.244999984;-0.098;1;872151101
-11.867166;1.7639999;0.294;-0.049;1;872161694
-11.853672;1.7639999;0.294;-0.098;1;872175188
-11.834056;1.813;0.294;-0.147;1;872194804
-11.813988;1.7149999;0.294;-0.049;1;872214872
-11.792018;1.813;0.294;-0.049;1;872236842
-11.755318;1.7639999;0.294;-0.147;1;872273542
-11.731785;1.7639999;0.294;-0.049;1;872297075
-11.721021;1.813;0.294;-0.098;1;872307839
-11.702507;1.7639999;0.343;-0.049;1;872326353
-11.688360;1.7149999;0.294;-0.049;1;872340500
-11.672882;1.7149999;0.294;-0.049;1;872355978
-11.657909;1.7149999;0.343;-0.098;1;872370951
-11.627154;1.7149999;0.294;-0.049;1;872401706
-11.606306;1.7639999;0.244999984;-0.098;1;872422554
-11.594624;1.7639999;0.294;-0.098;1;872434236
-11.582608;1.7639999;0.294;-0.098;1;872446252
-11.555099;1.7639999;0.294;-0.049;1;872473761
-11.534077;1.7639999;0.244999984;-0.049;1;872494783
-11.514034;1.7639999;0.294;-0.098;1;872514826
-11.498273;1.7639999;0.294;-0.098;1;872530587
-11.487757;1.7639999;0.294;-0.147;1;872541103
-11.476646;1.7149999;0.294;-0.098;1;872552214
-11.466167;1.7639999;0.294;-0.147;1;872562693
-11.452922;1.7639999;0.294;-0.147;1;872575938
-11.434098;1.7639999;0.294;0.0;1;872594762
-11.413435;1.7149999;0.294;-0.049;1;872615425
-11.399032;1.813;0.294;-0.098;1;872629828
-11.377817;1.7149999;0.294;-0.049;1;872651043
-11.365654;1.7149999;0.294;-0.049;1;872663206
-11.353199;1.7149999;0.244999984;-0.049;1;872675661
-11.333664;1.7639999;0.294;-0.049;1;872695196
-11.313957;1.7639999;0.244999984;-0.049;1;872714903
-11.301210;1.813;0.294;-0.049;1;872727650
-11.282327;1.813;0.294;-0.049;1;872746533
-11.245903;1.7639999;0.294;-0.098;1;872782957
-11.228402;1.7639999;0.294;-0.049;1;872800458
-11.203828;1.7639999;0.343;-0.098;1;872825032
-11.188418;1.813;0.244999984;-0.098;1;872840442
-11.177057;1.7149999;0.294;-0.049;1;872851803
-11.163687;1.7639999;0.343;0.0;1;872865173
-11.144100;1.7149999;0.294;0.0;1;872884760
-11.121446;1.813;0.244999984;-0.049;1;872907414
-11.107444;1.7639999;0.294;-0.049;1;872921416
-11.096250;1.7639999;0.294;-0.098;1;872932610
-11.084316;1.7639999;0.343;-0.049;1;872944544
-11.072771;1.813;0.294;-0.196;1;872956089
-11.055781;1.7639999;0.294;-0.049;1;872973079
-11.044204;1.7639999;0.294;-0.049;1;872984656
-11.032850;1.7639999;0.294;-0.049;1;872996010
-11.012948;1.7149999;0.294;-0.049;1;873015912
-11.001687;1.7639999;0.244999984;-0.049;1;873027173
-10.989311;1.813;0.294;-0.049;1;873039549
-10.976565;1.7149999;0.294;-0.098;1;873052295
-10.952818;1.7149999;0.294;-0.098;1;873076042
-10.932643;1.7149999;0.343;-0.098;1;873096217
-10.921762;1.7639999;0.343;-0.049;1;873107098
-10.902967;1.7639999;0.343;-0.049;1;873125893
-10.891248;1.7639999;0.294;-0.049;1;873137612
-10.878859;1.813;0.294;-0.049;1;873150001
-10.865079;1.7639999;0.294;-0.098;1;873163781
-10.850359;1.813;0.244999984;0.0;1;873178501
-10.834078;1.7149999;0.244999984;-0.049;1;873194782
-10.822899;1.813;0.244999984;-0.098;1;873205961
-10.811170;1.7639999;0.244999984;-0.049;1;873217690
-10.797067;1.813;0.244999984;-0.049;1;873231793
-10.786169;1.7639999;0.343;-0.049;1;873242691
-10.774052;1.7149999;0.343;-0.049;1;873254808
-10.760714;1.7639999;0.343;-0.147;1;873268146
-10.722181;1.7639999;0.244999984;-0.049;1;873306679
-10.707632;1.7149999;0.294;-0.098;1;873321228
-10.696648;1.813;0.244999984;-0.049;1;873332212
-10.679109;1.7639999;0.244999984;-0.049;1;873349751
-10.654014;1.7639999;0.294;-0.049;1;873374846
-10.634002;1.7639999;0.294;-0.098;1;873394858
-10.621952;1.7149999;0.294;-0.098;1;873406908
-10.606615;1.813;0.294;-0.049;1;873422245
-10.595299;1.813;0.294;-0.049;1;873433561
-10.584960;1.7639999;0.294;-0.049;1;873443900
-10.571318;1.7639999;0.343;0.0;1;873457542
-10.547812;1.7639999;0.196;-0.049;1;873481048
-10.535287;1.7639999;0.244999984;-0.098;1;873493573
-10.523163;1.7639999;0.244999984;-0.049;1;873505697
-10.501290;1.7639999;0.294;-0.049;1;873527570
-10.486720;1.813;0.244999984;-0.049;1;873542140
-10.474019;1.7639999;0.392;-0.049;1;873554841
-10.462823;1.813;0.343;-0.049;1;873566037
-10.448203;1.7639999;0.294;-0.049;1;873580657
-10.423673;1.7149999;0.294;-0.098;1;873605187
-10.411768;1.7639999;0.294;-0.049;1;873617092
-10.395662;1.813;0.244999984;-0.098;1;873633198
-10.384617;1.666;0.294;-0.049;1;873644243
-10.357892;1.7639999;0.294;-0.098;1;873670968
-10.345364;1.7639999;0.294;-0.049;1;873683496
-10.322765;1.7639999;0.294;-0.098;1;873706095
-10.310978;1.7639999;0.343;-0.049;1;873717882
-10.296728;1.7639999;0.294;-0.098;1;873732132
-10.285730;1.7149999;0.294;-0.098;1;873743130
-10.272219;1.813;0.343;-0.049;1;873756641
-10.262188;1.813;0.244999984;-0.049;1;873766672
-10.225607;1.7639999;0.343;-0.049;1;873803253
-10.214773;1.813;0.294;-0.049;1;873814087
-10.203927;1.813;0.244999984;-0.147;1;873824933
-10.192566;1.7639999;0.244999984;-0.098;1;873836294
-10.180768;1.7639999;0.244999984;-0.049;1;873848092
-10.159004;1.813;0.294;-0.049;1;873869856
-10.141779;1.813;0.244999984;-0.098;1;873887081
-10.130764;1.7639999;0.343;-0.098;1;873898096
-10.111625;1.7149999;0.294;-0.098;1;873917235
-10.099166;1.7639999;0.343;-0.147;1;873929694
-10.085195;1.7639999;0.294;-0.098;1;873943665
-10.072433;1.7639999;0.294;-0.049;1;873956427
-10.059520;1.7149999;0.294;-0.049;1;873969340
-10.049068;1.7639999;0.244999984;0.0;1;873979792
-10.034060;1.813;0.294;-0.049;1;873994800
-10.014051;1.7639999;0.392;-0.098;1;874014809
-9.999678;1.7639999;0.294;-0.098;1;874029182
-9.988699;1.7639999;0.244999984;-0.049;1;874040161
-9.977931;1.7149999;0.294;-0.098;1;874050929
-9.965045;1.7639999;0.294;-0.049;1;874063815
-9.952855;1.7639999;0.244999984;-0.049;1;874076005
-9.942157;1.7639999;0.244999984;-0.098;1;874086703
-9.924584;1.7639999;0.244999984;-0.049;1;874104276
-9.912555;1.813;0.294;-0.049;1;874116305
-9.894607;1.7639999;0.294;-0.098;1;874134253
-9.882660;1.7639999;0.294;-0.098;1;874146200
-9.857806;1.7639999;0.294;-0.098;1;874171054
-9.832853;1.7149999;0.343;-0.098;1;874196007
-9.820882;1.7639999;0.294;-0.147;1;874207978
-9.802523;1.813;0.294;-0.098;1;874226337
-9.789467;1.813;0.294;-0.049;1;874239393
-9.778315;1.7149999;0.343;0.0;1;874250545
-9.739193;1.7149999;0.294;-0.098;1;874289667
-9.719356;1.813;0.294;-0.098;1;874309504
-9.707724;1.7639999;0.294;-0.049;1;874321136
-9.694501;1.7639999;0.244999984;-0.098;1;874334359
-9.677185;1.7639999;0.392;-0.049;1;874351675
-9.656065;1.7149999;0.343;-0.098;1;874372795
-9.642712;1.7639999;0.294;-0.049;1;874386148
-9.627063;1.813;0.294;-0.098;1;874401797
-9.604027;1.7639999;0.294;-0.098;1;874424833
-9.591472;1.7639999;0.294;-0.098;1;874437388
-9.580794;1.7639999;0.294;-0.049;1;874448066
-9.567702;1.7639999;0.244999984;-0.098;1;874461158
-9.554070;1.7639999;0.244999984;-0.098;1;874474790
-9.542489;1.7639999;0.343;-0.049;1;874486371
-9.531925;1.7149999;0.294;-0.049;1;874496935
-9.516537;1.7639999;0.343;-0.098;1;874512323
-9.486744;1.7639999;0.343;-0.049;1;874542116
-9.470325;1.813;0.294;-0.049;1;874558535
-9.454000;1.7639999;0.244999984;-0.049;1;874574860
-9.442176;1.7149999;0.244999984;-0.049;1;874586684
-9.431203;1.7639999;0.244999984;-0.049;1;874597657
-9.415762;1.7149999;0.343;-0.098;1;874613098
-9.398204;1.813;0.294;-0.049;1;874630656
-9.387788;1.813;0.294;-0.098;1;874641072
-9.377050;1.862;0.294;-0.049;1;874651810
-9.363951;1.7639999;0.294;-0.049;1;874664909
-9.350574;1.7639999;0.244999984;-0.049;1;874678286
-9.326454;1.7639999;0.294;-0.049;1;874702406
-9.315032;1.813;0.244999984;-0.049;1;874713828
-9.292113;1.7639999;0.244999984;-0.049;1;874736747
-9.262039;1.7639999;0.294;-0.147;1;874766821
-9.246570;1.7639999;0.294;-0.049;1;874782290
-9.234490;1.7149999;0.294;-0.049;1;874794370
-9.223609;1.7149999;0.343;-0.049;1;874805251
-9.211431;1.7149999;0.294;-0.049;1;874817429
-9.198331;1.7639999;0.343;-0.049;1;874830529
-9.187587;1.7149999;0.294;-0.098;1;874841273
-9.175511;1.7639999;0.244999984;-0.049;1;874853349
-9.152795;1.7639999;0.343;-0.049;1;874876065
-9.138937;1.7639999;0.244999984;-0.049;1;874889923
-9.122817;1.7639999;0.294;-0.098;1;874906043
-9.111504;1.7639999;0.294;-0.049;1;874917356
-9.099497;1.7149999;0.244999984;-0.049;1;874929363
-9.086476;1.813;0.244999984;-0.098;1;874942384
-9.075412;1.813;0.244999984;-0.098;1;874953448
-9.063710;1.7149999;0.294;-0.049;1;874965150
-9.052796;1.7639999;0.294;-0.098;1;874976064
-9.034418;1.7149999;0.294;-0.098;1;874994442
-9.010256;1.7639999;0.244999984;-0.049;1;875018604
-8.992882;1.7639999;0.244999984;-0.049;1;875035978
-8.976509;1.813;0.294;-0.049;1;875052351
-8.966079;1.7149999;0.294;-0.098;1;875062781
-8.954850;1.7149999;0.343;-0.098;1;875074010
-8.933031;1.7639999;0.244999984;-0.049;1;875095829
-8.920791;1.7639999;0.294;-0.049;1;875108069
-8.903726;1.7639999;0.294;-0.098;1;875125134
-8.892847;1.7639999;0.294;-0.098;1;875136013
-8.881443;1.7149999;0.244999984;-0.098;1;875147417
-8.865592;1.7639999;0.244999984;-0.049;1;875163268
-8.831694;1.813;0.244999984;-0.098;1;875197166
-8.812815;1.7639999;0.244999984;-0.049;1;875216045
-8.801277;1.7149999;0.294;-0.049;1;875227583
-8.790506;1.7639999;0.294;-0.049;1;875238354
-8.753473;1.7639999;0.343;-0.098;1;875275387
-8.722211;1.813;0.244999984;0.0;1;875306649
-8.711212;1.7639999;0.294;0.0;1;875317648
-8.692890;1.7639999;0.294;-0.098;1;875335970
-8.681525;1.7639999;0.244999984;-0.049;1;875347335
-8.662084;1.7149999;0.244999984;-0.049;1;875366776
-8.642732;1.7639999;0.244999984;-0.098;1;875386128
-8.625821;1.7639999;0.294;-0.147;1;875403039
-8.609246;1.7639999;0.244999984;-0.098;1;875419614
-8.594335;1.7639999;0.294;-0.098;1;875434525
-8.584126;1.7149999;0.244999984;-0.049;1;875444734
-8.572089;1.7639999;0.294;-0.098;1;875456771
-8.554776;1.7639999;0.294;-0.049;1;875474084
-8.543656;1.7639999;0.244999984;-0.049;1;875485204
-8.533190;1.7149999;0.294;-0.098;1;875495670
-8.521859;1.7639999;0.294;-0.049;1;875507001
-8.508912;1.7639999;0.343;-0.049;1;875519948
-8.495139;1.7639999;0.294;-0.049;1;875533721
-8.479028;1.7149999;0.294;-0.098;1;875549832
-8.463685;1.7639999;0.294;-0.049;1;875565175
-8.452459;1.862;0.294;-0.049;1;875576401
-8.441795;1.7639999;0.294;-0.049;1;875587065
-8.422974;1.7639999;0.294;-0.049;1;875605886
-8.411600;1.7639999;0.294;-0.049;1;875617260
-8.400827;1.7149999;0.294;-0.049;1;875628033
-8.388122;1.7639999;0.244999984;-0.098;1;875640738
-8.377084;1.813;0.244999984;-0.049;1;875651776
-8.363060;1.813;0.294;-0.098;1;875665800
-8.351799;1.7639999;0.343;-0.098;1;875677061
-8.330903;1.7639999;0.294;-0.049;1;875697957
-8.317654;1.7639999;0.294;-0.049;1;875711206
-8.306862;1.7639999;0.343;-0.049;1;875721998
-8.292834;1.7639999;0.294;-0.049;1;875736026
-8.260169;1.7149999;0.294;-0.098;1;875768691
-8.239220;1.7639999;0.244999984;-0.049;1;875789640
-8.223489;1.7639999;0.244999984;-0.049;1;875805371
-8.211997;1.7639999;0.294;-0.049;1;875816863
-8.197573;1.7149999;0.294;-0.147;1;875831287
-8.186895;1.7639999;0.343;0.0;1;875841965
-8.175060;1.7639999;0.294;-0.098;1;875853800
-8.161292;1.813;0.294;-0.049;1;875867568
-8.150830;1.813;0.244999984;-0.098;1;875878030
-8.134031;1.813;0.294;-0.049;1;875894829
-8.121618;1.7639999;0.294;-0.098;1;875907242
-8.108329;1.813;0.244999984;-0.098;1;875920531
-8.094723;1.7639999;0.294;-0.098;1;875934137
-8.084188;1.7639999;0.244999984;-0.098;1;875944672
-8.072727;1.7639999;0.294;-0.049;1;875956133
-8.061849;1.813;0.244999984;-0.049;1;875967011
-8.050642;1.7639999;0.244999984;-0.098;1;875978218
-8.038997;1.813;0.244999984;-0.098;1;875989863
-8.025859;1.7639999;0.294;-0.049;1;876003001
-8.002980;1.7639999;0.244999984;-0.049;1;876025880
-7.990425;1.7149999;0.294;-0.098;1;876038435
-7.979857;1.7639999;0.244999984;-0.098;1;876049003
-7.958073;1.7639999;0.244999984;-0.098;1;876070787
-7.945447;1.7639999;0.294;-0.049;1;876083413
-7.922948;1.7639999;0.244999984;-0.049;1;876105912
-7.902555;1.7149999;0.343;-0.049;1;876126305
-7.889259;1.7149999;0.343;-0.098;1;876139601
-7.876576;1.7639999;0.294;-0.049;1;876152284
-7.865622;1.813;0.343;-0.049;1;876163238
-7.852062;1.7639999;0.343;-0.049;1;876176798
-7.839665;1.7149999;0.343;-0.098;1;876189195
-7.825897;1.7149999;0.294;-0.049;1;876202963
-7.766816;1.813;0.294;-0.147;1;876262044
-7.754544;1.7639999;0.244999984;-0.098;1;876274316
-7.743955;1.813;0.294;-0.098;1;876284905
-7.727609;1.7639999;0.244999984;-0.049;1;876301251
-7.704034;1.7639999;0.343;-0.098;1;876324826
-7.692955;1.7639999;0.294;-0.049;1;876335905
-7.682076;1.7639999;0.244999984;-0.098;1;876346784
-7.658973;1.7639999;0.294;-0.049;1;876369887
-7.643479;1.7149999;0.294;-0.098;1;876385381
-7.622314;1.7149999;0.244999984;-0.098;1;876406546
-7.611842;1.7639999;0.244999984;-0.098;1;876417018
-7.601145;1.7639999;0.294;-0.098;1;876427715
-7.589086;1.7639999;0.244999984;-0.147;1;876439774
-7.577750;1.813;0.294;-0.098;1;876451110
-7.563315;1.813;0.294;-0.049;1;876465545
-7.532804;1.813;0.294;-0.098;1;876496056
-7.512378;1.7639999;0.294;-0.049;1;876516482
-7.490839;1.7639999;0.294;-0.098;1;876538021
-7.473347;1.813;0.244999984;-0.049;1;876555513
-7.445274;1.7639999;0.244999984;-0.049;1;876583586
-7.425993;1.7149999;0.294;-0.098;1;876602867
-7.413690;1.813;0.244999984;-0.049;1;876615170
-7.394034;1.7639999;0.244999984;-0.049;1;876634826
-7.382261;1.7149999;0.294;-0.049;1;876646599
-7.370943;1.813;0.294;-0.098;1;876657917
-7.359824;1.7149999;0.343;-0.098;1;876669036
-7.331330;1.7149999;0.294;-0.098;1;876697530
-7.320773;1.813;0.294;-0.049;1;876708087
-7.309943;1.7639999;0.294;0.0;1;876718917
-7.294091;1.7149999;0.294;-0.098;1;876734769
-7.219657;1.7149999;0.294;-0.098;1;876809203
-7.208914;1.7639999;0.294;-0.049;1;876819946
-7.198089;1.7639999;0.244999984;-0.147;1;876830771
-7.185443;1.862;0.196;-0.098;1;876843417
-7.174831;1.7639999;0.294;-0.098;1;876854029
-7.161887;1.813;0.294;-0.098;1;876866973
-7.131911;1.7639999;0.294;-0.098;1;876896949
-7.121018;1.813;0.294;-0.098;1;876907842
-7.108859;1.7639999;0.343;-0.049;1;876920001
-7.097791;1.813;0.343;-0.049;1;876931069
-7.086879;1.813;0.294;-0.049;1;876941981
-7.074091;1.7639999;0.244999984;-0.049;1;876954769
-7.059128;1.7639999;0.294;-0.098;1;876969732
-7.047934;1.7639999;0.294;-0.147;1;876980926
-7.021895;1.813;0.294;-0.049;1;877006965
-7.009440;1.7149999;0.343;-0.098;1;877019420
-6.992975;1.7639999;0.294;-0.098;1;877035885
-6.978831;1.7639999;0.244999984;-0.098;1;877050029
-6.962885;1.813;0.294;-0.098;1;877065975
-6.942885;1.7639999;0.294;-0.049;1;877085975
-6.930616;1.813;0.294;-0.098;1;877098244
-6.897760;1.813;0.294;0.0;1;877131100
-6.886831;1.7639999;0.244999984;-0.049;1;877142029
-6.872579;1.7639999;0.244999984;-0.098;1;877156281
-6.858471;1.813;0.244999984;-0.147;1;877170389
-6.848204;1.7149999;0.244999984;-0.098;1;877180656
-6.830601;1.7639999;0.294;-0.098;1;877198259
-6.795733;1.7639999;0.244999984;-0.049;1;877233127
-6.777021;1.7149999;0.343;0.0;1;877251839
-6.754193;1.7639999;0.244999984;-0.049;1;877274667
-6.734162;1.7639999;0.294;-0.098;1;877294698
-6.712675;1.7639999;0.294;-0.147;1;877316185
-6.692740;1.7639999;0.244999984;-0.049;1;877336120
-6.678518;1.813;0.294;-0.049;1;877350342
-6.661171;1.7639999;0.294;-0.049;1;877367689
-6.642742;1.7639999;0.244999984;-0.098;1;877386118
-6.627907;1.813;0.294;-0.049;1;877400953
-6.612644;1.7639999;0.343;-0.049;1;877416216
-6.592724;1.7639999;0.294;-0.147;1;877436136
-6.576624;1.7639999;0.294;-0.049;1;877452236
-6.565795;1.7639999;0.294;-0.049;1;877463065
-6.540728;1.7639999;0.244999984;-0.098;1;877488132
-6.529377;1.813;0.294;-0.049;1;877499483
-6.514938;1.7639999;0.343;-0.049;1;877513922
-6.492899;1.7149999;0.343;-0.098;1;877535961
-6.479193;1.7639999;0.343;-0.098;1;877549667
-6.465124;1.7639999;0.343;-0.098;1;877563736
-6.453911;1.813;0.294;-0.098;1;877574949
-6.441490;1.7639999;0.343;-0.049;1;877587370
-6.428917;1.7149999;0.294;-0.098;1;877599943
-6.415846;1.7639999;0.244999984;-0.049;1;877613014
-6.392915;1.7639999;0.294;-0.098;1;877635945
-6.378614;1.7639999;0.294;-0.049;1;877650246
-6.351616;1.7639999;0.294;-0.049;1;877677244
-6.339332;1.813;0.343;-0.098;1;877689528
-6.321002;1.7639999;0.294;-0.098;1;877707858
-6.301563;1.7639999;0.244999984;-0.049;1;877727297
-6.288726;1.7639999;0.244999984;-0.098;1;877740134
-6.277434;1.7639999;0.244999984;-0.049;1;877751426
-6.238715;1.7639999;0.294;0.0;1;877790145
-6.222711;1.7149999;0.294;-0.049;1;877806149
-6.210734;1.666;0.294;-0.098;1;877818126
-6.192381;1.7149999;0.294;-0.098;1;877836479
-6.178143;1.813;0.244999984;-0.098;1;877850717
-6.157287;1.813;0.294;-0.098;1;877871573
-6.145623;1.813;0.294;-0.049;1;877883237
-6.133061;1.7639999;0.244999984;-0.098;1;877895799
-6.121769;1.7639999;0.294;-0.098;1;877907091
-6.109786;1.7639999;0.244999984;-0.049;1;877919074
-6.092840;1.7639999;0.244999984;-0.049;1;877936020
-6.078131;1.7639999;0.294;-0.098;1;877950729
-6.064145;1.7639999;0.244999984;-0.098;1;877964715
-6.052278;1.7639999;0.294;-0.049;1;877976582
-6.040996;1.7639999;0.294;-0.049;1;877987864
-6.024627;1.7639999;0.244999984;-0.049;1;878004233
-6.014079;1.7149999;0.244999984;-0.098;1;878014781
-5.992820;1.813;0.294;-0.049;1;878036040
-5.979158;1.7639999;0.294;-0.049;1;878049702
-5.964875;1.7639999;0.294;-0.098;1;878063985
-5.952272;1.813;0.244999984;-0.147;1;878076588
-5.942008;1.7639999;0.294;-0.098;1;878086852
-5.926984;1.7639999;0.294;-0.098;1;878101876
-5.915670;1.7639999;0.244999984;-0.098;1;878113190
-5.901602;1.7149999;0.294;-0.098;1;878127258
-5.890916;1.7639999;0.294;-0.049;1;878137944
-5.867743;1.7639999;0.294;-0.049;1;878161117
-5.845772;1.813;0.294;-0.098;1;878183088
-5.834422;1.7639999;0.294;-0.049;1;878194438
-5.823835;1.7149999;0.343;-0.049;1;878205025
-5.782779;1.7639999;0.343;-0.098;1;878246081
-5.752947;1.7639999;0.196;-0.049;1;878275913
-5.695914;1.813;0.244999984;-0.049;1;878332946
-5.684099;1.813;0.244999984;-0.098;1;878344761
-5.670399;1.7149999;0.294;-0.098;1;878358461
-5.659529;1.7639999;0.294;-0.049;1;878369331
-5.649026;1.7149999;0.343;-0.147;1;878379834
-5.637960;1.7639999;0.343;-0.049;1;878390900
-5.621313;1.813;0.294;-0.098;1;878407547
-5.600774;1.7639999;0.294;-0.098;1;878428086
-5.589162;1.7639999;0.294;-0.049;1;878439698
-5.574645;1.7639999;0.244999984;-0.049;1;878454215
-5.563230;1.813;0.294;0.0;1;878465630
-5.547519;1.813;0.343;-0.049;1;878481341
-5.522758;1.7639999;0.294;-0.049;1;878506102
-5.502513;1.7639999;0.294;-0.049;1;878526347
-5.490272;1.7639999;0.343;-0.098;1;878538588
-5.478685;1.7639999;0.294;-0.049;1;878550175
-5.462913;1.7639999;0.343;0.0;1;878565947
-5.450277;1.7639999;0.294;-0.098;1;878578583
-5.434064;1.813;0.294;-0.049;1;878594796
-5.422051;1.7639999;0.294;0.0;1;878606809
-5.404065;1.7639999;0.294;0.0;1;878624795
-5.389868;1.7639999;0.244999984;-0.098;1;878638992
-5.376359;1.813;0.294;0.0;1;878652501
-5.361771;1.7639999;0.294;-0.098;1;878667089
-5.347739;1.7639999;0.343;-0.098;1;878681121
-5.333660;1.7639999;0.343;-0.098;1;878695200
-5.322833;1.813;0.294;0.0;1;878706027
-5.310148;1.813;0.244999984;-0.049;1;878718712
-5.298787;1.7639999;0.244999984;-0.098;1;878730073
-5.287300;1.813;0.294;-0.098;1;878741560
-5.273832;1.7639999;0.294;0.0;1;878755028
-5.227839;1.7639999;0.294;-0.147;1;878801021
-5.210668;1.7639999;0.244999984;-0.147;1;878818192
-5.198698;1.7639999;0.343;-0.049;1;878830162
-5.183552;1.813;0.196;-0.147;1;878845308
-5.167020;1.7639999;0.343;-0.049;1;878861840
-5.133074;1.7639999;0.244999984;-0.098;1;878895786
-5.114007;1.813;0.244999984;-0.049;1;878914853
-5.089706;1.7149999;0.294;-0.049;1;878939154
-5.075757;1.7149999;0.244999984;-0.098;1;878953103
-5.064999;1.7639999;0.343;-0.049;1;878963861
-5.050201;1.7639999;0.294;-0.049;1;878978659
-5.039022;1.7639999;0.294;-0.049;1;878989838
-5.028180;1.7149999;0.244999984;-0.098;1;879000680
-5.012641;1.7639999;0.294;-0.098;1;879016219
-4.999859;1.7149999;0.294;-0.049;1;879029001
-4.988797;1.7639999;0.294;-0.049;1;879040063
-4.973586;1.813;0.294;-0.098;1;879055274
-4.956884;1.7639999;0.343;-0.049;1;879071976
-4.946022;1.7639999;0.244999984;-0.098;1;879082838
-4.925344;1.7639999;0.294;-0.049;1;879103516
-4.904089;1.7149999;0.294;-0.049;1;879124771
-4.883915;1.7639999;0.294;-0.049;1;879144945
-4.858118;1.7639999;0.294;-0.098;1;879170742
-4.833993;1.7149999;0.294;-0.049;1;879194867
-4.821795;1.7639999;0.343;-0.098;1;879207065
-4.804068;1.7639999;0.244999984;-0.049;1;879224792
-4.792995;1.7149999;0.294;-0.049;1;879235865
-4.773462;1.7639999;0.294;-0.049;1;879255398
-4.756591;1.666;0.294;-0.098;1;879272269
-4.732162;1.7639999;0.244999984;-0.049;1;879296698
-4.713430;1.862;0.244999984;-0.147;1;879315430
-4.679172;1.7639999;0.294;-0.049;1;879349688
-4.666445;1.7639999;0.343;0.0;1;879362415
-4.650464;1.7639999;0.343;0.0;1;879378396
-4.632005;1.7639999;0.343;-0.049;1;879396855
-4.613595;1.666;0.343;-0.098;1;879415265
-4.601101;1.7149999;0.294;0.0;1;879427759
-4.589854;1.7639999;0.294;-0.098;1;879439006
-4.577863;1.7639999;0.294;-0.049;1;879450997
-4.565955;1.7149999;0.294;-0.049;1;879462905
-4.553202;1.7639999;0.244999984;-0.049;1;879475658
-4.533669;1.7639999;0.294;-0.049;1;879495191
-4.522349;1.7639999;0.294;-0.098;1;879506511
-4.510958;1.813;0.294;-0.049;1;879517902
-4.496692;1.7149999;0.244999984;-0.049;1;879532168
-4.485957;1.813;0.343;-0.049;1;879542903
-4.470393;1.7639999;0.294;-0.049;1;879558467
-4.457701;1.7639999;0.294;-0.098;1;879571159
-4.444228;1.7639999;0.294;-0.049;1;879584632
-4.424071;1.7149999;0.244999984;-0.049;1;879604789
-4.390979;1.7639999;0.294;0.0;1;879637881
-4.380055;1.813;0.294;-0.049;1;879648805
-4.369045;1.7639999;0.294;-0.049;1;879659815
-4.354069;1.7639999;0.244999984;-0.049;1;879674791
-4.342466;1.813;0.244999984;-0.049;1;879686394
-4.291733;1.7639999;0.244999984;-0.049;1;879737127
-4.281102;1.7639999;0.294;-0.098;1;879747758
-4.253769;1.813;0.244999984;-0.049;1;879775091
-4.198218;1.813;0.294;-0.049;1;879830642
-4.186943;1.862;0.294;-0.098;1;879841917
-4.175419;1.7639999;0.294;-0.147;1;879853441
-4.165107;1.7639999;0.294;-0.098;1;879863753
-4.153886;1.7149999;0.343;-0.049;1;879874974
-4.143102;1.7639999;0.343;-0.098;1;879885758
-4.129589;1.7639999;0.294;-0.049;1;879899271
-4.112718;1.7639999;0.294;0.0;1;879916142
-4.096648;1.7149999;0.294;-0.049;1;879932212
-4.085291;1.813;0.294;-0.098;1;879943569
-4.072346;1.813;0.294;0.0;1;879956514
-4.061697;1.7639999;0.244999984;-0.049;1;879967163
-4.046122;1.7149999;0.294;-0.049;1;879982738
-4.022719;1.813;0.244999984;-0.147;1;880006141
-4.002780;1.813;0.294;-0.147;1;880026080
-3.989435;1.7639999;0.294;-0.049;1;880039425
-3.979024;1.7149999;0.343;-0.049;1;880049836
-3.966742;1.7639999;0.294;-0.049;1;880062118
-3.954558;1.7639999;0.244999984;-0.049;1;880074302
-3.940120;1.7639999;0.244999984;-0.049;1;880088740
-3.922985;1.7149999;0.294;-0.049;1;880105875
-3.889085;1.7639999;0.294;-0.049;1;880139775
-3.877301;1.7639999;0.244999984;-0.098;1;880151559
-3.866095;1.7149999;0.196;-0.098;1;880162765
-3.821280;1.7149999;0.294;-0.049;1;880207580
-3.810953;1.813;0.294;-0.049;1;880217907
-3.799973;1.813;0.294;-0.049;1;880228887
-3.786104;1.7639999;0.294;0.0;1;880242756
-3.773453;1.7149999;0.244999984;-0.049;1;880255407
-3.761225;1.7639999;0.294;-0.098;1;880267635
-3.749928;1.7639999;0.244999984;-0.147;1;880278932
-3.719403;1.7149999;0.294;-0.098;1;880309457
-3.702011;1.7639999;0.294;-0.049;1;880326849
-3.684343;1.7639999;0.343;-0.049;1;880344517
-3.666236;1.7639999;0.244999984;0.0;1;880362624
-3.654781;1.813;0.294;-0.049;1;880374079
-3.643009;1.813;0.294;-0.147;1;880385851
-3.622904;1.7639999;0.294;-0.049;1;880405956
-3.601690;1.7149999;0.294;-0.049;1;880427170
-3.588971;1.7639999;0.294;-0.098;1;880439889
-3.576341;1.7639999;0.294;-0.098;1;880452519
-3.565018;1.813;0.294;0.0;1;880463842
-3.522728;1.7639999;0.294;-0.098;1;880506132
-3.490090;1.7639999;0.294;-0.098;1;880538770
-3.478458;1.813;0.294;-0.049;1;880550402
-3.465463;1.7639999;0.294;-0.098;1;880563397
-3.452927;1.7639999;0.294;-0.098;1;880575933
-3.441779;1.7639999;0.244999984;-0.049;1;880587081
-3.422473;1.7149999;0.294;-0.049;1;880606387
-3.411715;1.813;0.294;-0.049;1;880617145
-3.398852;1.813;0.196;-0.049;1;880630008
-3.387104;1.813;0.244999984;-0.049;1;880641756
-3.375824;1.7639999;0.244999984;-0.049;1;880653036
-3.362361;1.7639999;0.244999984;-0.049;1;880666499
-3.349826;1.7149999;0.294;-0.049;1;880679034
-3.332819;1.7149999;0.343;-0.049;1;880696041
-3.311718;1.7639999;0.294;-0.049;1;880717142
-3.290494;1.7639999;0.244999984;-0.049;1;880738366
-3.277014;1.7639999;0.294;-0.049;1;880751846
-3.262971;1.7639999;0.294;-0.049;1;880765889
-3.222903;1.7149999;0.294;-0.098;1;880805957
-3.189917;1.7149999;0.343;-0.098;1;880838943
-3.175787;1.7639999;0.294;-0.049;1;880853073
-3.160300;1.7149999;0.294;-0.098;1;880868560
-3.131923;1.7149999;0.343;-0.049;1;880896937
-3.112389;1.813;0.244999984;-0.098;1;880916471
-3.099848;1.7639999;0.294;-0.049;1;880929012
-3.088745;1.7639999;0.244999984;-0.049;1;880940115
-3.076017;1.7149999;0.294;-0.098;1;880952843
-3.064981;1.7639999;0.244999984;-0.098;1;880963879
-3.051860;1.7639999;0.294;-0.098;1;880977000
-3.040210;1.7639999;0.294;0.0;1;880988650
-3.028968;1.7639999;0.244999984;-0.098;1;880999892
-3.012959;1.7149999;0.343;-0.098;1;881015901
-3.000039;1.7149999;0.343;-0.098;1;881028821
-2.988618;1.7639999;0.244999984;-0.049;1;881040242
-2.976394;1.7639999;0.244999984;-0.098;1;881052466
-2.964853;1.862;0.294;-0.049;1;881064007
-2.952415;1.7149999;0.343;-0.049;1;881076445
-2.932520;1.7149999;0.343;-0.098;1;881096340
-2.921716;1.7639999;0.294;-0.049;1;881107144
-2.902898;1.7639999;0.294;-0.098;1;881125962
-2.889621;1.7639999;0.294;-0.049;1;881139239
-2.877053;1.7639999;0.294;-0.049;1;881151807
-2.862963;1.7639999;0.294;-0.049;1;881165897
-2.840184;1.7639999;0.294;-0.049;1;881188676
-2.824072;1.7639999;0.294;-0.049;1;881204788
-2.811689;1.7639999;0.294;-0.049;1;881217171
-2.794002;1.813;0.294;-0.147;1;881234858
-2.781216;1.7639999;0.294;-0.049;1;881247644
-2.756752;1.7639999;0.244999984;-0.098;1;881272108
-2.733961;1.7639999;0.294;-0.049;1;881294899
-2.722166;1.813;0.294;-0.049;1;881306694
-2.702303;1.813;0.244999984;-0.098;1;881326557
-2.664242;1.7639999;0.294;-0.098;1;881364618
-2.644478;1.813;0.294;-0.049;1;881384382
-2.631497;1.7149999;0.294;-0.049;1;881397363
-2.620870;1.7639999;0.294;-0.098;1;881407990
-2.609526;1.7639999;0.343;-0.049;1;881419334
-2.591732;1.813;0.343;-0.049;1;881437128
-2.580870;1.813;0.294;-0.049;1;881447990
-2.566752;1.7149999;0.294;0.0;1;881462108
-2.553662;1.7639999;0.294;0.0;1;881475198
-2.542049;1.7639999;0.294;-0.098;1;881486811
-2.530887;1.7639999;0.244999984;-0.147;1;881497973
-2.513240;1.7639999;0.294;-0.098;1;881515620
-2.501020;1.813;0.294;-0.049;1;881527840
-2.488691;1.813;0.294;-0.049;1;881540169
-2.478082;1.7639999;0.244999984;-0.049;1;881550778
-2.462602;1.7149999;0.294;-0.049;1;881566258
-2.451117;1.7149999;0.343;-0.049;1;881577743
-2.439605;1.813;0.294;-0.049;1;881589255
-2.404006;1.7639999;0.244999984;-0.049;1;881624854
-2.389898;1.813;0.244999984;-0.049;1;881638962
-2.367836;1.7639999;0.244999984;-0.049;1;881661024
-2.356787;1.7639999;0.294;-0.098;1;881672073
-2.344048;1.7639999;0.294;-0.049;1;881684812
-2.332805;1.7639999;0.294;-0.049;1;881696055
-2.314096;1.7639999;0.294;-0.098;1;881714764
-2.294335;1.7639999;0.294;-0.049;1;881734525
-2.282825;1.7639999;0.244999984;-0.049;1;881746035
-2.263972;1.813;0.244999984;-0.147;1;881764888
-2.243996;1.7639999;0.294;-0.049;1;881784864
-2.227523;1.7149999;0.244999984;-0.049;1;881801337
-2.201066;1.7149999;0.244999984;-0.098;1;881827794
-2.186523;1.7149999;0.294;0.0;1;881842337
-2.172888;1.7639999;0.244999984;-0.049;1;881855972
-2.158618;1.7639999;0.294;-0.049;1;881870242
-2.142663;1.7639999;0.244999984;-0.049;1;881886197
-2.131578;1.7149999;0.294;-0.098;1;881897282
-2.111482;1.7639999;0.294;-0.098;1;881917378
-2.096509;1.7639999;0.244999984;-0.098;1;881932351
-2.085509;1.813;0.294;-0.098;1;881943351
-2.074557;1.7639999;0.343;-0.147;1;881954303
-2.063777;1.7639999;0.294;0.0;1;881965083
-2.049606;1.7639999;0.294;-0.049;1;881979254
-2.038846;1.813;0.294;-0.049;1;881990014
-2.017097;1.7639999;0.244999984;-0.098;1;882011763
-2.005815;1.813;0.196;-0.049;1;882023045
-1.993625;1.7639999;0.294;-0.049;1;882035235
-1.982882;1.7639999;0.244999984;-0.049;1;882045978
-1.966303;1.813;0.294;-0.098;1;882062557
-1.953025;1.7639999;0.343;-0.098;1;882075835
-1.932799;1.7639999;0.244999984;-0.049;1;882096061
-1.920013;1.813;0.343;-0.049;1;882108847
-1.902902;1.862;0.244999984;-0.049;1;882125958
-1.889624;1.7639999;0.343;0.0;1;882139236
-1.875991;1.7639999;0.294;0.0;1;882152869
-1.864953;1.7639999;0.244999984;-0.147;1;882163907
-1.849028;1.813;0.294;-0.049;1;882179832
-1.824519;1.813;0.294;-0.049;1;882204341
-1.804047;1.813;0.244999984;-0.049;1;882224813
-1.791654;1.7149999;0.244999984;0.0;1;882237206
-1.780302;1.813;0.244999984;0.0;1;882248558
-1.766182;1.7149999;0.343;-0.049;1;882262678
-1.744070;1.7639999;0.294;-0.098;1;882284790
-1.693454;1.813;0.196;-0.098;1;882335406
-1.677666;1.7639999;0.343;0.0;1;882351194
-1.664013;1.7639999;0.343;-0.049;1;882364847
-1.642263;1.7149999;0.343;-0.049;1;882386597
-1.623911;1.7639999;0.294;-0.049;1;882404949
-1.609230;1.7639999;0.244999984;-0.098;1;882419630
-1.593430;1.7639999;0.343;-0.049;1;882435430
-1.578796;1.813;0.244999984;-0.049;1;882450064
-1.560260;1.7639999;0.244999984;-0.098;1;882468600
-1.544065;1.7639999;0.244999984;-0.049;1;882484795
-1.514080;1.7639999;0.294;-0.098;1;882514780
-1.493945;1.7639999;0.343;-0.049;1;882534915
-1.481699;1.7639999;0.294;-0.049;1;882547161
-1.464064;1.813;0.294;-0.098;1;882564796
-1.444015;1.7639999;0.343;-0.098;1;882584845
-1.429199;1.7639999;0.294;-0.098;1;882599661
-1.413705;1.7639999;0.294;-0.098;1;882615155
-1.390920;1.7639999;0.343;-0.098;1;882637940
-1.378871;1.7639999;0.294;-0.049;1;882649989
-1.354053;1.7639999;0.343;-0.098;1;882674807
-1.334052;1.7639999;0.294;-0.098;1;882694808
-1.322531;1.7639999;0.343;-0.049;1;882706329
-1.312130;1.7639999;0.294;-0.049;1;882716730
-1.300753;1.7149999;0.294;0.0;1;882728107
-1.289896;1.813;0.294;-0.049;1;882738964
-1.279081;1.7639999;0.244999984;-0.049;1;882749779
-1.268024;1.7639999;0.343;-0.049;1;882760836
-1.256051;1.7639999;0.294;-0.049;1;882772809
-1.234069;1.7639999;0.294;-0.049;1;882794791
-1.221698;1.7639999;0.294;-0.049;1;882807162
-1.209013;1.813;0.294;-0.098;1;882819847
-1.197955;1.7639999;0.294;-0.098;1;882830905
-1.165751;1.7639999;0.294;-0.049;1;882863109
-1.148296;1.7639999;0.343;-0.049;1;882880564
-1.128094;1.813;0.196;-0.049;1;882900766
-1.110925;1.7149999;0.244999984;-0.049;1;882917935
-1.099749;1.7639999;0.244999984;-0.147;1;882929111
-1.088934;1.813;0.294;-0.049;1;882939926
-1.077879;1.7639999;0.294;-0.049;1;882950981
-1.067036;1.7149999;0.244999984;-0.049;1;882961824
-1.053180;1.7639999;0.294;0.0;1;882975680
-1.041032;1.7639999;0.343;-0.147;1;882987828
-1.029914;1.7639999;0.343;-0.049;1;882998946
-1.019057;1.7149999;0.294;-0.049;1;883009803
-1.007886;1.7639999;0.294;-0.049;1;883020974
-0.995229;1.7149999;0.244999984;-0.049;1;883033631
-0.982092;1.7639999;0.343;-0.049;1;883046768
-0.962860;1.813;0.244999984;-0.098;1;883066000
-0.951938;1.7639999;0.343;-0.049;1;883076922
-0.930065;1.813;0.244999984;0.0;1;883098795
-0.912741;1.813;0.244999984;-0.049;1;883116119
-0.888714;1.813;0.244999984;-0.098;1;883140146
-0.876593;1.7149999;0.294;-0.098;1;883152267
-0.865743;1.7639999;0.294;-0.049;1;883163117
-0.852119;1.7639999;0.294;-0.098;1;883176741
-0.832561;1.7149999;0.294;-0.049;1;883196299
-0.820724;1.813;0.244999984;-0.098;1;883208136
-0.801256;1.7639999;0.294;-0.049;1;883227604
-0.790320;1.7639999;0.244999984;0.0;1;883238540
-0.779800;1.7639999;0.294;-0.049;1;883249060
-0.753049;1.7639999;0.294;-0.098;1;883275811
-0.740384;1.7149999;0.294;-0.049;1;883288476
-0.722595;1.7639999;0.294;-0.098;1;883306265
-0.710346;1.7639999;0.294;-0.049;1;883318514
-0.698604;1.7149999;0.294;-0.049;1;883330256
-0.664134;1.7639999;0.343;0.0;1;883364726
-0.635108;1.7149999;0.244999984;-0.098;1;883393752
-0.623932;1.813;0.294;-0.049;1;883404928
-0.609780;1.7639999;0.294;-0.049;1;883419080
-0.584842;1.813;0.244999984;-0.049;1;883444018
-0.572873;1.7149999;0.343;-0.049;1;883455987
-0.560666;1.7639999;0.294;-0.049;1;883468194
-0.530076;1.7639999;0.294;-0.049;1;883498784
-0.515358;1.7639999;0.244999984;-0.049;1;883513502
-0.480313;1.7639999;0.244999984;-0.098;1;883548547
-0.445583;1.7639999;0.294;-0.049;1;883583277
-0.420698;1.7639999;0.294;0.0;1;883608162
-0.401691;1.813;0.244999984;-0.049;1;883627169
-0.388728;1.7639999;0.294;-0.049;1;883640132
-0.378025;1.7639999;0.343;-0.098;1;883650835
-0.352925;1.7639999;0.294;-0.098;1;883675935
-0.321086;1.813;0.244999984;-0.098;1;883707774
-0.302526;1.7639999;0.294;0.0;1;883726334
-0.289471;1.7149999;0.294;-0.049;1;883739389
-0.278590;1.7639999;0.343;0.0;1;883750270
-0.261902;1.7639999;0.294;0.0;1;883766958
-0.249818;1.7149999;0.244999984;-0.098;1;883779042
-0.222590;1.7639999;0.294;-0.098;1;883806270
-0.210314;1.7149999;0.294;-0.049;1;883818546
-0.196704;1.7639999;0.244999984;-0.049;1;883832156
-0.157884;1.7149999;0.244999984;-0.049;1;883870976
-0.144571;1.7639999;0.244999984;-0.049;1;883884289
-0.131802;1.7639999;0.244999984;-0.098;1;883897058
-0.099013;1.7639999;0.294;-0.049;1;883929847
-0.087539;1.7639999;0.343;-0.098;1;883941321
-0.076361;1.7639999;0.343;-0.049;1;883952499
-0.062910;1.617;0.294;-0.098;1;883965950
-0.048105;1.7639999;0.392;-0.147;1;883980755
-0.026163;1.7639999;0.294;-0.196;1;884002697
0.001055;2.0579998;0.294;-0.098;1;884029915
0.017249;2.156;0.294;-0.098;1;884046109
0.028285;2.4989998;0.244999984;-0.098;1;884057145
0.040177;2.744;0.343;0.049;1;884069037
0.052151;2.9889998;0.343;-0.098;1;884081011
0.067555;3.577;0.244999984;-0.098;1;884096415
0.078916;4.1159996;0.343;-0.049;1;884107776
0.092385;4.361;0.294;-0.098;1;884121245
0.103024;4.753;0.343;-0.196;1;884131884
0.114524;4.753;0.44099998;-0.147;1;884143384
0.126299;5.194;0.392;-0.147;1;884155159
0.147009;5.586;0.343;-0.147;1;884175869
0.173936;6.174;0.489999968;-0.147;1;884202796
0.197258;6.7619997;0.244999984;0.049;1;884226118
0.211202;7.595;0.343;-0.098;1;884240062
0.246386;8.967;0.686;-0.244999984;1;884275246
0.259017;8.82;0.44099998;-0.147;1;884287877
0.275821;8.771;0.489999968;-0.63699996;1;884304681
0.287602;8.918;0.539;-0.294;1;884316462
0.310097;8.624;0.539;-0.44099998;1;884338957
0.321148;8.526;0.63699996;-0.343;1;884350008
0.335004;8.183;0.588;-0.343;1;884363864
0.348311;7.987;0.63699996;-0.44099998;1;884377171
0.364524;7.448;0.734999936;-0.44099998;1;884393384
0.376571;7.252;0.784;-0.44099998;1;884405431
0.387953;6.9579997;0.784;-0.392;1;884416813
0.407080;6.664;0.784;-0.343;1;884435940
0.419071;6.566;0.833;-0.44099998;1;884447931
0.439174;6.37;0.833;-0.489999968;1;884468034
0.450059;6.3209996;0.784;-0.539;1;884478919
0.471076;6.174;0.931;-0.489999968;1;884499936
0.495948;6.0759996;1.078;-0.489999968;1;884524808
0.508380;5.831;1.078;-0.294;1;884537240
0.519557;5.831;1.127;-0.196;1;884548417
0.540957;5.684;1.225;0.049;1;884569817
0.553818;5.586;1.323;0.147;1;884582678
0.572042;5.586;1.225;0.63699996;1;884600902
0.583837;5.586;1.176;0.784;1;884612697
0.606419;5.488;1.127;1.225;1;884635279
0.617460;5.488;0.88199996;1.5189999;1;884646320
0.636022;5.341;0.392;2.0579998;1;884664882
0.657358;5.341;-0.196;2.205;1;884686218
0.688546;5.243;-0.784;2.205;1;884717406
0.706102;5.243;-0.734999936;2.45;1;884734962
0.722160;5.194;-0.686;2.744;1;884751020
0.733655;5.0959996;-0.734999936;2.842;1;884762515
0.752538;5.047;-0.098;3.185;1;884781398
0.765240;4.9979996;0.734999936;3.381;1;884794100
0.777149;5.047;1.2739999;3.4299998;1;884806009
0.797818;4.949;1.666;3.675;1;884826678
0.808173;4.9;1.666;3.9199998;1;884837033
0.825956;4.851;1.4699999;4.067;1;884854816
0.836935;4.802;0.833;4.2139996;1;884865795
0.848038;4.802;0.343;4.606;1;884876898
0.859119;4.802;0.098;5.0959996;1;884887979
0.870250;4.753;-0.392;5.0959996;1;884899110
0.887665;4.6549996;-0.392;5.488;1;884916525
0.915315;4.704;0.147;5.831;1;884944175
0.937146;4.6549996;1.078;5.733;1;884966006
0.949190;4.606;1.372;5.6349996;1;884978050
0.974245;4.459;0.979999936;6.272;1;885003105
0.987046;4.5569996;0.63699996;6.223;1;885015906
1.007892;4.312;-0.049;6.7619997;1;885036752
1.019640;4.508;0.0;7.105;1;885048500
1.037174;4.459;0.343;7.595;1;885066034
1.057159;4.361;0.784;8.231999;1;885086019
1.068365;4.459;0.979999936;8.33;1;885097225
1.088416;4.361;0.88199996;8.771;1;885117276
1.099629;4.361;0.63699996;8.82;1;885128489
1.117724;4.165;0.098;9.261;1;885146584
1.129283;4.1159996;0.098;9.163;1;885158143
1.147091;4.1159996;0.686;8.82;1;885175951
1.158195;4.1159996;0.784;8.967;1;885187055
1.169102;4.165;0.196;9.212;1;885197962
1.187187;4.018;-0.147;9.212;1;885216047
1.204463;4.067;-0.147;9.113999;1;885233323
1.227162;3.773;0.392;8.33;1;885256022
1.240547;3.675;0.44099998;8.183;1;885269407
1.257108;3.724;0.392;8.134;1;885285968
1.268663;3.479;0.63699996;7.20299968;1;885297523
1.280338;3.5279998;0.244999984;6.8599996;1;885309198
1.291170;3.381;0.343;6.5169996;1;885320030
1.307143;3.332;0.392;6.0759996;1;885336003
