t_s;dynamic_pressure;airspeed_cms;temperature;uptime_us
-29.961429;282;218;3939;854067431
-29.925050;288;220;3943;854103810
-29.878951;230;197;3938;854149909
-29.854798;257;208;3937;854174062
-29.825702;238;200;3939;854203158
-29.795218;188;178;3937;854233642
-29.771381;120;142;3937;854257479
-29.749866;112;137;3940;854278994
-29.723045;142;155;3938;854305815
-29.693687;180;174;3938;854335173
-29.633312;218;192;3937;854395548
-29.599539;157;163;3939;854429321
-29.570566;97;128;3939;854458294
-29.543152;147;157;3941;854485708
-29.513499;173;171;3941;854515361
-29.483701;165;167;3938;854545159
-29.435968;212;189;3943;854592892
-29.410281;175;172;3938;854618579
-29.388736;200;184;3938;854640124
-29.363702;193;180;3939;854665158
-29.333087;173;171;3941;854695773
-29.308239;173;171;3941;854720621
-29.280906;187;178;3941;854747954
-29.258159;155;162;3941;854770701
-29.232464;167;168;3939;854796396
-29.211576;150;159;3939;854817284
-29.181591;123;144;3940;854847269
-29.160109;122;143;3940;854868751
-29.111290;125;145;3938;854917570
-29.089775;127;146;3938;854939085
-29.064395;215;190;3941;854964465
-29.040124;230;197;3941;854988736
-29.016611;240;201;3937;855012249
-28.954045;223;194;3939;855074815
-28.928694;228;196;3939;855100166
-28.868631;218;192;3940;855160229
-28.846614;215;190;3940;855182246
-28.820756;215;190;3938;855208104
-28.795694;202;185;3938;855233166
-28.767866;213;190;3941;855260994
-28.744515;218;192;3941;855284345
-28.710082;125;145;3942;855318778
-28.686391;177;173;3942;855342469
-28.663617;190;179;3941;855365243
-28.640199;198;183;3939;855388661
-28.616012;195;181;3940;855412848
-28.589343;178;173;3938;855439517
-28.566828;182;175;3938;855462032
-28.544601;150;159;3939;855484259
-28.509215;177;173;3941;855519645
-28.454650;197;182;3939;855574210
-28.427571;193;180;3939;855601289
-28.397425;157;163;3942;855631435
-28.373518;132;149;3942;855655342
-28.346721;137;152;3939;855682139
-28.317373;130;148;3940;855711487
-28.294587;87;121;3940;855734273
-28.266361;73;111;3940;855762499
-28.244535;60;100;3940;855784325
-28.218053;68;107;3941;855810807
-28.195121;37;79;3941;855833739
-28.158539;117;140;3944;855870321
-28.127076;157;163;3943;855901784
-28.097550;118;141;3941;855931310
-28.072759;132;149;3941;855956101
-28.049725;115;139;3939;855979135
-28.028017;85;120;3942;856000843
-28.003971;57;98;3940;856024889
-27.960419;62;102;3940;856068441
-27.934256;85;120;3940;856094604
-27.911205;75;112;3940;856117655
-27.885183;70;108;3939;856143677
-27.856235;63;103;3939;856172625
-27.825000;30;71;3944;856203860
-27.782143;-80;0;3942;856246717
-27.755323;-102;0;3943;856273537
-27.726170;-143;0;3939;856302690
-27.696869;-122;0;3942;856331991
-27.672895;-70;0;3942;856355965
-27.651099;-87;0;3939;856377761
-27.623962;-85;0;3941;856404898
-27.599681;-170;0;3941;856429179
-27.574399;-232;0;3942;856454461
-27.553498;-182;0;3942;856475362
-27.524885;-137;0;3941;856503975
-27.498186;-138;0;3941;856530674
-27.436678;-248;0;3939;856592182
-27.411548;-232;0;3939;856617312
-27.390403;-177;0;3939;856638457
-27.364079;-192;0;3943;856664781
-27.342356;-158;0;3943;856686504
-27.313324;-173;0;3937;856715536
-27.283477;-218;0;3940;856745383
-27.262363;-217;0;3940;856766497
-27.234104;-180;0;3941;856794756
-27.203652;-158;0;3935;856825208
-27.182278;-142;0;3935;856846582
-27.148258;-128;0;3937;856880602
-27.123353;-268;0;3937;856905507
-27.096657;-332;0;3940;856932203
-27.048519;-118;0;3938;856980341
-27.018792;-90;0;3942;857010068
-26.994196;-100;0;3942;857034664
-26.945948;-160;0;3939;857082912
-26.921541;-193;0;3939;857107319
-26.897838;-187;0;3940;857131022
-26.873865;-145;0;3940;857154995
-26.849554;-87;0;3938;857179306
-26.828855;-67;0;3939;857200005
-26.795846;-63;0;3942;857233014
-26.744907;-143;0;3940;857283953
-26.715891;-150;0;3940;857312969
-26.694107;-117;0;3940;857334753
-26.670625;-115;0;3941;857358235
-26.647438;-40;0;3938;857381422
-26.621098;-52;0;3941;857407762
-26.598908;-70;0;3941;857429952
-26.570734;-97;0;3937;857458126
-26.546461;-135;0;3937;857482399
-26.524566;-155;0;3941;857504294
-26.499764;-162;0;3944;857529096
-26.447954;-138;0;3938;857580906
-26.382616;-67;0;3941;857646244
-26.357818;-75;0;3937;857671042
-26.336469;-75;0;3940;857692391
-26.308601;-65;0;3940;857720259
-26.277247;-65;0;3942;857751613
-26.247532;-108;0;3942;857781328
-26.226790;-115;0;3942;857802070
-26.197331;-110;0;3943;857831529
-26.146390;-58;0;3939;857882470
-26.117121;-108;0;3940;857911739
-26.087199;-92;0;3941;857941661
-26.058891;-48;0;3941;857969969
-26.033914;-33;0;3941;857994946
-25.996746;-40;0;3938;858032114
-25.974806;-28;0;3938;858054054
-25.941380;-35;0;3941;858087480
-25.907116;-42;0;3939;858121744
-25.882575;-25;0;3939;858146285
-25.856999;-15;0;3939;858171861
-25.833955;-23;0;3939;858194905
-25.784412;-28;0;3939;858244448
-25.756969;-28;0;3940;858271891
-25.725429;-33;0;3944;858303431
-25.704079;-30;0;3940;858324781
-25.680915;-30;0;3940;858347945
-25.655417;-28;0;3943;858373443
-25.626692;-30;0;3941;858402168
-25.593803;-40;0;3939;858435057
-25.515826;-20;0;3941;858513034
-25.486109;-13;0;3941;858542751
-25.432440;-17;0;3941;858596420
-25.403411;-13;0;3941;858625449
-25.380535;-18;0;3941;858648325
-25.347456;-17;0;3942;858681404
-25.324150;-32;0;3942;858704710
-25.293730;-50;0;3939;858735130
-25.244323;-48;0;3940;858784537
-25.214744;-38;0;3939;858814116
-25.188352;-40;0;3940;858840508
-25.162783;-63;0;3939;858866077
-25.137971;-57;0;3939;858890889
-25.113657;-38;0;3940;858915203
-25.088744;-27;0;3941;858940116
-25.062904;-27;0;3939;858965956
-25.039515;-35;0;3939;858989345
-25.003396;-62;0;3939;859025464
-24.976671;-82;0;3941;859052189
-24.952276;-108;0;3941;859076584
-24.912556;-132;0;3939;859116304
-24.885928;-130;0;3943;859142932
-24.861645;-125;0;3943;859167215
-24.812625;-125;0;3940;859216235
-24.789655;-107;0;3942;859239205
-24.767673;-95;0;3939;859261187
-24.711370;-83;0;3943;859317490
-24.687658;-72;0;3943;859341202
-24.663195;-143;0;3944;859365665
-24.638600;-167;0;3943;859390260
-24.607278;-123;0;3943;859421582
-24.578691;-133;0;3942;859450169
-24.557872;-132;0;3942;859470988
-24.507946;142;155;3940;859520914
-24.470453;177;173;3941;859558407
-24.437488;155;162;3940;859591372
-24.400100;135;151;3941;859628760
-24.373744;120;142;3941;859655116
-24.348233;140;154;3940;859680627
-24.326421;145;156;3940;859702439
-24.300874;135;151;3939;859727986
-24.279028;83;118;3939;859749832
-24.251281;100;130;3944;859777579
-24.228211;98;128;3944;859800649
-24.204370;82;117;3941;859824490
-24.181650;73;111;3943;859847210
-24.146670;83;118;3944;859882190
-24.124035;90;123;3944;859904825
-24.098803;67;106;3942;859930057
-24.068092;48;90;3941;859960768
-24.043154;55;96;3941;859985706
-24.016330;88;122;3941;860012530
-23.994663;93;125;3941;860034197
-23.948263;83;118;3941;860080597
-23.926583;82;117;3940;860102277
-23.905562;78;114;3941;860123298
-23.882622;97;128;3943;860146238
-23.855236;100;130;3942;860173624
-23.828947;75;112;3941;860199913
-23.793824;38;80;3940;860235036
-23.763838;30;71;3939;860265022
-23.741351;40;82;3939;860287509
-23.712154;103;132;3942;860316706
-23.687504;135;151;3942;860341356
-23.661117;157;163;3939;860367743
-23.640226;130;148;3939;860388634
-23.612521;127;146;3940;860416339
-23.590456;138;152;3940;860438404
-23.568835;127;146;3941;860460025
-23.544309;88;122;3942;860484551
-23.518705;60;100;3943;860510155
-23.496619;42;84;3943;860532241
-23.475007;40;82;3942;860553853
-23.436653;40;82;3941;860592207
-23.409108;-5;0;3945;860619752
-23.387918;-10;0;3945;860640942
-23.342454;22;61;3940;860686406
-23.314788;-2;0;3943;860714072
-23.292483;12;45;3943;860736377
-23.265687;17;53;3943;860763173
-23.235710;-2;0;3944;860793150
-23.212216;22;61;3944;860816644
-23.183828;13;46;3941;860845032
-23.155775;-7;0;3943;860873085
-23.125443;10;41;3943;860903417
-23.080062;97;128;3943;860948798
-23.053255;100;130;3940;860975605
-23.030739;115;139;3940;860998121
-23.003206;115;139;3943;861025654
-22.973381;90;123;3940;861055479
-22.933410;50;92;3940;861095450
-22.908137;43;85;3940;861120723
-22.881772;50;92;3941;861147088
-22.860473;45;87;3941;861168387
-22.839784;25;65;3944;861189076
-22.817503;-22;0;3942;861211357
-22.792997;-45;0;3939;861235863
-22.764211;-28;0;3941;861264649
-22.733949;-25;0;3944;861294911
-22.702335;-37;0;3941;861326525
-22.679601;-65;0;3943;861349259
-22.645289;-50;0;3941;861383571
-22.622869;-47;0;3941;861405991
-22.589119;-33;0;3942;861439741
-22.565612;-42;0;3942;861463248
-22.537130;-47;0;3939;861491730
-22.503037;-35;0;3943;861525823
-22.468891;20;58;3943;861559969
-22.418599;110;136;3937;861610261
-22.394915;103;132;3937;861633945
-22.349744;85;120;3941;861679116
-22.325219;100;130;3940;861703641
-22.292196;3;22;3944;861736664
-22.258468;-58;0;3942;861770392
-22.228665;-175;0;3942;861800195
-22.199877;-173;0;3942;861828983
-22.175761;-190;0;3942;861853099
-22.149070;-132;0;3944;861879790
-22.125591;-88;0;3944;861903269
-22.099061;-110;0;3939;861929799
-22.075149;-103;0;3939;861953711
-22.050405;-73;0;3943;861978455
-22.020669;-48;0;3945;862008191
-21.997257;-43;0;3945;862031603
-21.946628;18;55;3944;862082232
-21.922241;52;93;3944;862106619
-21.896941;52;93;3942;862131919
-21.873425;53;94;3942;862155435
-21.846708;62;102;3942;862182152
-21.824825;23;62;3942;862204035
-21.796227;40;82;3939;862232633
-21.768925;8;36;3939;862259935
-21.712229;45;87;3941;862316631
-21.688683;68;107;3941;862340177
-21.614120;77;114;3939;862414740
-21.588320;50;92;3939;862440540
-21.565093;45;87;3939;862463767
-21.538640;42;84;3939;862490220
-21.514181;60;100;3939;862514679
-21.493287;53;94;3939;862535573
-21.418459;67;106;3943;862610401
-21.386576;67;106;3943;862642284
-21.357864;65;104;3943;862670996
-21.335179;63;103;3943;862693681
-21.314497;62;102;3939;862714363
-21.286724;47;89;3942;862742136
-21.257287;35;77;3943;862771573
-21.233888;33;74;3943;862794972
-21.206916;37;79;3943;862821944
-21.176043;45;87;3942;862852817
-21.144485;53;94;3944;862884375
-21.122993;58;99;3941;862905867
-21.094978;58;99;3938;862933882
-21.073534;62;102;3938;862955326
-21.044851;67;106;3938;862984009
-21.023911;68;107;3938;863004949
-20.995768;67;106;3940;863033092
-20.966955;75;112;3941;863061905
-20.918224;63;103;3945;863110636
-20.891648;65;104;3942;863137212
-20.845616;68;107;3942;863183244
-20.823408;63;103;3942;863205452
-20.743406;55;96;3939;863285454
-20.718985;50;92;3939;863309875
-20.690742;40;82;3942;863338118
-20.643117;43;85;3943;863385743
-20.619513;43;85;3943;863409347
-20.584559;42;84;3942;863444301
-20.557500;43;85;3944;863471360
-20.523077;45;87;3942;863505783
-20.494141;45;87;3941;863534719
-20.469895;47;89;3941;863558965
-20.419030;52;93;3942;863609830
-20.382407;57;98;3944;863646453
-20.352161;57;98;3944;863676699
-20.318770;58;99;3940;863710090
-20.292850;53;94;3941;863736010
-20.233221;57;98;3943;863795639
-20.212224;58;99;3943;863816636
-20.189516;58;99;3941;863839344
-20.167355;52;93;3943;863861505
-20.138697;45;87;3943;863890163
-20.116488;50;92;3943;863912372
-20.092076;58;99;3940;863936784
-20.062615;63;103;3944;863966245
-20.028562;62;102;3943;864000298
-19.978115;68;107;3944;864050745
-19.949673;65;104;3942;864079187
-19.887111;83;118;3942;864141749
-19.856625;83;118;3944;864172235
-19.819055;80;116;3942;864209805
-19.790895;75;112;3944;864237965
-19.766389;67;106;3944;864262471
-19.730780;73;111;3941;864298080
-19.707082;78;114;3941;864321778
-19.678959;65;104;3940;864349901
-19.652884;67;106;3940;864375976
-19.626495;60;100;3943;864402365
-19.598750;43;85;3946;864430110
-19.569823;33;74;3943;864459037
-19.547273;23;62;3943;864481587
-19.525053;28;68;3945;864503807
-19.498937;32;73;3943;864529923
-19.472807;37;79;3942;864556053
-19.447931;38;80;3942;864580929
-19.416739;45;87;3945;864612121
-19.392890;52;93;3942;864635970
-19.348347;45;87;3942;864680513
-19.323795;43;85;3942;864705065
-19.296656;42;84;3942;864732204
-19.272460;35;77;3942;864756400
-19.251582;35;77;3941;864777278
-19.227278;50;92;3939;864801582
-19.204274;58;99;3943;864824586
-19.177537;65;104;3941;864851323
-19.147001;52;93;3941;864881859
-19.116752;63;103;3944;864912108
-19.084390;23;62;3939;864944470
-19.061157;-10;0;3942;864967703
-19.034536;-15;0;3943;864994324
-19.006973;13;46;3943;865021887
-18.982059;15;50;3943;865046801
-18.945765;-7;0;3945;865083095
-18.924173;-5;0;3945;865104687
-18.896928;-2;0;3942;865131932
-18.850700;5;29;3945;865178160
-18.827693;-18;0;3945;865201167
-18.801920;-22;0;3941;865226940
-18.779593;-23;0;3941;865249267
-18.744287;0;0;3940;865284573
-18.715231;-33;0;3942;865313629
-18.685575;-30;0;3941;865343285
-18.660348;-12;0;3941;865368512
-18.634861;5;29;3944;865393999
-18.608877;2;18;3943;865419983
-18.583965;30;71;3943;865444895
-18.561488;40;82;3941;865467372
-18.523873;7;34;3943;865504987
-18.501380;-8;0;3943;865527480
-18.433279;-3;0;3941;865595581
-18.408065;3;22;3941;865620795
-18.382733;-10;0;3944;865646127
-18.360201;-20;0;3944;865668659
-18.323865;7;34;3944;865704995
-18.282719;-3;0;3942;865746141
-18.257338;8;36;3944;865771522
-18.225641;10;41;3941;865803219
-18.193856;5;29;3946;865835004
-18.163438;27;67;3943;865865422
-18.136141;2;18;3943;865892719
-18.108856;-28;0;3943;865920004
-18.080430;-22;0;3942;865948430
-18.057624;10;41;3942;865971236
-17.981758;-3;0;3937;866047102
-17.957190;5;29;3937;866071670
-17.927877;-3;0;3944;866100983
-17.904979;-17;0;3944;866123881
-17.882007;-22;0;3942;866146853
-17.860225;-15;0;3945;866168635
-17.832149;35;77;3943;866196711
-17.791147;7;34;3943;866237713
-17.765560;-32;0;3944;866263300
-17.741118;-18;0;3944;866287742
-17.718125;20;58;3943;866310735
-17.690196;37;79;3945;866338664
-17.667889;13;46;3945;866360971
-17.611138;-20;0;3941;866417722
-17.588917;-10;0;3941;866439943
-17.565865;-43;0;3941;866462995
-17.540133;-27;0;3941;866488727
-17.519356;10;41;3941;866509504
-17.487437;-3;0;3943;866541423
-17.458492;-28;0;3945;866570368
-17.436451;20;58;3945;866592409
-17.408840;85;120;3942;866620020
-17.385825;113;138;3942;866643035
-17.358432;90;123;3944;866670428
-17.285559;110;136;3944;866743301
-17.247259;125;145;3939;866781601
-17.226954;117;140;3939;866801906
-17.203899;87;121;3943;866824961
-17.178240;30;71;3939;866850620
-17.147522;3;22;3944;866881338
-17.126281;3;22;3944;866902579
-17.098308;3;22;3944;866930552
-17.047512;20;58;3940;866981348
-17.017692;0;0;3945;867011168
-16.993781;3;22;3945;867035079
-16.966585;-10;0;3943;867062275
-16.937890;-8;0;3942;867090970
-16.913667;-5;0;3942;867115193
-16.886989;-2;0;3943;867141871
-16.865231;-18;0;3943;867163629
-16.844369;-2;0;3939;867184491
-16.784902;-58;0;3942;867243958
-16.753750;-47;0;3943;867275110
-16.726243;-47;0;3944;867302617
-16.694859;-53;0;3945;867334001
-16.667807;-73;0;3945;867361053
-16.635202;-82;0;3944;867393658
-16.583721;-82;0;3938;867445139
-16.553834;-83;0;3945;867475026
-16.523348;-57;0;3945;867505512
-16.494965;-37;0;3943;867533895
-16.472376;-35;0;3943;867556484
-16.444681;-5;0;3939;867584179
-16.423190;13;46;3939;867605670
-16.388983;32;73;3944;867639877
-16.365312;48;90;3944;867663548
-16.335083;52;93;3942;867693777
-16.281431;47;89;3945;867747429
-16.233472;18;55;3945;867795388
-16.209657;17;53;3945;867819203
-16.183477;50;92;3943;867845383
-16.154613;12;45;3943;867874247
-16.124529;12;45;3946;867904331
-16.077584;18;55;3941;867951276
-16.051752;42;84;3944;867977108
-16.020286;35;77;3941;868008574
-15.992193;30;71;3947;868036667
-15.970352;42;84;3947;868058508
-15.943535;92;124;3946;868085325
-15.913615;108;135;3943;868115245
-15.888422;148;158;3943;868140438
-15.863376;187;178;3945;868165484
-15.840291;202;185;3943;868188569
-15.817034;202;185;3942;868211826
-15.789771;155;162;3946;868239089
-15.738365;73;111;3943;868290495
-15.715311;63;103;3943;868313549
-15.692112;60;100;3944;868336748
-15.667706;48;90;3947;868361154
-15.646017;58;99;3945;868382843
-15.618157;50;92;3945;868410703
-15.594992;48;90;3945;868433868
-15.573015;37;79;3945;868455845
-15.550246;50;92;3944;868478614
-15.528770;62;102;3941;868500090
-15.507863;55;96;3943;868520997
-15.443855;57;98;3943;868585005
-15.422833;42;84;3941;868606027
-15.400243;53;94;3941;868628617
-15.377264;78;114;3942;868651596
-15.356431;120;142;3941;868672429
-15.291672;115;139;3945;868737188
-15.215325;188;178;3944;868813535
-15.194222;152;160;3945;868834638
-15.169770;73;111;3943;868859090
-15.116944;73;111;3943;868911916
-15.094048;113;138;3944;868934812
-15.066679;118;141;3942;868962181
-15.045146;73;111;3942;868983714
-15.015166;133;150;3943;869013694
-14.994099;153;161;3943;869034761
-14.966749;125;145;3941;869062111
-14.945348;80;116;3941;869083512
-14.918395;50;92;3947;869110465
-14.887481;60;100;3943;869141379
-14.864814;62;102;3943;869164046
-14.782553;-5;0;3944;869246307
-14.761480;22;61;3944;869267380
-14.740312;40;82;3943;869288548
-14.716746;50;92;3943;869312114
-14.687603;60;100;3941;869341257
-14.656335;42;84;3939;869372525
-14.633560;-17;0;3947;869395300
-14.607172;-55;0;3945;869421688
-14.584823;-117;0;3945;869444037
-14.557033;-143;0;3943;869471827
-14.515971;-110;0;3940;869512889
-14.486841;-120;0;3941;869542019
-14.456813;-123;0;3943;869572047
-14.425494;-93;0;3943;869603366
-14.403047;-95;0;3945;869625813
-14.380181;-87;0;3942;869648679
-14.355169;-73;0;3944;869673691
-14.325233;-45;0;3945;869703627
-14.295922;3;22;3939;869732938
-14.254810;0;0;3945;869774050
-14.230929;17;53;3945;869797931
-14.181786;-80;0;3946;869847074
-14.153479;-95;0;3945;869875381
-14.125418;-97;0;3945;869903442
-14.095262;-95;0;3944;869933598
-14.073142;-78;0;3944;869955718
-14.049609;-77;0;3945;869979251
-14.023487;-85;0;3941;870005373
-14.000743;-85;0;3941;870028117
-13.974232;-87;0;3943;870054628
-13.953026;-43;0;3943;870075834
-13.923433;-35;0;3942;870105427
-13.892372;-33;0;3942;870136488
-13.871079;-45;0;3942;870157781
-13.843115;-35;0;3945;870185745
-13.811933;-18;0;3941;870216927
-13.747138;-35;0;3941;870281722
-13.719768;-90;0;3942;870309092
-13.688325;-97;0;3944;870340535
-13.660742;-87;0;3943;870368118
-13.634862;-42;0;3943;870393998
-13.603135;43;85;3944;870425725
-13.577087;0;0;3942;870451773
-13.551121;43;85;3947;870477739
-13.522193;-15;0;3945;870506667
-13.499000;42;84;3945;870529860
-13.474592;3;22;3941;870554268
-13.450278;15;50;3943;870578582
-13.420365;-23;0;3943;870608495
-13.398889;-22;0;3943;870629971
-13.371933;18;55;3943;870656927
-13.341814;58;99;3945;870687046
-13.289150;52;93;3944;870739710
-13.260576;60;100;3948;870768284
-13.223116;23;62;3945;870805744
-13.197563;-20;0;3945;870831297
-13.166888;-38;0;3944;870861972
-13.109089;8;36;3947;870919771
-13.079131;-8;0;3945;870949729
-13.056837;58;99;3945;870972023
-13.034464;47;89;3946;870994396
-13.009888;65;104;3942;871018972
-12.987892;82;117;3944;871040968
-12.956886;62;102;3945;871071974
-12.933388;27;67;3945;871095472
-12.909204;-10;0;3945;871119656
-12.886506;25;65;3940;871142354
-12.864893;33;74;3946;871163967
-12.836643;115;139;3941;871192217
-12.780071;120;142;3947;871248789
-12.754424;100;130;3943;871274436
-12.707479;115;139;3945;871321381
-12.682441;90;123;3945;871346419
-12.657650;77;114;3947;871371210
-12.633203;112;137;3945;871395657
-12.608189;117;140;3941;871420671
-12.578140;53;94;3945;871450720
-12.555853;47;89;3945;871473007
-12.526496;132;149;3945;871502364
-12.502936;158;163;3945;871525924
-12.480761;150;159;3948;871548099
-12.456675;127;146;3943;871572185
-12.433532;125;145;3947;871595328
-12.407076;103;132;3942;871621784
-12.384302;83;118;3942;871644558
-12.357268;122;143;3943;871671592
-12.333606;190;179;3943;871695254
-12.307072;172;170;3941;871721788
-12.282218;128;147;3941;871746642
-12.235258;153;161;3945;871793602
-12.183519;228;196;3944;871845341
-12.155518;243;202;3943;871873342
-12.134034;278;217;3943;871894826
-12.112414;210;188;3944;871916446
-12.084278;207;187;3946;871944582
-12.056526;242;202;3942;871972334
-12.006127;135;151;3944;872022733
-11.984027;138;152;3944;872044833
-11.961885;133;150;3945;872066975
-11.929018;178;173;3943;872099842
-11.904975;197;182;3943;872123885
-11.880084;205;186;3946;872148776
-11.854719;258;209;3942;872174141
-11.828663;225;195;3945;872200197
-11.757880;222;193;3947;872270980
-11.724234;222;193;3944;872304626
-11.693639;238;200;3944;872335221
-11.661273;218;192;3946;872367587
-11.633624;215;190;3943;872395236
-11.604023;178;173;3946;872424837
-11.580618;132;149;3946;872448242
-11.556276;213;190;3943;872472584
-11.528703;213;190;3945;872500157
-11.501054;230;197;3944;872527806
-11.479161;207;187;3944;872549699
-11.454892;177;173;3944;872573968
-11.429002;162;165;3942;872599858
-11.349113;222;193;3942;872679747
-11.327363;220;193;3943;872701497
-11.302814;193;180;3944;872726046
-11.276345;250;205;3939;872752515
-11.232089;272;214;3943;872796771
-11.192393;287;220;3943;872836467
-11.167405;280;217;3947;872861455
-11.110640;252;206;3947;872918220
-11.089104;248;205;3947;872939756
-11.059189;267;212;3946;872969671
-11.037591;255;207;3946;872991269
-11.008976;257;208;3943;873019884
-10.980067;252;206;3946;873048793
-10.946695;230;197;3945;873082165
-10.925655;233;198;3945;873103205
-10.897388;225;195;3945;873131472
-10.873023;225;195;3945;873155837
-10.847914;228;196;3943;873180946
-10.826779;258;209;3941;873202081
-10.798738;283;219;3945;873230122
-10.777314;263;211;3945;873251546
-10.727156;262;210;3949;873301704
-10.674521;262;210;3947;873354339
-10.647528;295;223;3943;873381332
-10.625898;317;231;3943;873402962
-10.598649;300;225;3945;873430211
-10.574785;285;219;3945;873454075
-10.549411;290;221;3944;873479449
-10.526443;307;228;3946;873502417
-10.492418;275;215;3947;873536442
-10.470225;252;206;3947;873558635
-10.446557;213;190;3944;873582303
-10.424592;197;182;3943;873604268
-10.398671;182;175;3945;873630189
-10.376188;197;182;3945;873652672
-10.348133;190;179;3945;873680727
-10.318924;212;189;3943;873709936
-10.293691;215;190;3944;873735169
-10.223903;203;185;3945;873804957
-10.201713;217;191;3945;873827147
-10.178733;200;184;3945;873850127
-10.157219;202;185;3945;873871641
-10.107220;217;191;3943;873921640
-10.082721;235;199;3943;873946139
-10.060711;233;198;3943;873968149
-10.035134;178;173;3943;873993726
-9.981669;147;157;3944;874047191
-9.955631;197;182;3945;874073229
-9.927126;170;169;3943;874101734
-9.897229;132;149;3945;874131631
-9.874780;112;137;3945;874154080
-9.852917;122;143;3946;874175943
-9.825337;150;159;3943;874203523
-9.796166;127;146;3947;874232694
-9.745360;145;156;3945;874283500
-9.714026;132;149;3945;874314834
-9.684575;140;154;3942;874344285
-9.654289;107;134;3945;874374571
-9.628074;87;121;3943;874400786
-9.594091;98;128;3946;874434769
-9.569747;110;136;3946;874459113
-9.544531;100;130;3946;874484329
-9.519168;112;137;3942;874509692
-9.493724;123;144;3945;874535136
-9.467013;133;150;3946;874561847
-9.444156;143;155;3946;874584704
-9.418407;103;132;3948;874610453
-9.392603;127;146;3945;874636257
-9.367339;133;150;3945;874661521
-9.330819;138;152;3942;874698041
-9.309443;165;167;3942;874719417
-9.288747;150;159;3945;874740113
-9.243268;160;164;3942;874785592
-9.221446;143;155;3942;874807414
-9.199317;137;152;3946;874829543
-9.178432;162;165;3944;874850428
-9.145721;180;174;3943;874883139
-9.118634;142;155;3941;874910226
-9.091464;120;142;3943;874937396
-9.068363;92;124;3943;874960497
-9.008458;10;41;3944;875020402
-8.981639;30;71;3943;875047221
-8.960318;85;120;3943;875068542
-8.928414;10;41;3945;875100446
-8.899700;-33;0;3943;875129160
-8.870954;-43;0;3944;875157906
-8.838986;-53;0;3946;875189874
-8.808048;-53;0;3942;875220812
-8.780382;-88;0;3947;875248478
-8.741033;-70;0;3947;875287827
-8.716764;-55;0;3947;875312096
-8.688821;-28;0;3946;875340039
-8.657860;-58;0;3944;875371000
-8.630859;-70;0;3946;875398001
-8.600989;-60;0;3943;875427871
-8.578307;-107;0;3943;875450553
-8.550365;-90;0;3943;875478495
-8.527953;-60;0;3943;875500907
-8.468606;-113;0;3943;875560254
-8.447602;-122;0;3943;875581258
-8.419476;-130;0;3944;875609384
-8.394661;-140;0;3944;875634199
-8.367834;-145;0;3943;875661026
-8.346493;-137;0;3943;875682367
-8.321279;-143;0;3949;875707581
-8.298813;-162;0;3945;875730047
-8.248843;-118;0;3946;875780017
-8.224919;-90;0;3946;875803941
-8.198634;-73;0;3943;875830226
-8.176706;-53;0;3943;875852154
-8.154833;-67;0;3945;875874027
-8.128509;-107;0;3945;875900351
-8.098675;-118;0;3947;875930185
-8.076591;-117;0;3947;875952269
-8.054850;-115;0;3948;875974010
-8.029049;-98;0;3945;875999811
-7.996462;-117;0;3945;876032398
-7.973137;-90;0;3945;876055723
-7.948519;-93;0;3947;876080341
-7.926665;-78;0;3940;876102195
-7.896190;-78;0;3945;876132670
-7.872703;-100;0;3945;876156157
-7.850147;-103;0;3946;876178713
-7.826871;-87;0;3945;876201989
-7.772435;-87;0;3944;876256425
-7.750970;-102;0;3944;876277890
-7.724393;-100;0;3941;876304467
-7.696474;-93;0;3946;876332386
-7.671241;-115;0;3946;876357619
-7.646761;-123;0;3944;876382099
-7.615638;-110;0;3946;876413222
-7.592112;-112;0;3946;876436748
-7.565940;-107;0;3947;876462920
-7.536342;-110;0;3945;876492518
-7.482284;-118;0;3943;876546576
-7.446295;-135;0;3942;876582565
-7.415661;-132;0;3944;876613199
-7.385185;-127;0;3945;876643675
-7.364122;-123;0;3945;876664738
-7.335607;-122;0;3947;876693253
-7.313719;-127;0;3947;876715141
-7.249674;-115;0;3946;876779186
-7.223456;-118;0;3945;876805404
-7.200650;-107;0;3945;876828210
-7.179513;-113;0;3945;876849347
-7.157305;-95;0;3944;876871555
-7.133573;-107;0;3945;876895287
-7.112790;-100;0;3947;876916070
-7.090077;-143;0;3945;876938783
-7.061907;-157;0;3945;876966953
-7.039274;-195;0;3945;876989586
-7.012008;-207;0;3943;877016852
-6.982683;-200;0;3945;877046177
-6.958138;-183;0;3945;877070722
-6.933883;-135;0;3943;877094977
-6.903454;-100;0;3947;877125406
-6.881093;-98;0;3947;877147767
-6.856058;-95;0;3948;877172802
-6.828971;-78;0;3946;877199889
-6.781234;-120;0;3948;877247626
-6.759437;-147;0;3948;877269423
-6.730105;-127;0;3944;877298755
-6.706362;-147;0;3944;877322498
-6.680796;-160;0;3951;877348064
-6.655149;-220;0;3945;877373711
-6.632521;-293;0;3945;877396339
-6.607922;-285;0;3944;877420938
-6.579595;-282;0;3943;877449265
-6.543890;-272;0;3948;877484970
-6.519920;-207;0;3948;877508940
-6.491261;-208;0;3941;877537599
-6.443509;-222;0;3944;877585351
-6.418687;-248;0;3946;877610173
-6.389934;-302;0;3943;877638926
-6.353844;-310;0;3945;877675016
-6.332891;-315;0;3945;877695969
-6.302477;-333;0;3942;877726383
-6.281812;-393;0;3942;877747048
-6.236093;-302;0;3943;877792767
-6.214556;-287;0;3944;877814304
-6.190110;-268;0;3945;877838750
-6.159491;-285;0;3947;877869369
-6.112493;-257;0;3943;877916367
-6.089506;-235;0;3945;877939354
-6.067510;-253;0;3945;877961350
-6.046656;-303;0;3945;877982204
-6.022816;-268;0;3949;878006044
-5.991637;-197;0;3943;878037223
-5.968777;-183;0;3943;878060083
-5.945763;-257;0;3943;878083097
-5.923362;-223;0;3945;878105498
-5.899297;-293;0;3945;878129563
-5.866481;-238;0;3944;878162379
-5.808747;-243;0;3945;878220113
-5.777449;-215;0;3948;878251411
-5.748319;-135;0;3943;878280541
-5.702317;-143;0;3946;878326543
-5.676722;-107;0;3945;878352138
-5.654100;-105;0;3945;878374760
-5.627282;-160;0;3945;878401578
-5.596695;-228;0;3947;878432165
-5.572506;-280;0;3947;878456354
-5.546349;-288;0;3945;878482511
-5.523766;-217;0;3945;878505094
-5.497223;-205;0;3945;878531637
-5.472611;-252;0;3945;878556249
-5.451298;-240;0;3943;878577562
-5.425989;-223;0;3946;878602871
-5.398873;-212;0;3943;878629987
-5.374770;-140;0;3943;878654090
-5.351025;-97;0;3947;878677835
-5.325808;-143;0;3945;878703052
-5.303845;-185;0;3945;878725015
-5.275800;-285;0;3945;878753060
-5.254051;-318;0;3945;878774809
-5.215203;-280;0;3942;878813657
-5.190164;-287;0;3947;878838696
-5.163678;-220;0;3945;878865182
-5.135516;-242;0;3946;878893344
-5.081696;-190;0;3944;878947164
-5.053038;-233;0;3945;878975822
-5.031411;-225;0;3945;878997449
-5.004093;-160;0;3945;879024767
-4.980524;-178;0;3945;879048336
-4.955113;-233;0;3944;879073747
-4.924077;-238;0;3946;879104783
-4.898645;-220;0;3945;879130215
-4.874321;-230;0;3945;879154539
-4.851436;-217;0;3944;879177424
-4.823388;-185;0;3947;879205472
-4.798856;-187;0;3947;879230004
-4.763541;-170;0;3946;879265319
-4.728878;-180;0;3946;879299982
-4.681567;-183;0;3946;879347293
-4.656781;-173;0;3946;879372079
-4.628092;-187;0;3945;879400768
-4.602709;-213;0;3945;879426151
-4.579518;-217;0;3945;879449342
-4.554974;-228;0;3943;879473886
-4.524128;-217;0;3947;879504732
-4.498372;-143;0;3945;879530488
-4.448554;-145;0;3945;879580306
-4.420091;-162;0;3947;879608769
-4.395160;-158;0;3947;879633700
-4.371413;-172;0;3943;879657447
-4.346691;-175;0;3943;879682169
-4.318514;-190;0;3945;879710346
-4.294980;-215;0;3945;879733880
-4.218327;-245;0;3944;879810533
-4.192882;-253;0;3945;879835978
-4.148963;-255;0;3946;879879897
-4.126565;-210;0;3944;879902295
-4.098876;-188;0;3943;879929984
-4.077302;-180;0;3943;879951558
-4.049509;-152;0;3946;879979351
-4.018708;-158;0;3943;880010152
-3.994548;-153;0;3943;880034312
-3.969658;-203;0;3948;880059202
-3.943555;-242;0;3947;880085305
-3.918583;-320;0;3947;880110277
-3.893266;-280;0;3942;880135594
-3.815427;-302;0;3944;880213433
-3.789544;-208;0;3949;880239316
-3.766615;-123;0;3949;880262245
-3.722605;-228;0;3943;880306255
-3.696629;-220;0;3944;880332231
-3.668518;-240;0;3946;880360342
-3.646784;-245;0;3946;880382076
-3.618307;-305;0;3946;880410553
-3.594623;-288;0;3946;880434237
-3.515853;-265;0;3943;880513007
-3.493960;-212;0;3946;880534900
-3.468330;-130;0;3943;880560530
-3.446257;-147;0;3943;880582603
-3.417951;-195;0;3944;880610909
-3.392102;-200;0;3945;880636758
-3.343192;-207;0;3945;880685668
-3.313890;-265;0;3947;880714970
-3.287762;-255;0;3946;880741098
-3.265233;-273;0;3946;880763627
-3.193007;-175;0;3945;880835853
-3.163645;-217;0;3941;880865215
-3.082486;-278;0;3942;880946374
-3.055658;-308;0;3947;880973202
-2.981847;-228;0;3946;881047013
-2.955813;-135;0;3945;881073047
-2.926206;-128;0;3943;881102654
-2.895995;-93;0;3949;881132865
-2.870762;-82;0;3947;881158098
-2.838925;-117;0;3948;881189935
-2.815010;-133;0;3947;881213850
-2.788966;-180;0;3944;881239894
-2.751618;-220;0;3949;881277242
-2.723834;-245;0;3944;881305026
-2.619506;-260;0;3947;881409354
-2.592834;-257;0;3947;881436026
-2.543731;-317;0;3945;881485129
-2.514202;-362;0;3945;881514658
-2.490884;-400;0;3945;881537976
-2.463634;-378;0;3947;881565226
-2.442425;-368;0;3947;881586435
-2.418286;-388;0;3945;881610574
-2.391634;-402;0;3947;881637226
-2.361907;-400;0;3947;881666953
-2.338140;-388;0;3947;881690720
-2.308625;-405;0;3947;881720235
-2.285004;-420;0;3947;881743856
-2.257732;-377;0;3947;881771128
-2.191584;-380;0;3948;881837276
-2.162517;-377;0;3947;881866343
-2.137465;-355;0;3947;881891395
-2.102749;-338;0;3948;881926111
-2.079068;-330;0;3948;881949792
-2.053363;-342;0;3944;881975497
-2.020854;-283;0;3947;882008006
-1.997591;-232;0;3947;882031269
-1.948264;-292;0;3946;882080596
-1.924373;-283;0;3947;882104487
-1.898727;-255;0;3945;882130133
-1.874684;-248;0;3945;882154176
-1.850000;-285;0;3945;882178860
-1.826134;-287;0;3946;882202726
-1.796961;-292;0;3945;882231899
-1.768774;-368;0;3943;882260086
-1.717467;-285;0;3949;882311393
-1.681996;-297;0;3947;882346864
-1.656884;-335;0;3947;882371976
-1.610243;-340;0;3944;882418617
-1.586889;-317;0;3945;882441971
-1.557877;-318;0;3944;882470983
-1.507302;-273;0;3944;882521558
-1.484911;-312;0;3944;882543949
-1.458911;-292;0;3947;882569949
-1.433186;-220;0;3947;882595674
-1.407307;-220;0;3945;882621553
-1.383218;-230;0;3945;882645642
-1.347777;-215;0;3946;882681083
-1.326410;-217;0;3946;882702450
-1.304700;-245;0;3949;882724160
-1.281984;-258;0;3949;882746876
-1.258095;-230;0;3943;882770765
-1.228260;-288;0;3945;882800600
-1.157276;-363;0;3945;882871584
-1.129231;-408;0;3944;882899629
-1.081513;-260;0;3947;882947347
-1.056430;-225;0;3944;882972430
-1.035216;-225;0;3945;882993644
-1.014413;-195;0;3943;883014447
-0.987324;-148;0;3941;883041536
-0.957224;-150;0;3947;883071636
-0.926444;-197;0;3946;883102416
-0.903856;-202;0;3946;883125004
-0.881983;-210;0;3942;883146877
-0.857143;-195;0;3941;883171717
-0.826685;-218;0;3942;883202175
-0.796307;-257;0;3943;883232553
-0.772852;-273;0;3943;883256008
-0.745358;-250;0;3944;883283502
-0.716364;-285;0;3946;883312496
-0.672015;-282;0;3948;883356845
-0.632868;-277;0;3946;883395992
-0.608024;-267;0;3945;883420836
-0.582359;-298;0;3947;883446501
-0.561829;-352;0;3947;883467031
-0.532893;-277;0;3949;883495967
-0.509034;-188;0;3949;883519826
-0.478092;-303;0;3947;883550768
-0.443908;-278;0;3949;883584952
-0.422356;-298;0;3949;883606504
-0.394391;-273;0;3947;883634469
-0.344094;-215;0;3948;883684766
-0.317216;-273;0;3944;883711644
-0.292417;-270;0;3944;883736443
-0.264125;-265;0;3944;883764735
-0.242095;-255;0;3944;883786765
-0.213555;-305;0;3949;883815305
-0.163483;-267;0;3947;883865377
-0.136840;-255;0;3947;883892020
-0.104581;-317;0;3943;883924279
-0.081170;-330;0;3943;883947690
-0.053054;-332;0;3945;883975806
-0.031111;-372;0;3945;883997749
0.022500;-320;0;3945;884051360
0.047799;-260;0;3947;884076659
0.072049;-137;0;3947;884100909
0.120366;160;164;3945;884149226
0.157323;485;286;3943;884186183
0.179167;757;358;3943;884208027
0.207736;1505;505;3945;884236596
0.251542;2710;677;3946;884280402
0.278254;3605;781;3948;884307114
0.311373;4938;914;3946;884340233
0.334045;6142;1020;3946;884362905
0.381421;8572;1205;3945;884410281
0.411098;10302;1321;3945;884439958
0.441533;11768;1412;3943;884470393
0.472741;14308;1557;3943;884501601
0.505284;17370;1715;3947;884534144
0.528136;19715;1827;3947;884556996
0.552471;22892;1969;3945;884581331
0.580840;27745;2168;3947;884609700
0.612147;30408;2270;3945;884641007
0.641278;32692;2353;3946;884670138
0.693504;2917;703;3943;884722364
0.720545;-292;0;3946;884749405
0.751153;15815;1637;3947;884780013
0.773601;41445;2650;3947;884802461
0.802877;49433;2894;3945;884831737
0.831854;51158;2944;3942;884860714
0.853873;48780;2875;3942;884882733
0.875816;35165;2441;3941;884904676
0.911012;38112;2541;3945;884939872
0.941385;52792;2991;3947;884970245
0.988376;54608;3042;3944;885017236
1.013758;52283;2976;3944;885042618
1.042592;52817;2991;3943;885071452
1.092975;54608;3042;3945;885121835
1.122433;54608;3042;3943;885151293
1.152481;54608;3042;3943;885181341
1.174130;54608;3042;3943;885202990
1.201995;54090;3027;3943;885230855
1.232794;49160;2886;3941;885261654
1.262939;46202;2798;3945;885291799
1.285276;36748;2495;3945;885314136
