t_s;altitude;temperature;pressure;elevation;uptime_us
-29.972260;-36.806876;38.29;101767.91;4.244812;854056600
-29.866956;-36.748744;38.29;101767.2;4.302944;854161904
-29.765255;-36.806876;38.29;101767.91;4.244812;854263605
-29.663436;-36.875576;38.29;101768.72;4.176113;854365424
-29.553416;-36.806876;38.29;101767.91;4.244812;854475444
-29.429479;-36.923132;38.29;101769.31;4.1285552;854599381
-29.326618;-37.10281;38.29;101771.43;3.9488792;854702242
-29.225314;-36.865004;38.29;101768.61;4.1866836;854803546
-29.122859;-36.859724;38.28;101768.5;4.191967;854906001
-29.019164;-36.621916;38.28;101765.67;4.4297716;855009696
-28.911182;-36.865004;38.29;101768.61;4.1866836;855117678
-28.803443;-36.875576;38.29;101768.72;4.176113;855225417
-28.699761;-36.80159;38.28;101767.79;4.250099;855329099
-28.597002;-36.738176;38.28;101767.08;4.3135148;855431858
-28.494919;-36.80159;38.28;101767.79;4.250099;855533941
-28.391931;-36.923132;38.29;101769.31;4.1285552;855636929
-28.289521;-36.738176;38.28;101767.08;4.3135148;855739339
-28.186604;-36.748744;38.29;101767.2;4.302944;855842256
-28.085331;-36.817444;38.29;101768.016;4.2342452;855943529
-27.961950;-36.886144;38.3;101768.84;4.1655464;856066910
-27.853285;-36.933704;38.29;101769.43;4.117985;856175575
-27.749704;-36.759316;38.29;101767.31;4.2923736;856279156
-27.648138;-36.828016;38.3;101768.13;4.223675;856380722
-27.531900;-36.769884;38.3;101767.43;4.281807;856496960
-27.424816;-36.653624;38.3;101766.016;4.3980636;856604044
-27.320214;-36.653624;38.3;101766.016;4.3980636;856708646
-27.100399;-36.769884;38.3;101767.43;4.281807;856928461
-26.997237;-36.833296;38.3;101768.22;4.2183916;857031623
-26.893352;-36.886144;38.3;101768.84;4.1655464;857135508
-26.789988;-36.886144;38.3;101768.84;4.1655464;857238872
-26.686669;-36.817444;38.29;101768.016;4.2342452;857342191
-26.585287;-37.060536;38.3;101770.95;3.9911536;857443573
-26.475619;-36.817444;38.29;101768.016;4.2342452;857553241
-26.373932;-36.759316;38.29;101767.31;4.2923736;857654928
-26.270396;-36.875576;38.29;101768.72;4.176113;857758464
-26.162287;-36.991836;38.29;101770.14;4.0598524;857866573
-26.053107;-36.923132;38.29;101769.31;4.1285552;857975753
-25.939524;-36.875576;38.29;101768.72;4.176113;858089336
-25.838305;-36.944276;;-0.041808368;-0.2508502;858190555
-25.727183;-36.933704;38.29;101769.43;4.117985;858301677
-25.623933;-37.002404;38.3;101770.25;4.049286;858404927
-25.520868;-36.759316;38.29;101767.31;4.2923736;858507992
-25.418069;-36.759316;38.29;101767.31;4.2923736;858610791
-25.315407;-36.933704;38.29;101769.43;4.117985;858713453
-25.211743;-36.759316;38.29;101767.31;4.2923736;858817117
-25.108351;-36.759316;38.29;101767.31;4.2923736;858920509
-25.000964;-37.002404;38.3;101770.25;4.049286;859027896
-24.898950;-36.643056;38.29;101765.91;4.408634;859129910
-24.796017;-36.933704;38.29;101769.43;4.117985;859232843
-24.693986;-36.875576;38.29;101768.72;4.176113;859334874
-24.587990;-36.9812668;38.29;101770.016;4.070423;859440870
-24.471731;-36.923132;38.29;101769.31;4.1285552;859557129
-24.368007;-36.933704;38.29;101769.43;4.117985;859660853
-24.262006;-36.933704;38.29;101769.43;4.117985;859766854
-24.148077;-36.9812668;38.29;101770.016;4.070423;859880783
-24.044473;-36.933704;38.29;101769.43;4.117985;859984387
-23.936457;-37.04468;38.29;101770.72;4.0070076;860092403
-23.830266;-36.991836;38.29;101770.14;4.0598524;860198594
-23.729206;-37.118664;38.3;101771.66;3.93302532;860299654
-23.627272;-37.108092;38.29;101771.55;3.943596;860401588
-23.520543;-37.176792;38.3;101772.36;3.874897;860508317
-23.411298;-37.049964;38.29;101770.84;4.0017244;860617562
-23.307050;-37.060536;38.3;101770.95;3.9911536;860721810
-23.191713;-37.049964;38.29;101770.84;4.0017244;860837147
-23.090380;-36.828016;38.3;101768.13;4.223675;860938480
-22.980768;-36.94956;38.3;101769.624;4.102131;861048092
-22.877055;-36.94956;38.3;101769.624;4.102131;861151805
-22.772881;-37.187364;38.3;101772.448;3.8643264;861255979
-22.670922;-36.94956;38.3;101769.624;4.102131;861357938
-22.463544;-36.833296;38.3;101768.22;4.2183916;861565316
-22.361439;-36.828016;38.3;101768.13;4.223675;861667421
-22.252933;-37.129236;38.3;101771.736;3.9224548;861775927
-22.147455;-37.129236;38.3;101771.736;3.9224548;861881405
-22.043520;-37.018256;38.31;101770.448;4.033432;861985340
-21.933579;-36.96013;38.31;101769.736;4.0915604;862095281
-21.831493;-37.007688;38.3;101770.33;4.0440024;862197367
-21.722161;-36.944276;38.3;101769.55;4.1074144;862306699
-21.618376;-36.94956;38.3;101769.624;4.102131;862410484
-21.515467;-36.89143;38.3;101768.92;4.1602592;862513393
-21.412865;-36.96013;38.31;101769.736;4.0915604;862615995
-21.310124;-37.018256;38.31;101770.448;4.033432;862718736
-21.204518;-36.833296;38.3;101768.22;4.2183916;862824342
-21.100857;-36.84387;38.31;101768.33;4.207821;862928003
-20.992740;-36.89143;38.3;101768.92;4.1602592;863036120
-20.886319;-37.134516;38.31;101771.86;3.91717152;863142541
-20.783475;-37.018256;38.31;101770.448;4.033432;863245385
-20.682472;-36.84387;38.31;101768.33;4.207821;863346388
-20.578109;-37.071104;38.3;101771.04;3.980587;863450751
-20.475743;-37.071104;38.3;101771.04;3.980587;863553117
-20.372544;-37.129236;38.3;101771.736;3.9224548;863656316
-20.165235;-36.933704;38.29;101769.43;4.117985;863863625
-20.060467;-37.049964;38.29;101770.84;4.0017244;863968393
-19.956905;-37.166224;38.29;101772.25;3.8854636;864071955
-19.850408;-36.9812668;38.29;101770.016;4.070423;864178452
-19.739189;-37.04468;38.29;101770.72;4.0070076;864289671
-19.631366;-37.04468;38.29;101770.72;4.0070076;864397494
-19.530363;-37.10281;38.29;101771.43;3.9488792;864498497
-19.420881;-37.22964;38.29;101772.95;3.8220482;864607979
-19.318408;-37.108092;38.29;101771.55;3.943596;864710452
-19.212183;-37.118664;38.3;101771.66;3.93302532;864816677
-19.110296;-37.118664;38.3;101771.66;3.93302532;864918564
-18.895353;-36.759316;38.29;101767.31;4.2923736;865133507
-18.793512;-36.769884;38.3;101767.43;4.281807;865235348
-18.683245;-36.89143;38.3;101768.92;4.1602592;865345615
-18.579665;-36.828016;38.3;101768.13;4.223675;865449195
-18.368091;-37.071104;38.3;101771.04;3.980587;865660769
-18.265972;-37.118664;38.3;101771.66;3.93302532;865762888
-18.159581;-37.007688;38.3;101770.33;4.0440024;865869279
-18.054470;-37.018256;38.31;101770.448;4.033432;865974390
-17.953363;-36.833296;38.3;101768.22;4.2183916;866075497
-17.840658;-36.769884;38.3;101767.43;4.281807;866188202
-17.427625;-37.018256;38.31;101770.448;4.033432;866601235
-17.297613;-37.007688;38.3;101770.33;4.0440024;866731247
-17.194521;-37.028828;38.31;101770.56;4.0228616;866834339
-17.093408;-36.96013;38.31;101769.736;4.0915604;866935452
-16.991130;-37.076384;38.31;101771.16;3.9753036;867037730
-16.884999;-36.796308;38.31;101767.74;4.2553824;867143861
-16.768940;-36.785736;38.31;101767.624;4.265953;867259920
-16.663571;-36.912568;38.31;101769.16;4.139122;867365289
-16.555200;-36.796308;38.31;101767.74;4.2553824;867473660
-16.450810;-36.796308;38.31;101767.74;4.2553824;867578050
-16.340537;-36.96013;38.31;101769.736;4.0915604;867688323
-16.227509;-36.96013;38.31;101769.736;4.0915604;867801351
-16.120180;-37.018256;38.31;101770.448;4.033432;867908680
-16.016354;-37.028828;38.31;101770.56;4.0228616;868012506
-15.911182;-36.84387;38.31;101768.33;4.207821;868117678
-15.800651;-37.039396;38.32;101770.67;4.012295;868228209
-15.698642;-36.970696;38.31;101769.85;4.0809936;868330218
-15.596387;-37.086956;38.31;101771.268;3.9647332;868432473
-15.495031;-36.970696;38.31;101769.85;4.0809936;868533829
-15.393130;-37.039396;38.32;101770.67;4.012295;868635730
-15.281891;-36.923132;38.32;101769.268;4.1285552;868746969
-15.180498;-37.10281;38.32;101771.46;3.9488792;868848362
-15.079197;-37.039396;38.32;101770.67;4.012295;868949663
-14.975911;-36.9812668;38.32;101769.97;4.070423;869052949
-14.873931;-36.865004;38.32;101768.56;4.1866836;869154929
-14.769679;-36.92842;38.32;101769.34;4.123268;869259181
-14.661834;-37.04468;38.32;101770.75;4.0070076;869367026
-14.555465;-37.05525;38.33;101770.872;3.996441;869473395
-14.452174;-37.097528;38.32;101771.376;3.95416268;869576686
-14.350215;-37.04468;38.32;101770.75;4.0070076;869678645
-14.241716;-37.17151;38.33;101772.28;3.8801804;869787144
-14.138364;-37.1609416;38.32;101772.17;3.890747;869890496
-13.931592;-37.04468;38.32;101770.75;4.0070076;870097268
-13.823412;-36.98655;38.32;101770.05;4.06514;870205448
-13.718066;-36.865004;38.32;101768.56;4.1866836;870310794
-13.508502;-36.74346;38.32;101767.15;4.3082276;870520358
-13.407349;-36.88086;38.33;101768.76;4.17083;870621511
-13.282600;-36.938988;38.33;101769.46;4.1127016;870746260
-13.173366;-36.82273;38.33;101768.05;4.228958;870855494
-12.962174;-36.7646;38.33;101767.34;4.2870904;871066686
-12.860183;-36.81216;38.32;101767.94;4.2395288;871168677
-12.755878;-36.6959;38.32;101766.53;4.355789;871272982
-12.653880;-36.7646;38.33;101767.34;4.2870904;871374980
-12.552588;-36.94956;38.33;101769.58;4.102131;871476272
-12.442258;-36.88086;38.33;101768.76;4.17083;871586602
-12.338507;-37.05525;38.33;101770.872;3.996441;871690353
-12.229920;-37.012972;38.34;101770.36;4.0387152;871798940
-12.123415;-36.87029;38.32;101768.64;4.1814004;871905445
-12.019253;-36.99712;38.33;101770.17;4.0545692;872009607
-11.910540;-37.007688;38.33;101770.28;4.0440024;872118320
-11.809249;-36.833296;38.33;101768.17;4.2183916;872219611
-11.700531;-36.88086;38.33;101768.76;4.17083;872328329
-11.597335;-36.94956;38.33;101769.58;4.102131;872431525
-11.492044;-37.123948;38.33;101771.69;3.927742;872536816
-11.379789;-36.938988;38.33;101769.46;4.1127016;872649071
-11.273866;-36.89143;38.33;101768.872;4.1602592;872754994
-11.169193;-36.595492;38.33;101765.34;4.456196;872859667
-11.060498;-36.595492;38.33;101765.34;4.456196;872968362
-10.947991;-36.595492;38.33;101765.34;4.456196;873080869
-10.845714;-36.711752;38.33;101766.76;4.3399352;873183146
-10.725301;-36.595492;38.33;101765.34;4.456196;873303559
-10.623247;-36.83858;38.34;101768.25;4.213108;873405613
-10.520970;-36.711752;38.33;101766.76;4.3399352;873507890
-10.417623;-36.769884;38.33;101767.46;4.281807;873611237
-10.314484;-36.59021;38.33;101765.232;4.461479;873714376
-10.212428;-36.711752;38.33;101766.76;4.3399352;873816432
-9.892355;-36.54793;38.34;101764.73;4.5037576;874136505
-9.790547;-36.611348;38.34;101765.55;4.440342;874238313
-9.680509;-36.727608;38.34;101766.95;4.3240816;874348351
-9.577947;-36.727608;38.34;101766.95;4.3240816;874450913
-9.475541;-36.727608;38.34;101766.95;4.3240816;874553319
-9.252852;-36.965412;38.34;101769.77;4.086277;874776008
-9.143324;-36.896712;38.34;101768.95;4.154976;874885536
-9.036450;-36.896712;38.34;101768.95;4.154976;874992410
-8.926874;-36.965412;38.34;101769.77;4.086277;875101986
-8.825484;-36.95484;38.34;101769.66;4.0968476;875203376
-8.723541;-36.727608;38.34;101766.95;4.3240816;875305319
-8.622249;-36.722324;38.34;101766.84;4.329365;875406611
-8.519566;-36.780452;38.34;101767.55;4.2712364;875509294
-8.416726;-36.89143;38.33;101768.872;4.1602592;875612134
-8.315293;-36.769884;38.33;101767.46;4.281807;875713567
-8.213297;-36.711752;38.33;101766.76;4.3399352;875815563
-7.997745;-36.89143;38.33;101768.872;4.1602592;876031115
-7.893164;-36.95484;38.34;101769.66;4.0968476;876135696
-7.763887;-36.83858;38.34;101768.25;4.213108;876264973
-7.662076;-37.1398;38.34;101771.89;3.9118882;876366784
-7.559346;-37.129236;38.34;101771.78;3.9224548;876469514
-7.442009;-37.187364;38.34;101772.48;3.8643264;876586851
-7.333233;-37.007688;38.33;101770.28;4.0440024;876695627
-7.227472;-36.89143;38.33;101768.872;4.1602592;876801388
-7.126249;-36.94956;38.33;101769.58;4.102131;876902611
-7.023144;-36.95484;38.34;101769.66;4.0968476;877005716
-6.791194;-36.965412;38.34;101769.77;4.086277;877237666
-6.688345;-37.012972;38.34;101770.36;4.0387152;877340515
-6.580963;-36.91785;38.35;101769.19;4.1338388;877447897
-6.476379;-36.854436;38.35;101768.48;4.197254;877552481
-6.373762;-36.738176;38.35;101767.06;4.3135148;877655098
-6.271456;-36.965412;38.34;101769.77;4.086277;877757404
-6.162709;-36.91785;38.35;101769.19;4.1338388;877866151
-6.060693;-36.91785;38.35;101769.19;4.1338388;877968167
-5.955624;-36.84387;38.34;101768.36;4.207821;878073236
-5.844140;-36.91785;38.35;101769.19;4.1338388;878184720
-5.714895;-36.854436;38.35;101768.48;4.197254;878313965
-5.603042;-36.6800436;38.35;101766.36;4.371643;878425818
-5.494273;-36.9812668;38.35;101770.0;4.070423;878534587
-5.391281;-36.9812668;38.35;101770.0;4.070423;878637579
-5.289260;-36.933704;38.36;101769.38;4.117985;878739600
-5.184870;-36.923132;38.35;101769.3;4.1285552;878843990
-5.080050;-36.975984;38.35;101769.89;4.0757064;878948810
-4.976652;-36.91785;38.35;101769.19;4.1338388;879052208
-4.758028;-36.991836;38.36;101770.08;4.0598524;879270832
-4.651875;-36.865004;38.35;101768.59;4.1866836;879376985
-4.549319;-36.865004;38.35;101768.59;4.1866836;879479541
-4.446338;-37.03411;38.35;101770.59;4.017578;879582522
-4.344356;-37.039396;38.35;101770.7;4.012295;879684504
-4.000766;-36.9812668;38.35;101770.0;4.070423;880028094
-3.899071;-36.796308;38.35;101767.77;4.2553824;880129789
-3.794812;-36.6800436;38.35;101766.36;4.371643;880234048
-3.688093;-36.632484;38.35;101765.77;4.4192048;880340767
-3.585624;-36.854436;38.35;101768.48;4.197254;880443236
-3.484228;-36.965412;38.34;101769.77;4.086277;880544632
-3.382388;-37.012972;38.34;101770.36;4.0387152;880646472
-3.280598;-36.780452;38.34;101767.55;4.2712364;880748262
-3.178994;-36.785736;38.34;101767.66;4.265953;880849866
-3.077163;-36.84387;38.34;101768.36;4.207821;880951697
-2.972658;-36.975984;38.35;101769.89;4.0757064;881056202
-2.868708;-36.90728;38.34;101769.06;4.144409;881160152
-2.752924;-36.90728;38.34;101769.06;4.144409;881275936
-2.641737;-36.780452;38.34;101767.55;4.2712364;881387123
-2.539318;-36.653624;38.33;101766.05;4.3980636;881489542
-2.437815;-36.722324;38.34;101766.84;4.329365;881591045
-2.335860;-36.722324;38.34;101766.84;4.329365;881693000
-2.229569;-36.738176;38.35;101767.06;4.3135148;881799291
-2.128099;-36.611348;38.34;101765.55;4.440342;881900761
-2.015368;-36.91785;38.35;101769.19;4.1338388;882013492
-1.913507;-36.923132;38.35;101769.3;4.1285552;882115353
-1.802196;-36.738176;38.35;101767.06;4.3135148;882226664
-1.688133;-36.748744;38.35;101767.18;4.302944;882340727
-1.583174;-36.865004;38.35;101768.59;4.1866836;882445686
-1.479371;-36.796308;38.35;101767.77;4.2553824;882549489
-1.376074;-36.6800436;38.35;101766.36;4.371643;882652786
-1.272049;-36.748744;38.35;101767.18;4.302944;882756811
-1.152953;-36.632484;38.35;101765.77;4.4192048;882875907
-1.049118;-36.82273;38.36;101768.08;4.228958;882979742
-0.933412;-36.88086;38.36;101768.79;4.17083;883095448
-0.825108;-36.81216;38.36;101767.97;4.2395288;883203752
-0.714806;-36.82273;38.36;101768.08;4.228958;883314054
-0.611052;-36.87029;38.36;101768.67;4.1814004;883417808
-0.507314;-36.938988;38.36;101769.49;4.1127016;883521546
-0.398474;-36.938988;38.36;101769.49;4.1127016;883630386
-0.297347;-36.88086;38.36;101768.79;4.17083;883731513
-0.169213;-36.82273;38.36;101768.08;4.228958;883859647
-0.066489;-36.88086;38.36;101768.79;4.17083;883962371
0.037299;-36.75403;38.36;101767.268;4.297661;884066159
0.148634;-37.05525;38.36;101770.91;3.996441;884177494
0.255250;-37.166224;38.36;101772.2;3.8854636;884284110
0.469497;-35.18452;38.36;101748.34;5.8671684;884498357
0.576170;-32.90688;38.36;101720.84;8.14481;884605030
0.686963;-28.8642;38.36;101672.192;12.187489;884715823
0.796604;-23.94957;38.36;101612.97;17.10212;884825464
0.912607;-16.028034;38.36;101517.68;25.023654;884941467
1.015413;-10.151616;38.35;101446.984;30.900074;885044273
1.124057;3.1865824;38.34;101286.74;44.23827;885152917
1.235615;8.024586;38.32;101228.64;49.076276;885264475
