t_s,altitude,temperature,pressure,elevation,uptime_us
-29.923715,-10.6325,38.3984,101453,1.88064,854105145
-29.800743,-10.5638,38.3958,101452,1.94934,854228117
-29.679885,-10.6008,38.3984,101452,1.91235,854348975
-29.550291,-10.6272,38.3958,101453,1.88592,854478569
-29.405981,-10.7223,38.4011,101454,1.7908,854622879
-29.292618,-10.5797,38.3904,101452,1.93348,854736242
-29.053754,-10.6219,38.3958,101453,1.89121,854975106
-28.935612,-10.5902,38.3931,101452,1.92292,855093248
-28.815829,-10.6484,38.3878,101453,1.86479,855213031
-28.692733,-10.5955,38.4011,101452,1.91763,855336127
-28.574657,-10.5268,38.3984,101452,1.98633,855454203
-28.435409,-10.5955,38.4011,101452,1.91763,855593451
-28.303850,-10.8175,38.4011,101455,1.69568,855725010
-28.185207,-10.939,38.3984,101456,1.57413,855843653
-27.935770,-10.7752,38.4064,101455,1.73796,856093090
-27.811275,-10.6325,38.3984,101453,1.88064,856217585
-27.687006,-10.6378,38.3984,101453,1.87535,856341854
-27.414550,-10.7541,38.4038,101454,1.75909,856614310
-27.293766,-10.4951,38.3958,101451,2.01804,856735094
-27.178267,-10.6167,38.4038,101453,1.89649,856850593
-27.060913,-10.4264,38.4038,101450,2.08674,856967947
-26.926343,-10.4898,38.4011,101451,2.02332,857102517
-26.802256,-10.6695,38.4091,101453,1.84365,857226604
-26.684239,-10.4581,38.4064,101451,2.05503,857344621
-26.565392,-10.5215,38.4038,101451,1.99161,857463468
-26.405695,-10.5268,38.4064,101452,1.98633,857623165
-26.283779,-10.6959,38.4011,101454,1.81722,857745081
-26.165286,-10.791,38.4091,101455,1.7221,857863574
-26.043886,-10.4951,38.4064,101451,2.01804,857984974
-25.913663,-10.7593,38.4091,101454,1.75381,858115197
-25.794753,-10.7646,38.4038,101454,1.74853,858234107
-25.679667,-10.6061,38.4145,101452,1.90706,858349193
-25.420496,-10.7752,38.4064,101454,1.73796,858608364
-25.295016,-10.7488,38.4118,101454,1.76438,858733844
-25.176566,-10.5004,38.4064,101451,2.01275,858852294
-25.060639,-10.5902,38.4038,101452,1.92292,858968221
-24.922823,-10.5321,38.4118,101452,1.98105,859106037
-24.808602,-10.6695,38.4091,101453,1.84365,859220258
-24.690197,-10.5321,38.4091,101452,1.98105,859338663
-24.568667,-10.6959,38.4118,101454,1.81722,859460193
-24.438805,-10.7382,38.4118,101454,1.77495,859590055
-24.311145,-10.6642,38.4091,101453,1.84893,859717715
-24.197539,-10.5532,38.4171,101452,1.95991,859831321
-23.931734,-10.548,38.4118,101452,1.96519,860097126
-23.812663,-10.6695,38.4091,101453,1.84365,860216197
-23.689422,-10.5057,38.4198,101451,2.00747,860339438
-23.572497,-10.6378,38.4118,101453,1.87535,860456363
-23.438295,-10.5797,38.4145,101452,1.93348,860590565
-23.310930,-10.6167,38.4171,101453,1.89649,860717930
-23.188805,-10.5163,38.4145,101451,1.9969,860840055
-22.941525,-10.865,38.4171,101456,1.64812,861087335
-22.703740,-10.7276,38.4171,101454,1.78552,861325120
-22.577434,-10.6061,38.4145,101452,1.90706,861451426
-22.427730,-10.6484,38.4198,101453,1.86479,861601130
-22.302659,-10.7276,38.4198,101454,1.78552,861726201
-22.183749,-10.548,38.4171,101452,1.96519,861845111
-22.067618,-10.5638,38.4171,101452,1.94934,861961242
-21.923794,-10.6959,38.4171,101454,1.81722,862105066
-21.799967,-10.7858,38.4198,101455,1.72739,862228893
-21.684509,-10.6642,38.4225,101453,1.84893,862344351
-21.428524,-10.7276,38.4171,101454,1.78552,862600336
-21.306482,-10.6748,38.4145,101453,1.83836,862722378
-21.183764,-10.6219,38.4198,101453,1.89121,862845096
-21.068271,-10.6219,38.4198,101453,1.89121,862960589
-20.948704,-10.6642,38.4251,101453,1.84893,863080156
-20.812849,-10.7699,38.4251,101454,1.74324,863216011
-20.694558,-10.791,38.4225,101455,1.7221,863334302
-20.566988,-10.8386,38.4145,101455,1.67454,863461872
-20.420891,-10.7541,38.4251,101454,1.75909,863607969
-20.300888,-10.791,38.4225,101455,1.7221,863727972
-20.186763,-10.6695,38.4251,101453,1.84365,863842097
-20.064895,-10.7329,38.4251,101454,1.78023,863963965
-19.947550,-10.7065,38.4198,101454,1.80666,864081310
-19.816359,-10.6748,38.4251,101453,1.83836,864212501
-19.699383,-10.7171,38.4145,101454,1.79609,864329477
-19.581735,-11.013,38.4225,101457,1.50015,864447125
-19.467512,-10.5849,38.4278,101452,1.9282,864561348
-19.334616,-10.5321,38.4225,101452,1.98105,864694244
-19.210796,-10.8333,38.4225,101455,1.67983,864818064
-19.085719,-10.6008,38.4278,101452,1.91235,864943141
-18.953818,-10.6431,38.4358,101453,1.87007,865075042
-18.826132,-10.791,38.4251,101455,1.7221,865202728
-18.693739,-10.5268,38.4278,101452,1.98633,865335121
-18.574340,-10.6695,38.4305,101453,1.84365,865454520
-18.442719,-10.6695,38.4251,101453,1.84365,865586141
-18.318171,-10.6536,38.4358,101453,1.8595,865710689
-18.175843,-10.511,38.4251,101451,2.00218,865853017
-18.060904,-10.7963,38.4305,101455,1.71682,865967956
-17.934495,-10.6272,38.4331,101453,1.88592,866094365
-17.786452,-10.5215,38.4305,101451,1.99161,866242408
-17.669652,-10.7963,38.4358,101455,1.71682,866359208
-17.551859,-10.6695,38.4358,101453,1.84365,866477001
-17.431707,-10.6272,38.4358,101453,1.88592,866597153
-17.280596,-10.6325,38.4385,101453,1.88064,866748264
-17.153799,-10.5955,38.4358,101452,1.91763,866875061
-17.039809,-10.7435,38.4358,101454,1.76966,866989051
-16.920584,-10.5321,38.4278,101452,1.98105,867108276
-16.765329,-10.6219,38.4305,101453,1.89121,867263531
-16.636504,-10.6219,38.4305,101453,1.89121,867392356
-16.505260,-10.6219,38.4358,101453,1.89121,867523600
-16.377740,-10.5744,38.4305,101452,1.93877,867651120
-16.242204,-10.6167,38.4385,101453,1.89649,867786656
-16.115911,-10.5427,38.4385,101452,1.97048,867912949
-15.993504,-10.6167,38.4331,101453,1.89649,868035356
-15.876759,-10.5427,38.4385,101452,1.97048,868152101
-15.730456,-10.6589,38.4385,101453,1.85422,868298404
-15.613738,-10.5532,38.4358,101452,1.95991,868415122
-15.500832,-10.6695,38.4305,101453,1.84365,868528028
-15.379211,-10.6748,38.4385,101453,1.83836,868649649
-15.265018,-10.7223,38.4438,101454,1.7908,868763842
-15.017303,-10.865,38.4385,101456,1.64812,869011557
-14.892610,-10.6008,38.4412,101452,1.91235,869136250
-14.776007,-10.6378,38.4385,101453,1.87535,869252853
-14.653461,-10.511,38.4358,101451,2.00218,869375399
-14.517289,-10.8175,38.4465,101455,1.69568,869511571
-14.399031,-10.4211,38.4358,101450,2.09202,869629829
-14.022303,-10.7382,38.4465,101454,1.77495,870006557
-13.894236,-10.5268,38.4385,101452,1.98633,870134624
-13.759609,-10.4951,38.4385,101451,2.01804,870269251
-13.512356,-10.5691,38.4438,101452,1.94405,870516504
-13.396530,-10.5638,38.4465,101452,1.94934,870632330
-13.259158,-10.4634,38.4438,101451,2.04974,870769702
-13.021142,-10.2996,38.4492,101449,2.21357,871007718
-12.905514,-10.5321,38.4358,101452,1.98105,871123346
-12.758291,-10.5004,38.4412,101451,2.01275,871270569
-12.641254,-10.4581,38.4385,101451,2.05503,871387606
-12.516878,-10.5057,38.4385,101451,2.00747,871511982
-12.390974,-10.7012,38.4385,101454,1.81194,871637886
-12.242234,-10.6061,38.4412,101452,1.90706,871786626
-12.120355,-10.4581,38.4385,101451,2.05503,871908505
-11.882043,-10.5902,38.4385,101452,1.92292,872146817
-11.733639,-10.5215,38.4438,101451,1.99161,872295221
-11.613799,-10.5057,38.4438,101451,2.00747,872415061
-11.493894,-10.7593,38.4438,101454,1.75381,872534966
-11.368310,-10.5163,38.4518,101451,1.9969,872660550
-11.223168,-10.3947,38.4465,101450,2.11844,872805692
-11.106093,-10.5215,38.4518,101451,1.99161,872922767
-10.992159,-10.5955,38.4465,101452,1.91763,873036701
-10.871711,-10.4423,38.4492,101450,2.07088,873157149
-10.729281,-10.4264,38.4545,101450,2.08674,873299579
-10.482671,-10.5004,38.4412,101451,2.01275,873546189
-10.227215,-10.5797,38.4412,101452,1.93348,873801645
-9.990892,-10.3841,38.4492,101450,2.12901,874037968
-9.873558,-10.4106,38.4625,101450,2.10259,874155302
-9.722801,-10.4845,38.4465,101451,2.02861,874306059
-9.595362,-10.6061,38.4438,101452,1.90706,874433498
-9.478407,-10.4898,38.4492,101451,2.02332,874550453
-9.365195,-10.5163,38.4465,101451,1.9969,874663665
-9.237559,-10.4845,3844,101451,2.02861,874791301
-9.117465,-10.4634,38.4492,101451,2.04974,874911395
-8.991120,-10.3577,38.4518,101449,2.15544,875037740
-8.869092,-10.6008,38.4518,101452,1.91235,875159768
-8.732671,-10.5638,38.4518,101452,1.94934,875296189
-8.607404,-10.4158,38.4545,101450,2.09731,875421456
-8.482481,-10.5849,38.4492,101452,1.9282,875546379
-8.366195,-10.5585,38.4599,101452,1.95462,875662665
-8.231421,-10.6748,38.4545,101453,1.83836,875797439
-7.987306,-10.6906,38.4599,101453,1.82251,876041554
-7.746594,-10.5585,38.4492,101452,1.95462,876282266
-7.619361,-10.6484,38.4599,101453,1.86479,876409499
-7.496403,-10.7382,38.4572,101454,1.77495,876532457
-7.373227,-10.5374,38.4572,101452,1.97576,876655633
-7.225848,-10.6167,38.4545,101453,1.89649,876803012
-7.111585,-10.5585,38.4545,101452,1.95462,876917275
-6.991648,-10.7382,38.4545,101454,1.77495,877037212
-6.878131,-10.6219,38.4599,101453,1.89121,877150729
-6.758040,-10.5374,38.4625,101452,1.97576,877270820
-6.640226,-10.5163,38.4572,101451,1.9969,877388634
-6.517071,-10.3683,38.4599,101450,2.14487,877511789
-6.391221,-10.5374,38.4625,101452,1.97576,877637639
-6.273335,-10.4423,38.4599,101450,2.07088,877755525
-6.149089,-10.5691,38.4599,101452,1.94405,877879771
-6.028331,-10.4898,38.4599,101451,2.02332,878000529
-5.781063,-10.5321,38.4599,101452,1.98105,878247797
-5.661333,-10.5532,38.4625,101452,1.95991,878367527
-5.542288,-10.3313,38.4599,101449,2.18186,878486572
-5.424747,-10.4898,38.4572,101451,2.02332,878604113
-5.311335,-10.4528,38.4599,101451,2.06031,878717525
-5.188680,-10.6061,38.4599,101452,1.90706,878840180
-5.071667,-10.6536,38.4625,101453,1.8595,878957193
-4.953901,-10.4951,38.4545,101451,2.01804,879074959
-4.828787,-10.6431,38.4625,101453,1.87007,879200073
-4.688669,-10.4951,38.4599,101451,2.01804,879340191
-4.572852,-10.4687,38.4599,101451,2.04446,879456008
-4.453024,-10.6536,38.4599,101453,1.8595,879575836
-4.191426,-10.4476,38.4599,101451,2.0656,879837434
-4.076029,-10.5585,38.4599,101452,1.95462,879952831
-3.956810,-10.6906,38.4625,101453,1.82251,880072050
-3.822432,-10.4898,38.4652,101451,2.02332,880206428
-3.695024,-10.6008,38.4652,101452,1.91235,880333836
-3.578783,-10.4951,38.4625,101451,2.01804,880450077
-3.461280,-10.3419,38.4679,101449,2.17129,880567580
-3.344539,-10.5585,38.4625,101452,1.95462,880684321
-3.220294,-10.5955,38.4679,101452,1.91763,880808566
-3.097419,-10.6484,38.4652,101453,1.86479,880931441
-2.980623,-10.6642,38.4732,101453,1.84893,881048237
-2.864856,-10.6959,38.4705,101454,1.81722,881164004
-2.730627,-10.474,38.4679,101451,2.03918,881298233
-2.616850,-10.3841,38.4652,101450,2.12901,881412010
-2.498177,-10.6906,38.4705,101454,1.82251,881530683
-2.366379,-10.6219,38.4625,101453,1.89121,881662481
-2.240942,-10.6748,38.4732,101453,1.83836,881787918
-2.113789,-10.4634,38.4652,101451,2.04974,881915071
-1.998934,-10.4687,38.4679,101451,2.04446,882029926
-1.883620,-10.5955,38.4705,101452,1.91763,882145240
-1.767523,-10.5374,38.4732,101452,1.97576,882261337
-1.643754,-10.3894,38.4732,101450,2.12373,882385106
-1.528801,-10.2626,38.4679,101448,2.25056,882500059
-1.410891,-10.5744,38.4759,101452,1.93877,882617969
-1.296096,-10.4,38.4705,101450,2.11316,882732764
-1.151129,-10.4317,38.4652,101450,2.08145,882877731
-1.033559,-10.6325,38.4679,101453,1.88064,882995301
-0.909142,-10.7382,38.4679,101454,1.77495,883119718
-0.786936,-10.4053,38.4679,101450,2.10787,883241924
-0.631363,-10.5163,38.4679,101451,1.9969,883397497
-0.511775,-10.6748,38.4652,101453,1.83836,883517085
-0.391530,-10.4053,38.4705,101450,2.10787,883637330
-0.275310,-10.5638,38.4625,101452,1.94934,883753550
-0.146089,-10.4528,38.4732,101451,2.06031,883882771
-0.029879,-10.2837,38.4679,101449,2.22942,883998981
0.089576,-10.8069,38.4679,101455,1.70625,884118436
0.238804,-10.8809,38.4732,101456,1.63227,884267664
0.362187,-9.87153,38.4759,101444,2.64161,884391047
0.497843,-7.92682,38.4732,101420,4.58633,884526703
0.621980,-3.4191,38.4759,101366,9.09405,884650840
0.749333,1.80467,38.4812,101303,14.3178,884778193
0.981346,15.1482,38.4812,101143,27.6613,885010206
1.102832,32.1618,38.4732,100939,44.6749,885131692
1.229230,34.2227,38.4812,100915,46.7359,885258090
