t_s,temp,mem_free,load,oom_s,land_s,leak_kbps,rescues,rescue_ms,uptime_us
-29.627811,42,3.25492e+07,58,,,0,0,0,854401049
-28.623917,42,3.25512e+07,15,,,0,0,0,855404943
-27.618883,42,3.25475e+07,22,,187,0,0,0,856409977
-26.612922,42,3.25516e+07,28,,,0,0,0,857415938
-25.600997,41,3.25495e+07,21,,63,0,0,0,858427863
-24.596411,42,3.2554e+07,54,,,0,0,0,859432449
-23.592900,41,3.25502e+07,23,,,0,0,0,860435960
-22.582879,41,3.25447e+07,57,,35,0,0,0,861445981
-21.577995,42,3.25448e+07,46,,,0,0,0,862450865
-19.562497,42,3.25647e+07,50,,21,0,0,0,864466363
-18.557459,42,3.25693e+07,19,,,0,0,0,865471401
-17.553877,42,3.25754e+07,12,,57,0,0,0,866474983
-16.547938,41,3.25896e+07,48,,,0,0,0,867480922
-15.543982,42,3.259e+07,13,,,0,0,0,868484878
-14.530967,41,3.25791e+07,40,,,0,0,0,869497893
-13.518153,42,3.25825e+07,43,,95,0,0,0,870510707
-12.511530,42,3.25784e+07,53,,,0,0,0,871517330
-10.493757,42,3.25868e+07,54,,,0,0,0,873535103
-9.488057,42,3.25835e+07,23,,190,0,0,0,874540803
-8.483967,42,3.25739e+07,0,,,0,0,0,875544893
-7.477008,42,3.25626e+07,8,,22,0,0,0,876551852
-5.465701,42,3.25773e+07,26,,,0,0,0,878563159
-4.461915,42,3.25865e+07,36,,68,0,0,0,879566945
-3.456480,42,3.25762e+07,32,,,0,0,0,880572380
-2.452915,42,3.25849e+07,35,,22,0,0,0,881575945
-0.435592,41,3.25909e+07,59,,1.764,0.294,0,1,883593268
0.570741,42,3.25608e+07,22,,,0,0,0,884599601
