t_s,heading,roll,pitch,ax,ay,az,uptime_us
-29.963547,334,7556,17100,0.948336,-0.0326309,-0.247791,854065313
-29.927627,334,7556,17100,0.952415,-0.0346704,-0.246771,854101233
-29.906176,334,7556,17100,0.952415,-0.0428281,-0.246771,854122684
-29.884184,334,7556,17100,0.949356,-0.0438478,-0.24983,854144676
-29.857262,334,7556,17106,0.950376,-0.0469069,-0.243712,854171598
-29.827465,334,7556,17112,0.951395,-0.0367098,-0.248811,854201395
-29.796990,333.938,7562,17112,0.952415,-0.0275323,-0.248811,854231870
-29.775108,333.938,7562,17112,0.951395,-0.0275323,-0.25187,854253752
-29.753218,333.938,7562,17112,0.953435,-0.0367098,-0.246771,854275642
-29.727101,333.938,7562,17112,0.950376,-0.0458872,-0.246771,854301759
-29.696831,333.938,7562,17112,0.952415,-0.0448675,-0.241673,854332029
-29.672363,333.938,7562,17112,0.949356,-0.0316112,-0.253909,854356497
-29.636577,333.938,7562,17112,0.952415,-0.0244732,-0.257988,854392283
-29.603185,333.938,7562,17106,0.950376,-0.0387492,-0.25085,854425675
-29.576297,334,7562,17100,0.952415,-0.0407887,-0.242692,854452563
-29.545767,334,7562,17100,0.953435,-0.0458872,-0.246771,854483093
-29.515782,334,7562,17100,0.952415,-0.0377295,-0.248811,854513078
-29.486119,334,7562,17100,0.951395,-0.0275323,-0.257988,854542741
-29.441465,334.062,7562,17093,0.950376,-0.0295718,-0.242692,854587395
-29.415000,334.062,7562,17087,0.952415,-0.0571041,-0.233515,854613860
-29.392664,334.062,7562,17087,0.951395,-0.0520055,-0.244732,854636196
-29.366523,334.062,7562,17093,0.948336,-0.0367098,-0.255949,854662337
-29.336769,334,7562,17100,0.951395,-0.0224338,-0.25187,854692091
-29.310725,334,7562,17100,0.953435,-0.0285521,-0.246771,854718135
-29.284973,334.062,7562,17106,0.952415,-0.0377295,-0.234535,854743887
-29.261757,334.062,7562,17106,0.951395,-0.0489464,-0.246771,854767103
-29.234798,334,7562,17112,0.948336,-0.0520055,-0.254929,854794062
-29.213386,334,7562,17118,0.954454,-0.0265126,-0.25085,854815474
-29.184755,334,7562,17125,0.951395,-0.0173352,-0.25085,854844105
-29.163018,334,7562,17131,0.954454,-0.0183549,-0.24983,854865842
-29.138315,334,7562,17131,0.949356,-0.0285521,-0.25289,854890545
-29.113823,334.062,7562,17118,0.951395,-0.0448675,-0.247791,854915037
-29.092062,334.062,7556,17118,0.949356,-0.0499661,-0.253909,854936798
-29.069993,334.062,7556,17118,0.950376,-0.0479267,-0.25085,854958867
-29.043761,334,7556,17118,0.950376,-0.0295718,-0.243712,854985099
-29.020942,334.062,7556,17118,0.954454,-0.021414,-0.246771,855007918
-28.990577,334.062,7556,,207,187,3943,855038283
-28.956231,334.125,7556,17106,0.947316,-0.0479267,-0.25289,855072629
-28.931702,334.125,7556,17100,0.950376,-0.0550647,-0.240653,855097158
-28.906486,334.125,7556,17100,0.952415,-0.0469,3939,855122374
-28.871622,334.062,7556,17106,0.950376,-0.0326309,-0.24983,855157238
-28.849689,334.062,7556,17106,0.951395,-0.0254929,-0.253909,855179171
-28.823169,334.062,7556,17106,0.951395,-0.0285521,-0.25289,855205691
-28.798913,334.125,7556,17112,0.951395,-0.0479267,-0.241673,855229947
-28.748136,334.062,7556,17112,0.950376,-0.0448675,-0.246771,855280724
-28.711878,334,7550,17125,0.952415,-0.0234535,-0.254929,855316982
-28.689243,334,7550,17131,0.949356,-0.0224338,-0.263087,855339617
-28.665523,334.062,7550,17131,0.951395,-0.0265126,-0.253909,855363337
-28.642053,334.062,7550,17131,0.951395,-0.0397689,-0.237594,855386807
-28.617946,334.062,7550,17125,0.950376,-0.0489464,-0.244732,855410914
-28.591670,334.062,7550,17125,0.951395,-0.0428281,-0.254929,855437190
-28.548194,334.062,7550,17131,0.951395,-0.0173352,-0.255949,855480666
-28.511023,334.125,7550,17125,0.954454,-0.0295718,-0.246771,855517837
-28.457381,334.125,7550,17112,0.949356,-0.0520055,-0.24983,855571479
-28.430768,334.125,7550,17106,0.947316,-0.0448675,-0.255949,855598092
-28.399878,334.125,7550,17112,0.953435,-0.0224338,-0.247791,855628982
-28.377273,334.125,7550,17112,0.955474,-0.0275323,-0.237594,855651587
-28.348666,334.188,7550,17112,0.952415,-0.0479267,-0.235554,855680194
-28.320375,334.188,7550,17106,0.950376,-0.0530252,-0.247791,855708485
-28.297516,334.125,7550,17106,0.949356,-0.0458872,-0.255949,855731344
-28.270321,334.125,7550,17118,0.949356,-0.0367098,-0.257988,855758539
-28.246414,334.125,7550,17125,0.956494,-0.0183549,-0.238614,855782446
-28.219797,334.125,7550,17125,0.954454,-0.0254929,-0.239633,855809063
-28.197504,334.125,7550,17125,0.950376,-0.0448675,-0.25289,855831356
-28.159977,334.125,7550,17125,0.949356,-0.0509858,-0.257988,855868883
-28.129551,334.125,7543,17131,0.950376,-0.0387492,-0.24983,855899309
-28.099392,334.062,7543,17137,0.954454,-0.0193746,-0.242692,855929468
-28.076346,334.125,7543,17137,0.952415,-0.0265126,-0.25085,855952514
-28.055366,334.125,7543,17137,0.948336,-0.0367098,-0.25289,855973494
-28.034139,334.125,7543,17131,0.950376,-0.0479267,-0.254929,855994721
-28.008621,334.125,7543,17125,0.948336,-0.0489464,-0.25289,856020239
-27.966041,334.125,7543,17125,0.953435,-0.0305915,-0.241673,856062819
-27.938852,334.188,7543,17125,0.951395,-0.0254929,-0.241673,856090008
-27.915317,334.188,7543,17125,0.951395,-0.0356901,-0.254929,856113543
-27.888589,334.188,7543,17118,0.949356,-0.0428281,-0.25289,856140271
-27.858033,334.25,7543,17118,0.951395,-0.0489464,-0.243712,856170827
-27.828397,334.188,7543,17112,0.952415,-0.0407887,-0.237594,856200463
-27.807188,334.188,7543,17118,0.952415,-0.0316112,-0.243712,856221672
-27.784578,334.188,7543,17118,0.951395,-0.0265126,-0.25289,856244282
-27.757822,334.188,7543,17125,0.948336,-0.0336506,-0.257988,856271038
-27.727970,334.188,7543,17125,0.951395,-0.0397689,-0.25187,856300890
-27.699480,334.188,7543,17125,0.951395,-0.0448675,-0.236574,856329380
-27.676556,334.188,7543,17125,0.951395,-0.0387492,-0.25085,856352304
-27.655177,334.188,7543,17125,0.951395,-0.0336506,-0.256968,856373683
-27.627644,334.188,7543,17125,0.951395,-0.0285521,-0.255949,856401216
-27.603225,334.188,7543,17125,0.950376,-0.0326309,-0.25187,856425635
-27.577456,334.188,7543,17125,0.950376,-0.0356901,-0.25085,856451404
-27.556347,334.188,7543,17118,0.951395,-0.0438478,-0.242692,856472513
-27.526649,334.188,7543,17125,0.952415,-0.0428281,-0.244732,856502211
-27.499911,334.188,7543,17125,0.951395,-0.0377295,-0.253909,856528949
-27.438863,334.25,7543,17118,0.952415,-0.0336506,-0.244732,856589997
-27.416155,334.25,7543,17112,0.951395,-0.0407887,-0.244732,856612705
-27.393711,334.25,7543,17112,0.952415,-0.0489464,-0.236574,856635149
-27.366544,334.312,7543,17112,0.951395,-0.0499661,-0.245752,856662316
-27.345169,334.25,7543,17112,0.950376,-0.0397689,-0.24983,856683691
-27.315956,334.25,7543,17112,0.951395,-0.0295718,-0.255949,856712904
-27.285901,334.25,7543,17112,0.952415,-0.0316112,-0.242692,856742959
-27.264205,334.25,7543,17112,0.952415,-0.0458872,-0.242692,856764655
-27.235896,334.25,7543,17112,0.949356,-0.0520055,-0.241673,856792964
-27.184197,334.188,7543,17131,0.950376,-0.0305915,-0.257988,856844663
-27.151737,334.188,7543,17137,0.953435,-0.021414,-0.25187,856877123
-27.125206,334.188,7543,17137,0.952415,-0.0265126,-0.247791,856903654
-27.098502,334.188,7543,17137,0.951395,-0.0428281,-0.248811,856930358
-27.074843,334.188,7543,17137,0.953435,-0.0469069,-0.24983,856954017
-27.052604,334.188,7543,17137,0.948336,-0.0377295,-0.25289,856976256
-27.021747,334.188,7543,17137,0.952415,-0.0254929,-0.254929,857007113
-26.999136,334.188,7543,17137,0.951395,-0.0193746,-0.247791,857029724
-26.974601,334.25,7543,17131,0.953435,-0.0244732,-0.243712,857054259
-26.882083,334.312,7543,17112,0.952415,-0.0418084,-0.243712,857146777
-26.853997,334.312,7543,17112,0.954454,-0.0316112,-0.236574,857174863
-26.831993,334.312,7543,17112,0.953435,-0.0305915,-0.238614,857196867
-26.799260,334.312,7543,17112,0.950376,-0.0418084,-0.24983,857229600
-26.773879,334.312,7543,17118,0.950376,-0.0499661,-0.24983,857254981
-26.746758,334.312,7543,17118,0.948336,-0.0489464,-0.246771,857282102
-26.717832,334.312,7543,17125,0.951395,-0.0387492,-0.247791,857311028
-26.696081,334.312,7543,17131,0.953435,-0.0285521,-0.238614,857332779
-26.673028,334.25,7543,17137,0.953435,-0.0265126,-0.244732,857355832
-26.649754,334.25,7543,17137,0.948336,-0.0326309,-0.254929,857379106
-26.622864,334.25,7543,17137,0.948336,-0.0377295,-0.253909,857405996
-26.601308,334.25,7543,17137,0.951395,-0.0387492,-0.24983,857427552
-26.573085,334.25,7543,17137,0.952415,-0.0346704,-0.245752,857455775
-26.550461,334.25,7543,17137,0.951395,-0.0275323,-0.245752,857478399
-26.529361,334.25,7543,17137,0.952415,-0.0254929,-0.248811,857499499
-26.450433,334.312,7543,17118,0.953435,-0.0397689,-0.244732,857578427
-26.389030,334.375,7543,17112,0.952415,-0.0407887,-0.240653,857639830
-26.362026,334.375,7543,17112,0.948336,-0.0367098,-0.248811,857666834
-26.339633,334.375,7543,17112,0.952415,-0.0377295,-0.24983,857689227
-26.310392,334.375,7543,17112,0.951395,-0.0418084,-0.242692,857718468
-26.280086,334.375,7543,17112,0.950376,-0.0479267,-0.238614,857748774
-26.250917,334.375,7543,17118,0.951395,-0.0469069,-0.244732,857777943
-26.229288,334.312,7543,17125,0.950376,-0.0387492,-0.25289,857799572
-26.199115,334.312,7543,17131,0.949356,-0.0336506,-0.245752,857829745
-26.149181,334.312,7543,17143,0.949356,-0.0316112,-0.25085,857879679
-26.120123,334.312,7543,17143,0.950376,-0.0336506,-0.25289,857908737
-26.088943,334.25,7543,17137,0.951395,-0.0305915,-0.25289,857939917
-26.060651,334.25,7543,17137,0.952415,-0.0305915,-0.246771,857968209
-26.037418,334.312,7543,17813,0.294,-0.049,1,857991442
-25.999791,334.312,7543,17143,0.950376,-0.0316112,-0.247791,858029069
-25.977210,334.312,7543,17137,0.950376,-0.0377295,-0.254929,858051650
-25.943844,334.375,7543,17131,0.951395,-0.0387492,-0.246771,858085016
-25.909119,334.375,7543,17131,0.954454,-0.0356901,-0.240653,858119741
-25.886659,334.375,7543,17131,0.951395,-0.0387492,-0.241673,858142201
-25.859720,334.375,7543,17125,0.952415,-0.0407887,-0.24983,858169140
-25.786811,334.375,7543,17125,0.954454,-0.0418084,-0.239633,858242049
-25.759417,334.375,7543,17125,0.953435,-0.0387492,-0.237594,858269443
-25.728914,334.375,7543,17131,0.951395,-0.0367098,-0.247791,858299946
-25.706499,334.375,7543,17125,0.949356,-0.0367098,-0.254929,858322361
-25.685021,334.375,7543,17125,0.952415,-0.0367098,-0.25289,858343839
-25.658928,334.312,7543,17125,0.951395,-0.0377295,-0.246771,858369932
-25.628396,334.312,7543,17125,0.952415,-0.0356901,-0.243712,858400464
-25.596772,334.312,7543,17125,0.951395,-0.0305915,-0.254929,858432088
-25.574754,334.312,7543,17125,0.949356,-0.0316112,-0.255949,858454106
-25.543295,334.312,7543,17125,0.949356,-0.0316112,-0.25085,858485565
-25.517610,334.312,7543,17125,0.951395,-0.0326309,-0.244732,858511250
-25.487845,334.312,7543,17125,0.952415,-0.0377295,-0.243712,858541015
-25.435855,334.375,7543,17112,0.949356,-0.0346704,-0.25187,858593005
-25.407649,334.375,7543,17112,0.950376,-0.0377295,-0.25187,858621211
-25.386192,334.375,7543,17112,0.950376,-0.0377295,-0.243712,858642668
-25.351968,334.438,7543,17106,0.952415,-0.0407887,-0.242692,858676892
-25.327077,334.438,7543,17106,0.951395,-0.0418084,-0.243712,858701783
-25.296879,334.438,7543,17106,0.952415,-0.0428281,-0.24983,858731981
-25.273145,334.438,7543,17106,0.952415,-0.0407887,-0.243712,858755715
-25.246738,334.438,7543,17106,0.951395,-0.0397689,-0.246771,858782122
-25.216529,334.438,7543,17112,0.951395,-0.0367098,-0.241673,858812331
-25.190723,334.438,7543,17112,0.951395,-0.0367098,-0.25187,858838137
-25.166326,334.438,7543,17112,0.950376,-0.0377295,-0.25187,858862534
-25.140449,334.375,7543,17112,0.950376,-0.0316112,-0.25187,858888411
-25.115989,334.375,7543,17112,0.954454,-0.0326309,-0.244732,858912871
-25.091226,334.375,7543,17112,0.953435,-0.0326309,-0.244732,858937634
-25.065817,334.375,7543,17112,0.952415,-0.0316112,-0.246771,858963043
-25.044015,334.375,7543,17112,0.951395,-0.0305915,-0.25289,858984845
-25.006033,334.375,7543,17112,0.950376,-56,-0.253909,859022827
-24.981025,334.438,7543,17106,0.952415,-0.0346704,-0.245752,859047835
-24.955502,334.438,7543,17100,0.952415,-0.0387492,-0.244732,859073358
-24.914990,334.438,7543,17093,0.952415,-0.0418084,-0.243712,859113870
-24.890779,334.438,7543,17087,0.953435,-0.0377295,-0.246771,859138081
-24.865162,334.5,7543,17081,0.952415,-0.0377295,-0.247791,859163698
-24.841228,334.5,7543,17081,0.951395,-0.0438478,-0.246771,859187632
-24.815047,334.5,7543,17081,0.951395,-0.0438478,-0.242692,859213813
-24.792603,334.5,7543,17081,0.951395,-0.0438478,-0.238614,859236257
-24.770822,334.5,7543,17081,0.952415,-0.0407887,-0.239633,859258038
-24.740875,334.5,7543,17087,0.950376,-0.0377295,-0.247791,859287985
-24.714767,334.5,7543,17087,0.950376,-0.0377295,-0.248811,859314093
-24.691578,334.5,7543,17093,0.953435,-0.0346704,-0.245752,859337282
-24.665378,334.438,7543,17100,0.952415,-0.0356901,-0.245752,859363482
-24.640718,334.438,7543,17106,0.951395,-0.0336506,-0.24983,859388142
-24.612136,334.438,7543,17106,0.954454,-0.0326309,-0.253909,859416724
-24.583756,334.375,7543,17106,0.950376,-0.0316112,-0.25289,859445104
-24.562297,334.375,7543,17106,0.953435,-0.0295718,-0.24983,859466563
-24.540105,334.438,7543,17106,0.951395,-0.0285521,-0.240653,859488755
-24.509710,334.438,7543,17106,0.949356,-0.0326309,-0.25289,859519150
-24.473931,334.438,7543,17100,0.949356,-0.0367098,-0.263087,859554929
-24.440676,334.438,7543,17093,0.952415,-0.0377295,-0.247791,859588184
-24.402807,334.5,7550,17087,0.954454,-0.0316112,-0.233515,859626053
-24.380160,334.5,7550,17081,0.952415,-0.0418084,-0.245752,859648700
-24.352685,334.5,7550,17075,0.949356,-0.0469069,-0.257988,859676175
-24.328878,334.562,7550,17075,0.949356,-0.0479267,-0.260028,859699982
-24.302727,334.562,7550,17075,0.951395,-0.0418084,-0.246771,859726133
-24.281313,334.562,7550,17075,0.953435,-0.0407887,-0.228416,859747547
-24.254427,334.562,7550,17075,0.955474,-0.0367098,-0.231476,859774433
-24.231173,334.562,7543,17081,0.950376,-0.0397689,-0.253909,859797687
-24.208572,334.562,7543,17081,0.947316,-0.0407887,-0.262067,859820288
-24.185798,334.562,7543,17087,0.950376,-0.0377295,-0.253909,859843062
-24.151460,334.562,7543,17093,0.954454,-0.0346704,-0.233515,859877400
-24.127634,334.562,7543,17100,0.953435,-0.0356901,-0.232495,859901226
-24.101421,334.5,7543,17106,0.952415,-0.0326309,-0.246771,859927439
-24.071094,334.5,7543,17106,0.949356,-0.0316112,-0.267166,859957766
-24.049122,334.5,7543,17106,0.951395,-0.0285521,-0.261047,859979738
-24.021471,334.5,7543,17106,0.953435,-0.0295718,-0.243712,860007389
-24.000228,334.5,7543,17100,0.954454,-0.0326309,-0.237594,860028632
-23.978234,334.5,7543,17100,0.952415,-0.0346704,-0.244732,860050626
-23.940439,334.5,7543,17093,0.946297,-0.0377295,-0.267166,860088421
-23.918172,334.562,7543,17087,0.950376,-0.0367098,-0.255949,860110688
-23.891877,334.562,7543,17087,0.952415,-0.0377295,-0.245752,860136983
-23.848328,334.625,7543,17075,0.952415,-0.0407887,-0.243712,860180532
-23.820490,334.625,7543,17075,0.949356,-0.0448675,-0.253909,860208370
-23.789398,334.625,7543,17081,0.950376,-0.0428281,-0.253909,860239462
-23.759863,334.625,7550,17075,0.952415,-0.0418084,-0.237594,860268997
-23.738139,334.625,7550,17075,0.953435,-0.0377295,-0.226377,860290721
-23.709394,334.625,7543,17075,0.951395,-0.0387492,-0.245752,860319466
-23.684863,334.625,7543,17075,0.951395,-0.0397689,-0.259008,860343997
-23.659266,334.562,7543,17081,0.950376,-0.0356901,-0.256968,860369594
-23.637155,334.562,7543,1,0.951395,-0.0326309,-0.244732,860391705
-23.609212,334.562,7543,17081,0.953435,-0.0326309,-0.237594,860419648
-23.583179,334.5,7543,17081,0.952415,-0.0316112,-0.243712,860445681
-23.559154,334.5,7543,17081,0.948336,-0.0346704,-0.256968,860469706
-23.515340,334.5,7543,17081,0.949356,-0.0295718,-0.253909,860513520
-23.489024,334.5,7543,17081,0.951395,-0.0295718,-0.246771,860539836
-23.418169,334.562,7537,17068,0.950376,-0.0387492,-0.259008,860610691
-23.396318,334.562,7543,17068,0.948336,-0.0367098,-0.256968,860632542
-23.374097,334.625,7543,17062,0.951395,-0.0397689,-0.244732,860654763
-23.348212,334.625,7543,17068,0.953435,-0.0367098,-0.240653,860680648
-23.318101,334.688,7543,17068,0.952415,-0.0397689,-0.237594,860710759
-23.295473,334.688,7543,17068,0.951395,-0.0448675,-0.25289,860733387
-23.268138,334.688,7543,17068,0.950376,-0.0438478,-0.254929,860760722
-23.214017,334.688,7543,17075,0.953435,-0.0367098,-0.233515,860814843
-23.185731,334.688,7543,17075,0.954454,-0.0336506,-0.236574,860843129
-23.157561,334.625,7543,17075,0.951395,-0.0367098,-0.247791,860871299
-23.127310,334.625,7543,17068,0.950376,-0.0367098,-0.256968,860901550
-23.105230,334.625,7543,,42,84,3943,860923630
-23.082349,334.625,7543,17075,0.952415,-0.0316112,-0.238614,860946511
-23.057233,334.562,7543,17075,0.952415,-0.0346704,-0.245752,860971627
-23.035189,334.562,7537,17075,0.951395,-0.0305915,-0.256968,860993671
-22.976637,334.562,7537,17075,0.950376,-0.0305915,-0.25289,861052223
-22.935873,334.625,7543,17075,0.954454,-0.0387492,-0.235554,861092987
-22.913243,334.625,7543,17068,0.950376,-0.0387492,-0.248811,861115617
-22.886274,334.625,7543,17068,0.947316,-0.0367098,-0.263087,861142586
-22.865193,334.625,7543,17075,0.950376,-0.0326309,-0.254929,861163667
-22.843170,334.688,7543,17075,0.953435,-0.0326309,-0.248811,861185690
-22.820924,334.688,7550,17068,0.954454,-0.0356901,-0.228416,861207936
-22.795836,334.75,7550,17068,0.955474,-0.0397689,-0.228416,861233024
-22.766000,334.75,7550,17062,0.952415,-0.0479267,-0.244732,861262860
-22.735703,334.75,7550,17062,0.948336,-0.0418084,-0.259008,861293157
-22.705590,334.75,7550,17062,0.953435,-0.0316112,-0.244732,861323270
-22.682436,334.75,7550,17062,0.954454,-0.0305915,-0.227397,861346424
-22.647037,334.75,7543,17068,0.952415,-0.0397689,-0.236574,861381823
-22.624706,334.75,7543,17068,0.950376,-0.0448675,-0.25085,861404154
-22.593297,334.688,7543,17068,0.951395,-0.0387492,-0.263087,861435563
-22.538964,334.688,7543,17075,0.953435,-0.0265126,-0.235554,861489896
-22.504821,334.688,7543,17075,0.951395,-0.0326309,-0.24983,861524039
-22.470665,334.688,7537,17081,0.947316,-0.0428281,-0.266146,861558195
-22.422756,334.688,7543,17075,0.952415,-0.0326309,-0.235554,861606104
-22.400858,334.688,7543,17075,0.954454,-0.0265126,-0.238614,861628002
-22.379115,334.688,7543,17081,0.952415,-0.0275323,-0.246771,861649745
-22.353726,334.75,7543,17081,0.950376,-0.0285521,-0.253909,861675134
-22.329436,334.75,7543,17075,0.950376,-0.0418084,-0.259008,861699424
-22.293988,334.812,7543,17075,0.952415,-0.0469069,-0.242692,861734872
-22.260551,334.812,7550,17068,0.955474,-0.0336506,-0.230456,861768309
-22.231656,334.812,7543,17068,0.952415,-0.0305915,-0.248811,861797204
-22.201702,334.812,7543,17068,0.949356,-0.0397689,-0.259008,861827158
-22.178589,334.812,7543,17068,0.950376,-0.0438478,-0.248811,861850271
-22.153056,334.812,7543,17068,0.954454,-0.0458872,-0.235554,861875804
-22.128039,334.75,7543,17068,0.955474,-0.0418084,-0.228416,861900821
-22.100789,334.75,7543,17068,0.952415,-0.0367098,-0.25187,861928071
-22.078140,334.75,7543,17068,0.949356,-0.0326309,-0.256968,861950720
-22.052631,334.75,7537,17068,0.951395,-0.0326309,-0.259008,861976229
-22.022087,334.75,7543,17068,0.950376,-0.0356901,-0.246771,862006773
-21.999625,334.75,7543,17068,0.952415,-0.0407887,-0.241673,862029235
-21.970507,334.75,7543,17068,0.950376,-0.0428281,-0.245752,862058353
-21.926845,334.688,7537,17068,0.950376,-0.0326309,-0.260028,862102015
-21.900524,334.75,7537,17075,0.952415,-0.0285521,-0.25187,862128336
-21.879038,334.75,7537,17075,0.950376,-0.0265126,-0.244732,862149822
-21.851422,334.75,7537,17075,0.954454,-0.0316112,-0.237594,862177438
-21.828975,334.812,7537,17068,0.953435,-0.0479267,-0.243712,862199885
-21.798035,334.812,7537,17068,0.949356,-0.0448675,-0.25289,862230825
-21.770745,334.812,7537,17068,0.951395,-0.0367098,-0.247791,862258115
-21.713977,334.812,7537,17068,0.952415,-0.0316112,-0.244732,862314883
-21.690710,334.812,7537,17062,0.951395,-0.0367098,-0.246771,862338150
-21.669201,334.812,7537,,65,104,3942,862359659
-21.616547,334.812,7537,17062,0.952415,-0.0356901,-0.242692,862412313
-21.590128,334.812,7537,17062,0.951395,-0.0326309,-0.24983,862438732
-21.540479,334.812,7537,17062,0.950376,-0.0356901,-0.254929,862488381
-21.517806,334.812,7537,17068,0.950376,-0.0479267,-0.246771,862511054
-21.496160,334.875,7537,17068,0.950376,-0.0438478,-0.243712,862532700
-21.449082,334.812,7537,17062,0.951395,-0.0326309,-0.25085,862579778
-21.422566,334.812,7537,17062,0.951395,-0.0285521,-0.254929,862606294
-21.389507,334.812,7537,17062,0.954454,-0.0316112,-0.245752,862639353
-21.359759,334.875,7537,17068,0.953435,-0.0387492,-0.241673,862669101
-21.337549,334.875,7537,17068,0.949356,-0.0438478,-0.25085,862691311
-21.316330,334.875,7537,17068,0.950376,-0.0377295,-0.25187,862712530
-21.289633,334.875,7537,17068,0.951395,-0.0316112,-0.24983,862739227
-21.259004,334.875,7537,17068,0.952415,-0.0326309,-0.244732,862769856
-21.235761,334.875,7537,17068,0.953435,-0.0356901,-0.236574,862793099
-21.208707,334.875,7537,17062,0.950376,-0.0458872,-0.244732,862820153
-21.178331,334.875,7537,17062,0.950376,-0.0479267,-0.253909,862850529
-21.148869,334.875,7537,17062,0.951395,-0.0377295,-0.25289,862879991
-21.124905,334.875,7537,17062,0.954454,-0.0295718,-0.246771,862903955
-21.098190,334.875,7537,17062,0.953435,-0.0356901,-0.246771,862930670
-21.075509,334.875,7537,17062,0.950376,-0.0367098,-0.241673,862953351
-21.048487,334.875,7537,17062,0.950376,-0.0407887,-0.24983,862980373
-21.027214,334.875,7537,17062,0.950376,-0.0418084,-0.254929,863001646
-20.997887,334.875,7537,17062,0.950376,-0.0377295,-0.25289,863030973
-20.970721,334.875,7537,17062,0.951395,-0.0305915,-0.245752,863058139
-20.922854,334.875,7537,17062,0.951395,-0.0367098,-0.245752,863106006
-20.897416,334.875,7537,17062,0.950376,-0.0387492,-0.25289,863131444
-20.875228,334.875,7537,17062,0.949356,-0.0387492,-0.25289,863153632
-20.851343,334.875,7537,17062,0.952415,-0.0336506,-0.246771,863177517
-20.826836,334.875,7537,17062,0.949356,-0.0377295,-0.246771,863202024
-20.805398,334.875,7537,17062,0.953435,-0.0346704,-0.242692,863223462
-20.777099,334.875,7537,17062,0.952415,-0.0356901,-0.244732,863251761
-20.746905,334.875,7537,17062,0.950376,-0.0377295,-0.25187,863281955
-20.720807,334.938,7537,17062,0.950376,-0.0418084,-0.253909,863308053
-20.696444,334.938,7537,17062,0.949356,-0.0438478,-0.246771,863332416
-20.673938,334.938,7537,17062,0.953435,-0.0407887,-0.238614,863354922
-20.646657,334.938,7537,17062,0.950376,-0.0377295,-0.241673,863382203
-20.621317,334.938,7537,17062,0.952415,-0.0356901,-0.25085,863407543
-20.586378,334.938,7537,17062,0.950376,-0.0418084,-0.253909,863442482
-20.560578,334.938,7537,17062,0.953435,-0.0428281,-0.247791,863468282
-20.525930,334.875,7537,17062,0.953435,-0.0377295,-0.238614,863502930
-20.495957,334.875,7537,17062,0.951395,-0.0326309,-0.244732,863532903
-20.472436,334.875,7537,17062,0.949356,-0.0326309,-0.254929,863556424
-20.424802,334.875,7537,17062,0.952415,-0.0367098,-0.24983,863604058
-20.386577,334.875,7537,17062,0.952415,-0.0377295,-0.242692,863642283
-20.355066,334.875,7537,17062,0.951395,-0.0326309,-0.247791,863673794
-20.320613,334.875,7537,17062,0.950376,-0.0316112,-0.25289,863708247
-20.294709,334.938,7537,17062,0.951395,-0.0336506,-0.247791,863734151
-20.272093,334.938,7537,17068,0.953435,-0.0367098,-0.241673,863756767
-20.235595,334.938,7537,17062,0.952415,-0.0397689,-0.246771,863793265
-20.214029,334.938,7537,17062,0.952415,-0.0407887,-0.25289,863814831
-20.191499,334.938,7537,17062,0.950376,-0.0418084,-0.257988,863837361
-20.118857,334.938,7537,17062,0.953435,-0.0367098,-0.239633,863910003
-20.093954,334.938,7537,17062,0.952415,-0.0387492,-0.24983,863934906
-20.066839,334.938,7537,17062,0.950376,-0.0407887,-0.259008,863962021
-20.033221,334.938,7537,17068,0.953435,-0.0326309,-0.245752,863995639
-20.007175,334.938,7537,17068,0.952415,-0.0326309,-0.243712,864021685
-19.979528,334.938,7537,17068,0.952415,-0.0336506,-0.245752,864049332
-19.952940,334.938,7537,17068,0.950376,-0.0346704,-0.24983,864075920
-19.891189,334.938,7543,17062,0.951395,-0.0326309,-0.247791,864137671
-19.859413,334.938,7543,17068,0.953435,-0.0305915,-0.236574,864169447
-19.822156,334.938,7537,17068,0.950376,-0.0356901,-0.25187,864206704
-19.792771,334.938,7537,17068,0.948336,-0.0407887,-0.259008,864236089
-19.732560,335,7537,17068,0.953435,-0.0367098,-0.240653,864296300
-19.708869,335,7537,17068,0.952415,-0.0377295,-0.244732,864319991
-19.681136,335,7537,17068,0.950376,-0.0418084,-0.256968,864347724
-19.655768,335,7537,17068,0.951395,-0.0387492,-0.248811,864373092
-19.629556,335,7537,17068,0.951395,-0.0387492,-0.24983,864399304
-19.600542,335,7537,17068,0.955474,-0.0367098,-0.238614,864428318
-19.571624,335,7537,17068,0.954454,-0.0356901,-0.237594,864457236
-19.550326,335,7537,17068,0.948336,-0.0377295,-0.25085,864478534
-19.527512,335,7537,17068,0.950376,-0.0387492,-0.257988,864501348
-19.500665,335,7537,17068,0.951395,-0.0377295,-0.240653,864528195
-19.477341,335,7537,17068,0.952415,-0.0367098,-0.239633,864551519
-19.451076,335,7537,17068,0.952415,-0.0356901,-0.243712,864577784
-19.418974,335,7537,17068,0.949356,-0.0346704,-0.253909,864609886
-19.397282,335,7537,17068,0.949356,-0.0356901,-0.25085,864631578
-19.350513,335,7537,17068,0.953435,-0.0397689,-0.246771,864678347
-19.328567,335,7537,17068,0.953435,-0.0387492,-0.245752,864700293
-19.300081,335,7537,17068,0.953435,-0.0367098,-0.244732,864728779
-19.278011,335,7537,17068,0.949356,-0.0356901,-0.254929,864750849
-19.256219,335,7537,17068,0.949356,-0.0397689,-0.254929,864772641
-19.229628,335,7537,17075,0.952415,-0.0367098,-0.253909,864799232
-19.206633,335.062,7543,17075,0.952415,-0.0377295,-0.243712,864822227
-19.179945,335.062,7543,17075,0.951395,-0.0397689,-0.242692,864848915
-19.149524,335.062,7543,17075,0.952415,-0.0397689,-0.244732,864879336
-19.119447,335.062,7543,17075,0.951395,-0.0356901,-0.25085,864909413
-19.089212,335.062,7543,17075,0.952415,-0.0316112,-0.246771,864939648
-19.064917,335.062,7543,17075,0.950376,-0.0367098,-0.243712,864963943
-19.039257,335.062,7543,17075,0.951395,-0.0387492,-0.241673,864989603
-19.008802,335.062,7543,17075,0.954454,-0.0387492,-0.247791,865020058
-18.984922,335,7543,17075,0.951395,-0.0367098,-0.253909,865043938
-18.948677,335,7543,17075,0.949356,-0.0346704,-0.24983,865080183
-18.926939,335,7543,17075,0.952415,-0.0326309,-0.246771,865101921
-18.898812,335,7543,17075,0.951395,-0.0367098,-0.244732,865130048
-18.877402,335,7543,17075,0.952415,-0.0418084,-0.25187,865151458
-18.833043,335,7543,17075,0.949356,-0.0387492,-0.260028,865195817
-18.806631,335,7543,17075,0.953435,-0.0356901,-0.246771,865222229
-18.785177,335,7543,17075,0.952415,-0.0356901,-0.240653,865243683
-18.747823,335.062,7543,17075,0.951395,-0.0367098,-0.243712,865281037
-18.717543,335.062,7543,17075,0.951395,-0.0407887,-0.254929,865311317
-18.687390,335.062,7543,17075,0.949356,-0.0397689,-0.253909,865341470
-18.665681,335.062,7543,17075,0.953435,-0.0356901,-0.238614,865363179
-18.610659,335.062,7543,17075,0.950376,-0.0377295,-0.246771,865418201
-18.586845,335.062,7543,17075,0.952415,-0.0377295,-0.254929,865442015
-18.563921,335.062,7543,17075,0.951395,-0.0356901,-0.25085,865464939
-18.527271,335.062,7543,17075,0.952415,-0.0367098,-0.240653,865501589
-18.504882,335.062,7543,17075,0.955474,-0.0367098,-0.235554,865523978
-18.476904,335.062,7543,17075,0.951395,-0.0346704,-0.243712,865551956
-18.436619,335.062,7543,17075,0.948336,-0.0387492,-0.256968,865592241
-18.410211,335.062,7543,17075,0.951395,-0.0346704,-0.24983,865618649
-18.386195,335.062,7543,17075,0.955474,-0.0356901,-0.241673,865642665
-18.362671,335.062,7543,17075,0.952415,-0.0356901,-0.241673,865666189
-18.326201,335.062,7543,17075,0.951395,-0.0346704,-0.255949,865702659
-18.285280,335.062,7543,17075,0.949356,-0.0387492,-0.25187,865743580
-18.261718,335.062,7543,17075,0.952415,-0.0387492,-0.246771,865767142
-18.227474,335.062,7543,17075,0.953435,-0.0346704,-0.243712,865801386
-18.195655,335.062,7543,17075,0.951395,-0.0356901,-0.25085,865833205
-18.165338,335.062,7543,17075,0.949356,-0.0397689,-0.254929,865863522
-18.110683,335.062,7543,17075,0.953435,-0.0356901,-0.237594,865918177
-18.085079,335.062,7543,17075,0.953435,-0.0356901,-0.244732,865943781
-18.063099,335.062,7543,17075,0.949356,-0.0387492,-0.253909,865965761
-18.040977,335.062,7543,17075,0.951395,-0.0356901,-0.247791,865987883
-18.010207,335.062,7543,17075,0.950376,-0.0377295,-0.246771,866018653
-17.984381,335.062,7543,17075,0.949356,-0.0387492,-0.244732,866044479
-17.960310,335.062,7543,17075,0.950376,-0.0367098,-0.246771,866068550
-17.930912,335.062,7543,17075,0.951395,-0.0356901,-0.254929,866097948
-17.907998,335.062,7543,17075,0.949356,-0.0356901,-0.25289,866120862
-17.883928,335.062,7543,17075,0.951395,-0.0367098,-0.248811,866144932
-17.862123,335.062,7543,17075,0.950376,-0.0346704,-0.246771,866166737
-17.833924,335.062,7543,17075,0.952415,-0.0377295,-0.246771,866194936
-17.793521,335.062,7543,17075,0.948336,-0.0316112,-0.25187,866235339
-17.770287,335.062,7543,17075,0.952415,-0.0336506,-0.25085,866258573
-17.743512,335.062,7543,17075,0.952415,-0.0367098,-0.24983,866285348
-17.720658,335.125,7543,17075,0.951395,-0.0377295,-0.242692,866308202
-17.693731,335.125,7543,17081,0.953435,-0.0397689,-0.241673,866335129
-17.671043,335.125,7543,17081,0.952415,-0.0367098,-0.248811,866357817
-17.612958,335.125,7543,17081,0.950376,-0.0346704,-0.25085,866415902
-17.590774,335.125,7543,17081,0.953435,-0.0356901,-0.237594,866438086
-17.542610,335.125,7543,17081,0.950376,-0.0407887,-0.246771,866486250
-17.521190,335.125,7543,17081,0.951395,-0.0377295,-0.256968,866507670
-17.489244,335.125,7543,17081,0.951395,-0.0336506,-0.247791,866539616
-17.462261,335.125,7543,17081,0.950376,-0.0377295,-0.240653,866566599
-17.410665,335.125,7543,17081,0.951395,-0.0397689,-0.25289,866618195
-17.388700,335.125,7543,17081,0.950376,-0.0407887,-0.255949,866640160
-17.360302,335.125,7543,17081,0.950376,-0.0346704,-0.256968,866668558
-17.339143,335.125,7543,17081,0.953435,-0.0316112,-0.246771,866689717
-17.287797,335.125,7543,17081,0.952415,-0.0377295,-0.245752,866741063
-17.250888,335.125,7543,17081,0.951395,-0.0367098,-0.25289,866777972
-17.229364,335.125,7543,17081,0.948336,-0.0346704,-0.261047,866799496
-17.206519,335.125,7543,17081,0.950376,-0.0336506,-0.25085,866822341
-17.180589,335.125,7543,17081,0.954454,-0.0326309,-0.240653,866848271
-17.149371,335.188,7543,17081,0.951395,-0.0387492,-0.240653,866879489
-17.128161,335.188,7543,17081,0.951395,-0.0407887,-0.25187,866900699
-17.100103,335.188,7543,17081,0.947316,-0.0397689,-0.254929,866928757
-17.073154,335.188,7543,17081,0.954454,-0.0387492,-0.248811,866955706
-17.049860,335.188,7543,17081,0.951395,-0.0326309,-0.240653,866979000
-17.019883,335.188,7543,17081,0.952415,-0.0356901,-0.242692,867008977
-16.996879,335.188,7543,17081,0.949356,-0.0387492,-0.25289,867031981
-16.918106,335.125,7543,17081,0.952415,-0.0377295,-0.241673,867110754
-16.889914,335.125,7543,17081,0.953435,-0.0316112,-0.247791,867138946
-16.868182,335.125,7543,17081,0.949356,-0.0295718,-0.259008,867160678
-16.846204,335.125,7543,17081,0.947316,-0.0336506,-0.259008,867182656
-16.789377,335.125,7543,17081,0.951395,-0.0377295,-0.25085,867239483
-16.758765,335.125,7543,17081,0.953435,-0.0356901,-0.243712,867270095
-16.728537,335.125,7543,17081,0.950376,-0.0336506,-0.248811,867300323
-16.698609,335.125,7543,17087,0.950376,-0.0346704,-0.25289,867330251
-16.670877,335.188,7543,17087,0.951395,-0.0356901,-0.247791,867357983
-16.638342,335.188,7543,17087,0.952415,-0.0367098,-0.239633,867390518
-16.607933,335.188,7543,17087,0.952415,-0.0407887,-0.244732,867420927
-16.586154,335.188,7543,17087,0.950376,-0.0418084,-0.247791,867442706
-16.557901,335.188,7543,17087,0.951395,-0.0387492,-0.24983,867470959
-16.528202,335.188,7543,17087,0.952415,-0.0397689,-0.243712,867500658
-16.497663,335.188,7543,17087,0.950376,-0.0367098,-0.241673,867531197
-16.474808,335.188,7543,17087,0.950376,-0.0397689,-0.24983,867554052
-16.447324,335.188,7543,17087,0.951395,-0.0387492,-0.256968,867581536
-16.426013,335.188,7543,17087,0.950376,-0.0356901,-0.253909,867602847
-16.391430,335.188,7543,17087,0.952415,-0.0356901,-0.243712,867637430
-16.367190,335.188,7543,17087,0.950376,-0.0356901,-0.24983,867661670
-16.336882,335.188,7543,17087,0.952415,-0.0356901,-0.246771,867691978
-16.283895,335.188,7543,17087,0.951395,-0.0316112,-0.25187,867744965
-16.236349,335.188,7543,17087,0.952415,-0.0346704,-0.244732,867792511
-16.213392,335.188,7543,17093,0.953435,-0.0346704,-0.246771,867815468
-16.186266,335.25,7543,17093,0.949356,-0.0367098,-0.248811,867842594
-16.156349,335.25,7543,17093,0.951395,-0.0367098,-0.25187,867872511
-16.126328,335.25,7543,17093,0.948336,-0.0367098,-0.244732,867902532
-16.105038,335.25,7543,17093,0.951395,-0.0356901,-0.241673,867923822
-16.082972,335.25,7543,17093,0.954454,-0.0367098,-0.243712,867945888
-16.055928,335.25,7543,17093,0.950376,-0.0387492,-0.245752,867972932
-16.022089,335.25,7543,17093,0.950376,-0.0407887,-0.25187,868006771
-15.995379,335.25,7543,17093,0.951395,-0.0407887,-0.247791,868033481
-15.973909,335.25,7543,17093,0.951395,-0.0326309,-0.25085,868054951
-15.945397,335.25,7543,17093,0.954454,-0.0346704,-0.246771,868083463
-15.915294,335.25,7543,17093,0.951395,-0.0377295,-0.25085,868113566
-15.893678,335.25,7543,17093,0.950376,-0.0367098,-0.24983,868135182
-15.867759,335.25,7543,17093,0.952415,-0.0377295,-0.247791,868161101
-15.844019,335.25,7543,17093,0.951395,-0.0346704,-0.248811,868184841
-15.819881,335.25,7543,17093,0.953435,-0.0316112,-0.25085,868208979
-15.794594,335.25,7543,17093,0.950376,-0.0295718,-0.25085,868234266
-15.771057,335.312,7543,17093,0.949356,-0.0346704,-0.25289,868257803
-15.724220,335.312,7543,17093,0.950376,-0.0407887,-0.245752,868304640
-15.701411,335.312,7543,17093,0.953435,-0.0387492,-0.244732,868327449
-15.652963,335.312,7543,17093,0.951395,-0.0295718,-0.25085,868375897
-15.631286,335.375,7543,17087,0.952415,-0.0346704,-0.242692,868397574
-15.582302,335.375,7543,17087,0.953435,-0.0530252,-0.239633,868446558
-15.560623,335.375,7543,17087,0.950376,-0.0458872,-0.246771,868468237
-15.533644,335.375,7543,17081,0.948336,-0.0377295,-0.25289,868495216
-15.511621,335.375,7543,17087,0.950376,-0.0295718,-0.253909,868517239
-15.460786,335.375,7543,17087,0.953435,-0.0418084,-0.240653,868568074
-15.433168,335.375,7543,17087,0.952415,-0.0469069,-0.245752,868595692
-15.410005,335.375,7543,17087,0.949356,-0.0418084,-0.25187,868618855
-15.383010,335.375,7543,17093,0.950376,-0.0377295,-0.25187,868645850
-15.361193,335.312,7543,17093,0.951395,-0.0265126,-0.25289,868667667
-15.338854,335.312,7543,17093,0.954454,-0.0254929,-0.242692,868690006
-15.297415,335.312,7543,17093,0.949356,-0.0418084,-0.246771,868731445
-15.270716,335.312,7543,,133,150,3945,868758144
-15.218298,335.312,7543,17093,0.953435,-0.0305915,-0.242692,868810562
-15.196117,335.312,7543,17093,0.952415,-0.0316112,-0.242692,868832743
-15.119301,335.375,7543,17081,0.950376,-0.0428281,-0.25187,868909559
-15.097009,335.375,7543,17081,0.951395,-0.0418084,-0.242692,868931851
-15.048867,335.375,7543,17081,0.952415,-0.0316112,-0.248811,868979993
-15.021119,335.438,7543,17087,0.950376,-0.0356901,-0.25289,869007741
-14.997884,335.438,7543,17087,0.949356,-0.0428281,-0.246771,869030976
-14.970928,335.438,7543,17087,0.951395,-0.0458872,-0.242692,869057932
-14.947807,335.438,7543,17087,0.952415,-0.0407887,-0.245752,869081053
-14.920857,335.438,7543,17087,0.952415,-0.0377295,-0.25085,869108003
-14.889635,335.438,7543,17093,0.954454,-0.0305915,-0.245752,869139225
-14.830165,335.438,7543,17093,0.951395,-0.0367098,-0.248811,869198695
-14.794077,335.438,7543,17093,0.951395,-0.0428281,-0.246771,869234783
-14.767485,335.375,7543,17087,0.950376,-0.0367098,-0.247791,869261375
-14.745416,335.375,7543,17087,0.951395,-0.0305915,-0.246771,869283444
-14.720138,335.375,7543,17087,0.953435,-0.0265126,-0.245752,869308722
-14.689399,335.375,7543,17087,0.950376,-0.0367098,-0.25187,869339461
-14.659305,335.438,7543,17087,0.949356,-0.0428281,-0.253909,869369555
-14.608923,335.438,7543,17087,0.951395,-0.0346704,-0.245752,869419937
-14.587107,335.438,7543,17087,0.952415,-0.0346704,-0.245752,869441753
-14.558935,335.438,7543,17087,0.950376,-0.0305915,-0.24983,869469925
-14.519198,335.438,7543,17087,0.949356,-0.0377295,-0.247791,869509662
-14.488600,335.438,7543,17087,0.952415,-0.0428281,-0.243712,869540260
-14.458600,335.438,7543,17087,0.952415,-0.0418084,-0.246771,869570260
-14.428430,335.438,7543,17087,0.950376,-0.0316112,-0.254929,869600430
-14.385221,335.438,7543,17087,0.952415,-0.0336506,-0.246771,869643639
-14.358551,335.438,7543,17087,0.952415,-0.0367098,-0.243712,869670309
-14.328653,335.438,7543,17087,0.953435,-0.0428281,-0.241673,869700207
-14.297785,335.438,7543,17087,0.950376,-0.0387492,-0.25289,869731075
-14.257225,335.438,7543,17087,0.951395,-0.0336506,-0.257988,869771635
-14.235006,335.438,7543,17087,0.953435,-0.0316112,-0.242692,869793854
-14.207575,335.5,7543,17087,0.953435,-0.0367098,-0.239633,869821285
-14.186340,335.5,7543,17087,0.953435,-0.0397689,-0.245752,869842520
-14.156647,335.5,7543,17087,0.950376,-0.0377295,-0.256968,869872213
-14.127260,335.5,7543,17087,0.950376,-0.0367098,-0.25187,869901600
-14.097006,335.5,7543,17087,0.952415,-0.0336506,-0.242692,869931854
-14.075375,335.5,7543,17087,0.952415,-0.0367098,-0.241673,869953485
-14.053637,335.5,7543,17093,0.949356,-0.0407887,-0.244732,869975223
-14.026937,335.5,7543,17093,0.949356,-0.0438478,-0.25289,870001923
-14.003466,335.5,7543,17093,0.948336,-0.0397689,-0.254929,870025394
-13.976686,335.5,7543,17093,0.951395,-0.0356901,-0.245752,870052174
-13.954835,335.5,7543,17093,0.953435,-0.0316112,-0.238614,870074025
-13.926450,335.5,7543,17093,0.952415,-0.0356901,-0.241673,870102410
-13.896126,335.5,7543,17093,0.950376,-0.0377295,-0.254929,870132734
-13.873052,335.5,7543,17093,0.950376,-0.0428281,-0.25289,870155808
-13.845880,335.5,7543,17093,0.952415,-0.0387492,-0.246771,870182980
-13.815884,335.5,7543,17093,0.953435,-0.0295718,-0.238614,870212976
-13.775441,335.5,7543,17093,,0,3941,870253419
-13.752257,335.5,7543,17093,0.949356,-0.0387492,-0.259008,870276603
-13.725269,335.5,7543,17093,0.950376,-0.0397689,-0.253909,870303591
-13.692054,335.5,7543,17093,0.951395,-0.0346704,-0.236574,870336806
-13.664205,335.5,7543,17093,0.952415,-0.0305915,-0.242692,870364655
-13.637599,335.5,7543,17093,0.950376,-0.0336506,-0.247791,870391261
-13.605022,335.5,7543,17093,0.949356,-0.0407887,-0.261047,870423838
-13.579366,335.562,7543,17093,0.951395,-0.0397689,-0.244732,870449494
-13.554733,335.562,7543,17093,0.952415,-0.0377295,-0.238614,870474127
-13.524752,335.562,7543,17093,0.953435,-0.0326309,-0.241673,870504108
-13.480883,335.562,7543,17093,0.949356,-0.0367098,-0.256968,870547977
-13.454527,335.562,7543,17093,0.952415,-0.0367098,-0.25085,870574333
-13.423541,335.562,7543,17093,0.950376,-0.0438478,-0.238614,870605319
-13.401812,335.562,7543,17093,0.953435,-0.0377295,-0.242692,870627048
-13.374496,335.562,7543,17093,0.952415,-0.0326309,-0.248811,870654364
-13.343677,335.562,7543,17093,0.948336,-0.0346704,-0.260028,870685183
-13.292761,335.562,7543,17093,0.949356,-0.0367098,-0.244732,870736099
-13.263578,335.562,7550,17093,0.952415,-0.0356901,-0.235554,870765282
-13.225268,335.562,7550,17093,0.948336,-0.0377295,-0.25085,870803592
-13.201069,335.562,7550,17093,0.951395,-0.0326309,-0.257988,870827791
-13.169092,335.562,7550,17093,0.950376,-0.0356901,-0.239633,870859768
-13.141135,335.562,7550,,42,84,3943,870887725
-13.112175,335.562,7550,17100,0.951395,-0.0387492,-0.253909,870916685
-13.082082,335.562,7550,17100,0.950376,-0.0407887,-0.25187,870946778
-13.060307,335.562,7550,17100,0.952415,-0.0346704,-0.247791,870968553
-13.038101,335.562,7550,17100,0.951395,-0.0336506,-0.245752,870990759
-13.012304,335.562,7550,17100,0.954454,-0.0316112,-0.240653,871016556
-12.990205,335.562,7550,17100,0.949356,-0.0397689,-0.24983,871038655
-12.958703,335.562,7550,17100,0.950376,-0.0438478,-0.25289,871070157
-12.911623,335.562,7550,17100,0.951395,-0.0367098,-0.247791,871117237
-12.889414,335.562,7550,17093,0.954454,-0.0316112,-0.242692,871139446
-12.840077,335.562,7550,17093,,0.026,1,871188783
-12.811484,335.562,7550,17093,0.949356,-0.0397689,-0.24983,871217376
-12.768966,335.562,7550,17100,0.950376,-0.0326309,-0.24983,871259894
-12.740923,335.562,7550,17100,0.953435,-0.0285521,-0.246771,871287937
-12.710233,335.562,7550,17100,0.951395,-0.0367098,-0.24983,871318627
-12.686559,335.562,7550,17100,0.951395,-0.0438478,-0.248811,871342301
-12.660243,335.562,7550,17100,0.948336,-0.0469069,-0.246771,871368617
-12.610400,335.562,7550,17100,0.950376,-0.0265126,-0.248811,871418460
-12.580386,335.562,7550,17100,0.951395,-0.0285521,-0.248811,871448474
-12.559370,335.562,7550,17093,0.951395,-0.0407887,-0.25289,871469490
-12.529899,335.562,7550,17087,0.950376,-0.0479267,-0.246771,871498961
-12.507871,335.562,7550,17087,0.950376,-0.0397689,-0.248811,871520989
-12.486188,335.562,7550,17087,0.951395,-0.0367098,-0.246771,871542672
-12.459574,335.562,7550,17087,0.953435,-0.0275323,-0.25085,871569286
-12.409273,335.625,7550,17087,0.951395,-0.0316112,-0.25187,871619587
-12.387197,335.625,7550,17087,0.952415,-0.0428281,-0.245752,871641663
-12.359119,335.688,7550,17087,0.953435,-0.0479267,-0.242692,871669741
-12.335513,335.688,7550,17087,0.955474,-0.0387492,-0.240653,871693347
-12.308871,335.688,7550,17087,0.948336,-0.0316112,-0.25289,871719989
-12.285694,335.688,7550,17087,0.953435,-0.0234535,-0.256968,871743166
-12.237332,335.688,7550,17087,0.953435,-0.0479267,-0.238614,871791528
-12.208558,335.688,7550,17087,0.952415,-0.0489464,-0.234535,871820302
-12.185961,335.688,7550,17087,0.951395,-0.0458872,-0.246771,871842899
-12.158465,335.688,7550,17100,0.950376,-0.0316112,-0.259008,871870395
-12.137267,335.688,7550,17093,0.950376,-0.021414,-0.264107,871891593
-12.115257,335.688,7550,17093,0.951395,-0.0254929,-0.247791,871913603
-12.088231,335.688,7550,17087,0.953435,-0.0336506,-0.235554,871940629
-12.059585,335.688,7550,17087,0.951395,-0.0601633,-0.235554,871969275
-12.037287,335.688,7550,17087,0.946297,-0.054045,-0.25289,871991573
-12.007998,335.688,7550,17093,0.949356,-0.0244732,-0.261047,872020862
-11.986352,335.625,7550,17100,0.954454,-0.0152957,-0.24983,872042508
-11.965299,335.688,7550,17093,0.955474,-0.0244732,-0.240653,872063561
-11.930791,335.688,7550,17087,0.951395,-0.0509858,-0.235554,872098069
-11.906860,335.688,7550,17087,0.949356,-0.0560844,-0.244732,872122000
-11.884384,335.688,7550,17087,0.949356,-0.0448675,-0.257988,872144476
-11.857652,335.688,7550,17093,0.950376,-0.0326309,-0.264107,872171208
-11.830489,335.688,7550,17100,0.953435,-0.0152957,-0.246771,872198371
-11.806609,335.75,7550,17100,0.956494,-0.0173352,-0.230456,872222251
-11.765577,335.75,7550,17093,0.952415,-0.0469069,-0.233515,872263283
-11.729241,335.812,7550,17093,0.949356,-0.0448675,-0.259008,872299619
-11.696268,335.75,7550,17106,0.953435,-0.0244732,-0.248811,872332592
-11.666363,335.75,7550,17106,0.953435,-0.021414,-0.239633,872362497
-11.636620,335.812,7550,17106,0.950376,-0.0326309,-0.246771,872392240
-11.585406,335.812,7550,17093,0.948336,-0.054045,-0.259008,872443454
-11.564097,335.75,7550,17100,0.950376,-0.0377295,-0.25085,872464763
-11.532067,335.812,7550,17106,0.955474,-0.0193746,-0.234535,872496793
-11.482137,335.812,7550,17106,0.948336,-0.0458872,-0.259008,872546723
-11.457360,335.812,7543,17100,0.945277,-0.0550647,-0.267166,872571500
-11.430762,335.812,7543,17100,0.951395,-0.0397689,-0.246771,872598098
-11.405276,335.812,7550,17106,0.955474,-0.0336506,-0.234535,872623584
-11.351295,335.812,7543,17112,0.951395,-0.0254929,-0.257988,872677565
-11.329700,335.812,7543,17112,0.948336,-0.0336506,-0.264107,872699160
-11.304745,335.875,7543,17106,0.949356,-0.0418084,-0.257988,872724115
-11.279073,335.812,7543,17100,0.952415,-0.0581238,-0.231476,872749787
-11.234318,335.812,7543,17106,0.952415,-0.0254929,-0.239633,872794542
-11.194534,335.812,7543,17112,0.949356,-0.0193746,-0.272264,872834326
-11.172373,335.812,7543,17100,0.950376,-0.0397689,-0.248811,872856487
-11.141802,335.875,7550,17093,0.953435,-0.061183,-0.222298,872887058
-11.114109,335.875,7550,17093,0.952415,-0.0601633,-0.225357,872914751
-11.091992,335.812,7543,17100,0.948336,-0.0295718,-0.263087,872936868
-11.063931,335.812,7543,17106,0.948336,-0.0163155,-0.274304,872964929
-11.040098,335.812,7543,17106,0.952415,-0.0193746,-0.259008,872988762
-11.010761,335.875,7550,17100,0.951395,-0.0469069,-0.228416,873018099
-10.983199,335.875,7550,17093,0.952415,-0.0601633,-0.229436,873045661
-10.951005,335.875,7543,17093,0.949356,-0.0407887,-0.266146,873077855
-10.929394,335.812,7543,17106,0.945277,-0.0254929,-0.268185,873099466
-10.900716,335.812,7543,17106,0.950376,-0.0122366,-0.25289,873128144
-10.876595,335.812,7543,17106,0.956494,-0.0224338,-0.235554,873152265
-10.852400,335.875,7543,17100,0.953435,-0.0428281,-0.230456,873176460
-10.829974,335.875,7543,17093,0.948336,-0.0601633,-0.248811,873198886
-10.802797,335.875,7543,17100,0.949356,-0.0509858,-0.257988,873226063
-10.780276,335.812,7543,17106,0.951395,-0.0254929,-0.261047,873248584
-10.731807,335.812,7543,17112,0.953435,-0.0173352,-0.241673,873297053
-10.709376,335.875,7543,17106,0.951395,-0.0438478,-0.234535,873319484
-10.682038,335.875,7543,17100,0.950376,-0.054045,-0.244732,873346822
-10.649340,335.875,7543,17093,0.946297,-0.0479267,-0.260028,873379520
-10.628357,335.812,7543,17100,0.950376,-0.0285521,-0.25289,873400503
-10.601449,335.812,7543,17100,0.953435,-0.0163155,-0.242692,873427411
-10.578681,335.812,7543,17100,0.954454,-0.021414,-0.240653,873450179
-10.553015,335.875,7543,17093,0.950376,-0.0428281,-0.247791,873475845
-10.528322,335.875,7543,17087,0.949356,-0.0571041,-0.254929,873500538
-10.498428,335.875,7543,17093,0.951395,-0.0479267,-0.247791,873530432
-10.477023,335.875,7543,17093,0.951395,-0.0295718,-0.244732,873551837
-10.450926,335.875,7543,17106,0.951395,-0.0203943,-0.243712,873577934
-10.400543,335.938,7543,17112,0.950376,-0.0367098,-0.255949,873628317
-10.378668,335.938,7543,17106,0.946297,-0.0591435,-0.257988,873650192
-10.351056,335.938,7543,17100,0.950376,-0.0581238,-0.25187,873677804
-10.320674,335.938,7543,17106,0.954454,-0.0326309,-0.235554,873708186
-10.297857,335.875,7543,17112,0.953435,-0.0163155,-0.241673,873731003
-10.275722,335.875,7543,17112,0.951395,-0.0173352,-0.254929,873753138
-10.229762,335.938,7537,17112,0.948336,-0.0448675,-0.255949,873799098
-10.208090,335.938,7543,17106,0.951395,-0.0550647,-0.238614,873820770
-10.186223,335.938,7543,17100,0.952415,-0.0509858,-0.233515,873842637
-10.109065,335.938,7537,17118,0.950376,-0.0203943,-0.260028,873919795
-10.086942,335.938,7537,17112,0.950376,-0.0428281,-0.245752,873941918
-10.065095,336,7537,17106,0.951395,-0.0489464,-0.235554,873963765
-10.039225,335.938,7537,17106,0.953435,-0.0499661,-0.235554,873989635
-9.985761,335.938,7537,17112,0.952415,-0.0244732,-0.255949,874043099
-9.958863,335.938,7537,17112,0.951395,-0.0234535,-0.25187,874069997
-9.930524,336,7537,17112,0.953435,-0.0387492,-0.243712,874098336
-9.900703,336,7537,17106,0.951395,-0.0489464,-0.240653,874128157
-9.877959,336,7537,17106,0.949356,-0.0438478,-0.243712,874150901
-9.855367,335.938,7537,17106,0.950376,-0.0336506,-0.253909,874173493
-9.827884,335.938,7537,17106,0.951395,-0.0285521,-0.260028,874200976
-9.797938,336,7537,17112,0.952415,-0.0285521,-0.25187,874230922
-9.747726,336,7537,17106,0.951395,-0.0469069,-0.236574,874281134
-9.716365,336,7537,17106,0.949356,-0.0448675,-0.253909,874312495
-9.687419,336,7537,17106,0.948336,-0.0346704,-0.257988,874341441
-9.657681,336,7537,17112,0.954454,-0.0244732,-0.247791,874371179
-9.629886,336.062,7537,17112,0.952415,-0.0316112,-0.244732,874398974
-9.597175,336.062,7537,17112,0.949356,-0.0458872,-0.243712,874431685
-9.572467,336.062,7537,17112,0.950376,-0.0479267,-0.245752,874456393
-9.546914,336.062,7537,17112,0.951395,-0.0397689,-0.25187,874481946
-9.521074,336.062,7537,17118,0.950376,-0.0265126,-0.253909,874507786
-9.496609,336.062,7531,17118,0.953435,-0.0254929,-0.244732,874532251
-9.471671,336.062,7531,17118,0.953435,-0.0336506,-0.240653,874557189
-9.446557,336.062,7531,17112,0.951395,-0.0479267,-0.247791,874582303
-9.420336,336.062,7531,17112,0.950376,-0.0448675,-0.248811,874608524
-9.394440,336.062,7531,17118,0.951395,-0.0346704,-0.246771,874634420
-9.345739,336.062,7531,17118,0.952415,-0.0234535,-0.25187,874683121
-9.323394,336.062,7531,17112,0.952415,-0.0346704,-0.248811,874705466
-9.255660,336.062,7531,17106,0.951395,-0.0428281,-0.247791,874773200
-9.229880,336.062,7531,17106,0.950376,-0.0316112,-0.247791,874798980
-9.205409,336.062,7531,17106,0.952415,-0.0275323,-0.243712,874823451
-9.183811,336.062,7531,17106,0.952415,-0.0316112,-0.24983,874845049
-9.147910,336.125,7531,17112,0.951395,-0.0428281,-0.248811,874880950
-9.120954,336.125,7531,17112,0.950376,-0.0387492,-0.25289,874907906
-9.094829,336.125,7531,17112,0.953435,-0.0397689,-0.241673,874934031
-9.045057,336.125,7531,17112,0.952415,-0.0285521,-0.242692,874983803
-9.011954,336.125,7531,17112,0.950376,-0.0387492,-0.25187,875016906
-8.984537,336.125,7531,17112,0.949356,-0.0407887,-0.24983,875044323
-8.962730,336.125,7531,17112,0.950376,-0.0407887,-0.245752,875066130
-8.930191,336.125,7531,17112,0.952415,-0.0346704,-0.246771,875098669
-8.901474,336.125,7531,17112,0.952415,-0.0346704,-0.24983,875127386
-8.874028,336.125,7531,17112,0.949356,-0.0346704,-0.253909,875154832
-8.810509,336.125,7531,17112,0.950376,-0.0387492,-0.246771,875218351
-8.783761,336.125,7531,17112,0.950376,-0.0336506,-0.25289,875245099
-8.743418,336.125,7531,17112,0.952415,-0.0275323,-0.25085,875285442
-8.718797,336.125,7531,17112,0.951395,-0.0367098,-0.243712,875310063
-8.690628,336.188,7531,17112,0.951395,-0.0428281,-0.240653,875338232
-8.660105,336.188,7531,17112,0.951395,-0.0407887,-0.242692,875368755
-8.632803,336.188,7531,17112,0.950376,-0.0356901,-0.25289,875396057
-8.602798,336.188,7531,17112,0.951395,-0.0275323,-0.24983,875426062
-8.580693,336.188,7531,17112,0.951395,-0.0326309,-0.247791,875448167
-8.552155,336.188,7531,17112,0.952415,-0.0418084,-0.241673,875476705
-8.529989,336.188,7531,17112,0.951395,-0.0438478,-0.244732,875498871
-8.502472,336.188,7531,,-102,0,3948,875526388
-8.472195,336.188,7531,17112,0.949356,-0.0326309,-0.25289,875556665
-8.450049,336.188,7531,17112,0.952415,-0.0305915,-0.247791,875578811
-8.421192,336.188,7531,17112,0.952415,-0.0346704,-0.244732,875607668
-8.396568,336.188,7531,17112,0.951395,-0.0407887,-0.247791,875632292
-8.349320,336.188,7531,17112,0.949356,-0.0418084,-0.248811,875679540
-8.323541,336.188,7531,17112,0.950376,-0.0326309,-0.245752,875705319
-8.301258,336.188,7531,17112,0.952415,-0.0285521,-0.245752,875727602
-8.251371,336.188,7531,17112,0.953435,-0.0367098,-0.246771,875777489
-8.227936,336.188,7531,17112,0.951395,-0.0438478,-0.254929,875800924
-8.201287,336.188,7531,17112,0.951395,-0.0387492,-0.246771,875827573
-8.178978,336.188,7531,17112,0.952415,-0.0316112,-0.244732,875849882
-8.157233,336.188,7531,17112,0.953435,-0.0305915,-0.239633,875871627
-8.130422,336.188,7531,17112,0.951395,-0.0356901,-0.247791,875898438
-8.102918,336.188,7531,17112,0.951395,-0.0397689,-0.244732,875925942
-8.080313,336.188,7531,17118,0.950376,-0.0418084,-0.25187,875948547
-8.058117,336.188,7531,17118,0.949356,-0.0418084,-0.24983,875970743
-8.031345,336.188,7531,17118,0.951395,-0.0367098,-0.246771,875997515
-7.999942,336.188,7531,17118,0.953435,-0.0295718,-0.244732,876028918
-7.976819,336.188,7531,17118,0.952415,-0.0316112,-0.248811,876052041
-7.950315,336.25,7531,17118,0.950376,-0.0407887,-0.254929,876078545
-7.928832,336.25,7531,17118,0.950376,-0.0438478,-0.246771,876100028
-7.899523,336.25,7531,17118,0.949356,-0.0448675,-0.245752,876129337
-7.877694,336.25,7531,17118,0.952415,-0.0336506,-0.245752,876151166
-7.854349,336.25,7531,17118,0.950376,-0.0305915,-0.25187,876174511
-7.756362,336.312,7531,17125,0.950376,-0.0428281,-0.241673,876272498
-7.728900,336.312,7531,17125,0.953435,-0.0367098,-0.247791,876299960
-7.698287,336.312,7531,17125,0.951395,-0.0285521,-0.24983,876330573
-7.676097,336.312,7531,17125,0.951395,-0.0305915,-0.25085,876352763
-7.649230,336.312,7531,17125,0.951395,-0.0367098,-0.243712,876379630
-7.617453,336.312,7531,17125,0.950376,-0.0418084,-0.245752,876411407
-7.595575,336.312,7531,17125,0.950376,-0.0407887,-0.243712,876433285
-7.507675,336.312,7531,17125,0.951395,-0.0356901,-0.25085,876521185
-7.485416,336.312,7531,17125,0.951395,-0.0387492,-0.248811,876543444
-7.448218,336.312,7531,17125,0.950376,-0.0428281,-0.246771,876580642
-7.417490,336.312,7531,17125,0.952415,-0.0346704,-0.247791,876611370
-7.387654,336.312,7531,17125,0.951395,-0.0305915,-0.247791,876641206
-7.337391,336.312,7531,17125,0.952415,-0.0418084,-0.247791,876691469
-7.316134,336.375,7531,17125,0.952415,-0.0407887,-0.243712,876712726
-7.287334,336.375,7531,17125,0.951395,-0.0377295,-0.245752,876741526
-7.238241,336.375,,1.715,0.294,-0.049,1,876790619
-7.214853,336.375,7531,17125,0.953435,-0.0346704,-0.245752,876814007
-7.188731,336.375,7531,17125,0.953435,-0.0346704,-0.243712,876840129
-7.166167,336.375,7531,17125,0.954454,-0.0387492,-0.247791,876862693
-7.136610,336.375,7531,17125,0.951395,-0.0407887,-0.246771,876892250
-7.115232,336.375,7531,17125,0.950376,-0.0367098,-0.24983,876913628
-7.092874,336.375,7531,17125,0.952415,-0.0326309,-0.247791,876935986
-7.065997,336.375,7531,17125,0.952415,-0.0346704,-0.247791,876962863
-7.044160,336.375,7531,17125,0.951395,-0.0397689,-0.248811,876984700
-7.015816,336.375,7531,17125,0.950376,-0.0367098,-0.245752,877013044
-6.985888,336.375,7531,17125,0.951395,-0.0387492,-0.25289,877042972
-6.960705,336.375,7531,17125,0.950376,-0.0377295,-0.248811,877068155
-6.935733,336.375,7531,17125,0.951395,-0.0336506,-0.248811,877093127
-6.905317,336.375,7531,17131,0.950376,-0.0336506,-0.25085,877123543
-6.883490,336.375,7531,17131,0.949356,-0.0377295,-0.247791,877145370
-6.860171,336.375,7531,17131,0.953435,-0.0387492,-0.243712,877168689
-6.832193,336.375,7531,17131,0.950376,-0.0377295,-0.245752,877196667
-6.784986,336.375,7531,17131,0.951395,-0.0336506,-0.244732,877243874
-6.762653,336.438,7531,17131,0.952415,-0.0336506,-0.243712,877266207
-6.731913,336.438,7531,17131,0.951395,-0.0367098,-0.245752,877296947
-6.708801,336.438,7531,17131,0.952415,-0.0377295,-0.248811,877320059
-6.683782,336.438,7531,17131,0.952415,-0.0397689,-0.25085,877345078
-6.658912,336.438,7531,17131,0.951395,-0.0367098,-0.245752,877369948
-6.634325,336.438,7531,17131,0.952415,-0.0377295,-0.246771,877394535
-6.610436,336.438,7531,17131,0.950376,-0.0336506,-0.246771,877418424
-6.584293,336.438,7531,17131,0.951395,-0.0346704,-0.24983,877444567
-6.562853,336.438,7531,17131,0.951395,-0.0397689,-0.25085,877466007
-6.533922,336.438,7531,17131,0.948336,-0.0407887,-0.246771,877494938
-6.511762,336.438,7531,17131,0.951395,-0.0387492,-0.235554,877517098
-6.483717,336.438,7531,17131,0.949356,-0.0377295,-0.243712,877545143
-6.462061,336.438,7531,17131,0.950376,-0.0305915,-0.253909,877566799
-6.433743,336.438,7531,17131,0.951395,-0.0356901,-0.25187,877595117
-6.412287,336.438,7531,17131,0.951395,-0.0346704,-0.248811,877616573
-6.383299,336.438,7537,17131,0.950376,-0.0346704,-0.246771,877645561
-6.349357,336.438,7537,17137,0.953435,-0.0346704,-0.243712,877679503
-6.322144,336.438,7537,17137,0.950376,-0.0367098,-0.243712,877706716
-6.293062,336.438,7537,17137,0.952415,-0.0367098,-0.247791,877735798
-6.269624,336.438,7537,17137,0.951395,-0.0326309,-0.25085,877759236
-6.232155,336.5,7537,17137,0.954454,-0.0367098,-0.243712,877796705
-6.208406,336.5,7537,17137,0.954454,-0.0387492,-0.234535,877820454
-6.182215,336.5,7537,17137,0.953435,-0.0428281,-0.242692,877846645
-6.152443,336.5,7531,17137,0.947316,-0.0377295,-0.253909,877876417
-6.130126,336.5,7531,17137,0.950376,-0.0367098,-0.254929,877898734
-6.106826,336.5,7531,17137,0.951395,-0.0356901,-0.25085,877922034
-6.081982,336.5,7531,17137,0.952415,-0.0367098,-0.237594,877946878
-6.058122,336.5,7531,17137,0.953435,-0.0418084,-0.245752,877970738
-6.031890,336.5,7531,17137,0.950376,-0.0428281,-0.247791,877996970
-6.009257,336.5,7531,17137,0.949356,-0.0367098,-0.255949,878019603
-5.981989,336.5,7531,17137,0.952415,-0.0336506,-0.248811,878046871
-5.957920,336.5,7531,17137,0.951395,-0.0275323,-0.245752,878070940
-5.931274,336.5,7531,17137,0.950376,-0.0305915,-0.246771,878097586
-5.905192,336.5,7531,17143,0.952415,-0.0346704,-0.239633,878123668
-5.870894,336.5,7531,17137,0.949356,-0.0428281,-0.25187,878157966
-5.810544,336.5,7531,17137,0.951395,-0.0336506,-0.243712,878218316
-5.779157,336.5,7531,17137,0.952415,-0.0305915,-0.25085,878249703
-5.750074,336.5,7531,17131,0.952415,-0.0316112,-0.24983,878278786
-5.679712,336.5,7531,17125,0.949356,-0.0499661,-0.245752,878349148
-5.657057,336.5,7531,17125,0.950376,-0.0367098,-0.246771,878371803
-5.630150,336.5,7531,17125,0.950376,-0.0336506,-0.24983,878398710
-5.598941,336.5,7531,17125,0.950376,-0.0316112,-0.25187,878429919
-5.576415,336.5,7531,17125,0.950376,-0.0428281,-0.246771,878452445
-5.549091,336.562,7531,17131,0.952415,-0.0489464,-0.240653,878479769
-5.525597,336.562,7531,17131,0.951395,-0.0418084,-0.241673,878503263
-5.499008,336.562,7531,17137,0.951395,-0.0367098,-0.248811,878529852
-5.476196,336.562,7531,17137,0.951395,-0.0244732,-0.255949,878552664
-5.453767,336.562,7531,17137,0.952415,-0.0234535,-0.248811,878575093
-5.428630,336.562,7531,17137,0.954454,-0.0305915,-0.242692,878600230
-5.400635,336.562,7531,17131,0.953435,-0.0397689,-0.238614,878628225
-5.378375,336.625,7531,17131,0.951395,-0.0469069,-0.243712,878650485
-5.352825,336.625,7531,17131,0.951395,-0.0407887,-0.242692,878676035
-5.328250,336.562,7531,17131,0.949356,-0.0316112,-0.257988,878700610
-5.306234,336.562,7531,17131,0.950376,-0.0285521,-0.24983,878722626
-5.278413,336.562,7531,17131,0.953435,-0.0285521,-0.248811,878750447
-5.256487,336.562,7531,17125,0.951395,-0.0448675,-0.234535,878772373
-5.217852,336.562,7531,17125,0.950376,-0.0499661,-0.24983,878811008
-5.195258,336.562,7531,17125,0.947316,-0.0458872,-0.257988,878833602
-5.168338,336.562,7531,17125,0.951395,-0.0326309,-0.25289,878860522
-5.137380,336.562,7531,17131,0.954454,-0.0295718,-0.234535,878891480
-5.107339,336.625,7531,17131,0.953435,-0.0387492,-0.246771,878921521
-5.084471,336.625,7531,17131,0.952415,-0.0438478,-0.25289,878944389
-5.058154,336.625,7531,17131,0.951395,-0.0397689,-0.255949,878970706
-5.006959,336.625,7531,17125,0.956494,-0.0295718,-0.228416,879021901
-4.985163,336.625,7531,17125,0.953435,-0.0316112,-0.245752,879043697
-4.958118,336.625,7531,17131,0.950376,-0.0367098,-0.25289,879070742
-4.926948,336.625,7531,17125,0.951395,-0.0428281,-0.261047,879101912
-4.900394,336.625,7531,17125,0.954454,-0.0367098,-0.227397,879128466
-4.876178,336.625,7531,17125,0.954454,-0.0346704,-0.227397,879152682
-4.854188,336.625,7531,17125,0.951395,-0.0316112,-0.245752,879174672
-4.826039,336.625,7531,17125,0.948336,-0.0407887,-0.269205,879202821
-4.800638,336.625,7531,17125,0.949356,-0.0407887,-0.259008,879228222
-4.766322,336.625,7531,17125,0.953435,-0.0428281,-0.234535,879262538
-4.733321,336.625,7531,17125,0.952415,-0.0367098,-0.234535,879295539
-4.685305,336.562,7525,17125,0.946297,-0.0367098,-0.264107,879343555
-4.661793,336.562,7525,17125,0.950376,-0.0346704,-0.254929,879367067
-4.633285,336.562,7531,17125,0.953435,-0.0387492,-0.232495,879395575
-4.605194,336.562,7531,17125,0.954454,-0.0377295,-0.233515,879423666
-4.582726,336.562,7531,17125,0.950376,-0.0326309,-0.25085,879446134
-4.559722,336.562,7531,17125,0.949356,-0.0326309,-0.257988,879469138
-4.525967,336.562,7531,17125,0.950376,-0.0305915,-0.266146,879502893
-4.500266,336.625,7531,17125,0.955474,-0.0305915,-0.233515,879528594
-4.474860,336.625,7537,,-143,0,3945,879554000
-4.451023,336.625,7537,17118,0.952415,-0.0407887,-0.232495,879577837
-4.421331,336.625,7531,17112,0.949356,-0.0407887,-0.260028,879607529
-4.397946,336.625,7531,17112,0.949356,-0.0356901,-0.255949,879630914
-4.373898,336.625,7531,17118,0.950376,-0.0397689,-0.25085,879654962
-4.350764,336.688,7531,17118,0.954454,-0.0367098,-0.226377,879678096
-4.321733,336.688,7531,17112,0.951395,-0.0458872,-0.241673,879707127
-4.299423,336.625,7531,17112,0.950376,-0.0458872,-0.254929,879729437
-4.273950,336.625,7531,17112,0.947316,-0.0448675,-0.259008,879754910
-4.251512,336.625,7531,17112,0.951395,-0.0407887,-0.257988,879777348
-4.203115,336.625,7531,17112,0.951395,-0.0418084,-0.236574,879825745
-4.180569,336.625,7531,17112,0.950376,-0.0367098,-0.246771,879848291
-4.159259,336.562,7531,17112,0.948336,-0.0356901,-0.256968,879869601
-4.132783,336.562,7531,17112,0.950376,-0.0346704,-0.269205,879896077
-4.081090,336.625,7531,17112,0.952415,-0.0316112,-0.234535,879947770
-4.053040,336.625,7531,17112,0.955474,-0.0316112,-0.229436,879975820
-4.020475,336.625,7531,17112,0.947316,-0.0356901,-0.260028,880008385
-3.996967,336.625,7531,17112,0.950376,-0.0377295,-0.261047,880031893
-3.945786,336.688,7531,17112,0.955474,-0.0316112,-0.230456,880083074
-3.920736,336.688,7531,17106,0.953435,-0.0418084,-0.235554,880108124
-3.897169,336.688,7531,17100,0.952415,-0.0418084,-0.240653,880131691
-3.871837,336.688,7531,17100,0.949356,-0.0458872,-0.253909,880157023
-3.839569,336.688,7531,1.71191e+08,-380,0,3947,880189291
-3.817910,336.688,7531,17100,0.950376,-0.0397689,-0.243712,880210950
-3.791362,336.688,7531,17100,0.955474,-0.0397689,-0.228416,880237498
-3.769076,336.688,7531,17100,0.948336,-0.0418084,-0.244732,880259784
-3.727416,336.625,7531,17100,0.948336,-0.0448675,-0.262067,880301444
-3.698994,336.625,7531,17106,0.953435,-0.0367098,-0.246771,880329866
-3.671836,336.625,7531,17106,0.954454,-0.0346704,-0.235554,880357024
-3.648569,336.625,7531,17106,0.953435,-0.0377295,-0.235554,880380291
-3.620115,336.625,7525,17106,0.949356,-0.0356901,-0.270225,880408745
-3.597163,336.562,7525,17112,0.949356,-0.0265126,-0.268185,880431697
-3.570497,336.625,7531,,-240,0,3945,880458363
-3.517659,336.688,7531,17100,0.952415,-0.0356901,-0.235554,880511201
-3.496276,336.688,7531,17093,0.951395,-0.0489464,-0.24983,880532584
-3.470264,336.688,7531,17093,0.947316,-0.0438478,-0.261047,880558596
-3.448130,336.688,7531,17093,0.953435,-0.0367098,-0.255949,880580730
-3.419741,336.688,7537,17093,0.953435,-0.0326309,-0.245752,880609119
-3.395987,336.688,7537,17087,0.956494,-0.0295718,-0.229436,880632873
-3.369734,336.75,7531,,-195,0,3945,880659126
-3.347399,336.75,7531,17081,0.949356,-0.0530252,-0.261047,880681461
-3.326283,336.75,7531,17081,0.948336,-0.0509858,-0.266146,880702577
-3.293273,336.688,7531,17081,0.952415,-0.0418084,-0.244732,880735587
-3.269443,336.688,7531,17087,0.954454,-0.0326309,-0.234535,880759417
-3.239136,336.688,7531,,-253,0,3947,880789724
-3.197643,336.688,7531,17093,0.951395,-0.0418084,-0.260028,880831217
-3.168581,336.688,7525,17093,0.947316,-0.0428281,-0.260028,880860279
-3.138786,336.688,7531,,-180,0,3945,880890074
-3.084945,336.688,7531,17112,0.951395,-0.0244732,-0.24983,880943915
-3.058616,336.688,7531,17112,0.949356,-0.0316112,-0.263087,880970244
-3.037283,336.688,7531,,-247,0,3947,880991577
-2.985159,336.75,7531,17100,0.954454,-0.0367098,-0.230456,881043701
-2.958207,336.75,7531,17100,0.955474,-0.0336506,-0.234535,881070653
-2.927961,336.75,7531,17087,0.950376,-0.0397689,-0.25289,881100899
-2.897741,336.75,7531,17081,0.947316,-0.0418084,-0.267166,881131119
-2.874522,336.75,7531,17075,0.950376,-0.0407887,-0.243712,881154338
-2.841803,336.812,7531,17075,0.951395,-0.0469069,-0.224338,881187057
-2.817315,336.812,7531,17075,0.954454,-0.0428281,-0.234535,881211545
-2.790775,336.75,7531,17075,0.950376,-0.0428281,-0.259008,881238085
-2.758048,336.75,7531,17075,0.947316,-0.0397689,-0.264107,881270812
-2.726981,336.75,7531,17081,0.954454,-0.0367098,-0.240653,881301879
-2.675854,336.75,7531,17075,0.954454,-0.0346704,-0.233515,881353006
-2.647004,336.688,7531,17075,0.951395,-0.0387492,-0.257988,881381856
-2.624720,336.688,7531,17087,0.947316,-0.0285521,-0.263087,881404140
-2.596301,336.688,7531,17087,0.955474,-0.0244732,-0.254929,881432559
-2.575101,336.688,7531,17093,0.956494,-0.0254929,-0.230456,881453759
-2.546269,336.688,7531,17093,0.956494,-0.0336506,-0.233515,881482591
-2.515950,336.688,7531,17081,0.952415,-0.0367098,-0.256968,881512910
-2.493188,336.75,7531,17081,0.949356,-0.0356901,-0.268185,881535672
-2.465952,336.75,7525,17081,0.952415,-0.0336506,-0.255949,881562908
-2.444230,336.75,7531,17075,0.952415,-0.0336506,-0.230456,881584630
-2.420819,336.812,7531,17068,0.953435,-0.0397689,-0.231476,881608041
-2.395428,336.812,7531,17056,0.951395,-0.0458872,-0.245752,881633432
-2.363909,336.812,7531,17056,0.950376,-0.0458872,-0.262067,881664951
-2.340663,336.812,7531,17056,0.950376,-0.0397689,-0.253909,881688197
-2.310382,336.875,7531,17062,0.955474,-0.0377295,-0.234535,881718478
-2.287381,336.875,7531,17062,0.956494,-0.0377295,-0.231476,881741479
-2.260120,336.875,7531,17062,0.951395,-0.0428281,-0.245752,881768740
-2.235091,336.875,7531,,-377,0,3947,881793769
-2.194189,336.875,7537,17068,0.954454,-0.0367098,-0.243712,881834671
-2.164613,336.875,7537,17075,0.955474,-0.0316112,-0.235554,881864247
-2.140177,336.875,7531,17081,0.953435,-0.0285521,-0.229436,881888683
-2.104604,336.75,7531,17081,0.950376,-0.0346704,-0.257988,881924256
-2.082045,336.75,7531,17081,0.948336,-0.0356901,-0.266146,881946815
-2.055285,336.75,7531,17081,0.951395,-0.0356901,-0.253909,881973575
-2.022712,336.75,7531,17075,0.953435,-0.0305915,-0.235554,882006148
-2.001389,336.75,7525,17081,0.950376,-0.0356901,-0.25187,882027471
-1.974048,336.688,7525,17075,0.949356,-0.0336506,-0.259008,882054812
-1.950755,336.75,7525,17075,0.948336,-0.0346704,-0.271245,882078105
-1.926184,336.75,7525,17068,0.953435,-0.0346704,-0.245752,882102676
-1.900616,336.812,7531,17062,0.955474,-0.0407887,-0.231476,882128244
-1.879200,336.812,7531,17056,0.955474,-0.0418084,-0.225357,882149660
-1.852169,336.812,7531,17056,0.947316,-0.0469069,-0.262067,882176691
-1.830168,336.812,7531,17056,0.947316,-0.0479267,-0.272264,882198692
-1.798731,336.875,7531,17056,0.952415,-0.0387492,-0.243712,882230129
-1.772840,336.875,7531,17056,0.955474,-0.0346704,-0.231476,882256020
-1.719228,336.875,7531,17056,0.951395,-0.0458872,-0.25187,882309632
-1.684130,336.875,7531,17056,0.951395,-0.0418084,-0.259008,882344730
-1.659860,336.875,7531,17062,0.954454,-0.0336506,-0.244732,882369000
-1.636864,336.812,7531,,-355,0,3944,882391996
-1.612079,336.812,7531,17075,0.952415,-0.0265126,-0.232495,882416781
-1.588719,336.812,7531,17075,0.951395,-0.0367098,-0.248811,882440141
-1.561596,336.812,7525,17075,0.948336,-0.0367098,-0.266146,882467264
-1.539055,336.812,7525,17075,0.949356,-0.0418084,-0.255949,882489805
-1.509070,336.812,7525,17075,0.954454,-0.0295718,-0.243712,882519790
-1.487165,336.812,7525,17075,0.954454,-0.0305915,-0.238614,882541695
-1.460680,336.875,7525,17081,0.953435,-0.0346704,-0.24983,882568180
-1.409043,336.875,7525,17075,0.948336,-0.0499661,-0.256968,882619817
-1.385115,336.875,7525,17068,0.951395,-0.0448675,-0.253909,882643745
-1.350701,336.938,7531,17068,0.951395,-0.0418084,-0.241673,882678159
-1.329334,336.938,7531,17068,0.955474,-0.0305915,-0.233515,882699526
-1.307050,336.938,7531,17075,0.952415,-0.0275323,-0.247791,882721810
-1.284979,336.938,7531,17068,0.948336,-0.0438478,-0.253909,882743881
-1.260547,337,7531,17068,0.950376,-0.0489464,-0.260028,882768313
-1.229975,336.938,7531,17068,0.954454,-0.0469069,-0.238614,882798885
-1.206846,336.938,7531,17068,0.956494,-0.0407887,-0.230456,882822014
-1.159707,336.875,7531,17075,0.955474,-0.0244732,-0.246771,882869153
-1.133151,336.875,7531,17081,0.950376,-0.0326309,-0.262067,882895709
-1.108483,336.875,7525,17081,0.950376,-0.0489464,-0.25085,882920377
-1.086633,336.875,7525,17081,0.949356,-0.0448675,-0.241673,882942227
-1.059853,336.875,7531,17081,0.950376,-0.0418084,-0.234535,882969007
-1.038046,336.812,7525,17081,0.949356,-0.0346704,-0.25085,882990814
-1.016218,336.812,7525,17087,0.948336,-0.0275323,-0.265126,883012642
-0.989136,336.812,7525,17093,0.947316,-0.0285521,-0.265126,883039724
-0.958988,336.875,7525,17093,0.951395,-0.0356901,-0.247791,883069872
-0.928235,336.938,7525,17087,0.954454,-0.0438478,-0.232495,883100625
-0.906199,336.938,7525,17087,0.951395,-0.0428281,-0.247791,883122661
-0.884367,336.938,7525,17087,0.950376,-0.0387492,-0.261047,883144493
-0.858924,337,7525,17087,0.948336,-0.0377295,-0.263087,883169936
-0.828509,337,7531,17087,0.956494,-0.0305915,-0.232495,883200351
-0.798107,337.062,7531,17081,0.956494,-0.0356901,-0.227397,883230753
-0.775982,337.062,7531,17081,0.951395,-0.0428281,-0.239633,883252878
-0.748218,337.062,7531,17081,0.952415,-0.0489464,-0.255949,883280642
-0.718158,337.062,7531,17075,0.951395,-0.0469069,-0.25289,883310702
-0.695236,337,7531,17075,0.951395,-0.0326309,-0.234535,883333624
-0.637473,337,7531,17075,0.952415,-0.0346704,-0.242692,883391387
-0.614377,337,7525,17075,0.949356,-0.0458872,-0.260028,883414483
-0.588783,336.938,7525,17075,0.947316,-0.0458872,-0.260028,883440077
-0.566298,336.938,7525,17081,0.953435,-0.0356901,-0.243712,883462562
-0.537129,336.938,7525,17093,0.953435,-0.0295718,-0.237594,883491731
-0.513106,336.875,7525,17093,0.952415,-0.0285521,-0.25085,883515754
-0.481413,336.938,7525,17093,0.949356,-0.0397689,-0.270225,883547447
-0.447293,336.938,7525,17100,0.950376,-0.0367098,-0.265126,883581567
-0.425073,337,7531,17100,0.952415,-0.0387492,-0.232495,883603787
-0.396236,337,7531,17100,0.953435,-0.0265126,-0.230456,883632624
-0.346586,337.062,7531,17100,0.950376,-0.0387492,-0.261047,883682274
-0.319169,337.062,7531,17093,0.949356,-0.0407887,-0.262067,883709691
-0.295481,337.125,7531,17087,0.950376,-0.0458872,-0.239633,883733379
-0.267171,337.125,7537,17087,0.952415,-0.0346704,-0.220259,883761689
-0.243928,337.125,7537,17087,0.956494,-0.0356901,-0.231476,883784932
-0.216131,337.125,7531,17087,0.950376,-0.0387492,-0.246771,883812729
-0.165415,337.125,7531,17087,0.959553,-0.0377295,-0.248811,883863445
-0.084089,337.062,7531,17093,0.962612,-0.0254929,-0.230456,883944771
-0.055426,337,7531,17100,0.942218,-0.0152957,-0.246771,883973434
0.019394,336.562,7531,17093,1.17573,-0.0887153,-0.329368,884048254
0.045292,336,7531,17087,1.47961,-0.100952,-0.39667,884074152
0.070219,335.562,7537,17087,2.26785,-0.146839,-0.628145,884099079
0.117926,334.062,7537,17150,3.76989,-0.221278,-1.05643,884146786
0.155485,333.812,7537,17193,4.01768,-0.242692,-1.2257,884184345
0.176761,333.125,7537,17187,4.01768,-0.17845,-1.29402,884205621
0.205957,331.562,7518,17168,4.01768,-0.277363,-1.47961,884234817
0.249269,330.25,7506,17100,4.01768,-0.429301,-1.9966,884278129
0.274521,330.438,7506,17112,4.01768,-0.491503,-2.00272,884303381
0.307131,331.25,7518,17068,4.01768,-0.303875,-2.17709,884335991
0.356277,333.812,7618,16900,4.01768,-0.181509,-2.08328,884385137
0.378861,336.75,7731,16593,4.01768,-0.0132563,-2.00068,884407721
0.408796,340.938,7875,15925,4.01768,0.0387492,-1.81815,884437656
0.438021,346.312,7981,14650,4.01768,0.0887153,-1.69885,884466881
0.467764,352.875,7956,12881,4.01768,0.25187,-1.73658,884496624
0.503503,0.4375,7718,11331,4.01768,0.377295,-1.60809,884532363
0.526284,6.25,7443,10793,4.01768,0.455813,-1.53263,884555144
0.550666,16.625,6893,10731,4.01768,0.606731,-1.19817,884579526
0.577951,30.5,6243,11393,4.01768,0.660776,-0.901429,884606811
0.610320,52.375,5562,12762,4.01768,0.583278,-0.0887153,884639180
0.639458,91.375,4987,14862,4.01768,-0.0713801,0.50476,884668318
0.661363,132,4781,16550,4.01768,-0.875936,0.723999,884690223
0.691757,194.5,4681,-17157,4.01768,-1.62849,0.942218,884720617
0.718179,217.625,4587,-16294,4.01768,-1.71006,1.01972,884747039
0.747961,185.562,4218,-16294,4.01768,-1.59076,1.60707,884776821
0.770650,175.688,3612,-17732,4.01768,-0.489464,2.05167,884799510
0.801052,164.5,3043,16300,4.01768,0.809655,2.19647,884829912
0.828503,162,2725,15681,4.01768,1.11659,2.65024,884857363
0.850784,167.938,2268,16556,4.01768,0.10605,3.04895,884879644
0.873089,175.125,2043,17981,4.01768,-0.715841,3.3722,884901949
0.909107,183,1562,-16307,4.01768,-1.77431,4.03094,884937967
0.939634,180.562,856,-17569,4.01768,0.0173352,4.00748,884968494
0.983242,180.875,-19,17287,4.01768,0.461931,4.03094,885012102
1.010121,186,-463,-17032,4.01768,-1.138,4.03094,885038981
1.039115,188.75,-700,-15832,4.01768,-1.48675,4.03094,885067975
1.060865,190.875,-1325,-15744,4.01768,-0.565943,4.03094,885089725
1.091237,193.75,-2119,-16788,4.01768,0.0795379,4.03094,885120097
1.120583,196.938,-2757,-16038,4.01768,-0.387492,4.03094,885149443
1.150322,121.125,-3369,-14757,4.01768,-1.28382,4.03094,885179182
1.171875,132.938,-3919,-14644,4.01768,-0.398709,4.03094,885200735
1.200118,146,-4500,-14588,4.01768,-0.586337,4.03094,885228978
1.231073,154.188,-5569,-13132,4.01768,-1.1533,4.03094,885259933
1.260752,169.5,-6488,-11857,4.01768,-0.505779,4.03094,885289612
1.282933,178.688,-6938,-10125,4.00952,0.207002,4.03094,885311793
1.310970,177.25,-6707,-5769,4.01768,-0.122366,4.03094,885339830
