t_s,agl,irq_runs,uptime_us
-29.920294,0.025,1,854108566
-29.863570,0.025,0,854165290
-29.823366,0.028,1,854205494
-29.762890,0.028,0,854265970
-29.724215,0.026,1,854304645
-29.661732,0.026,0,854367128
-29.634426,0.027,1,854394434
-29.567417,0.027,0,854461443
-29.521977,0.025,1,854506883
-29.431948,0.027,1,854596912
-29.380434,0.027,0,854648426
-29.334268,0.026,1,854694592
-29.279323,0.026,0,854749537
-29.240712,0.027,1,854788148
-29.180007,0.027,0,854848853
-29.121060,0.026,1,854907800
-29.062720,0.026,0,854966140
-29.024764,0.027,1,855004096
-28.952101,0.027,0,855076759
-28.939822,0.026,1,855089038
-28.867080,0.026,0,855161780
-28.831952,0.027,1,855196908
-28.766217,0.027,0,855262643
-28.730092,0.025,1,855298768
-28.661439,0.025,0,855367421
-28.629277,0.026,1,855399583
-28.565230,0.026,0,855463630
-28.531410,0.025,1,855497450
-28.425401,0.027,1,855603459
-28.353406,0.026,0,855675454
-28.342239,0.026,1,855686621
-28.239429,0.027,1,855789431
-28.166482,0.027,0,855862378
-28.152440,0.025,1,855876420
-28.082439,0.025,0,855946421
-28.047047,0.026,1,855981813
-27.993429,0.026,0,856035431
-27.932437,0.026,1,856096423
-27.862021,0.026,0,856166839
-27.849038,0.027,1,856179822
-27.791566,0.027,0,856237294
-27.753711,0.026,1,856275149
-27.692327,0.026,0,856336533
-27.661314,0.025,1,856367546
-27.598074,0.025,0,856430786
-27.530221,0.027,1,856498639
-27.434105,0.027,1,856594755
-27.379075,0.027,0,856649785
-27.362530,0.026,1,856666330
-27.308124,0.026,0,856720736
-27.249955,0.026,1,856778905
-27.180746,0.026,0,856848114
-27.145846,0.027,1,856883014
-27.083230,0.027,0,856945630
-27.068520,0.026,1,856960340
-27.016462,0.026,0,857012398
-26.941309,0.026,1,857087551
-26.879780,0.026,0,857149080
-26.868332,0.028,1,857160528
-26.796993,0.028,0,857231867
-26.764769,0.027,1,857264091
-26.700604,0.027,0,857328256
-26.665197,0.026,1,857363663
-26.609051,0.026,0,857419809
-26.569181,0.025,1,857459679
-26.510781,0.025,0,857518079
-26.445827,0.026,1,857583033
-26.379987,0.026,0,857648873
-26.368473,0.027,1,857660387
-26.307084,0.027,0,857721776
-26.272703,0.026,1,857756157
-26.202290,0.026,0,857826570
-26.166582,0.028,1,857862278
-26.093324,0.028,0,857935536
-26.054881,0.026,1,857973979
-25.992824,0.026,0,858036036
-25.981466,0.024,1,858047394
-25.869338,0.027,1,858159522
-25.772446,0.025,1,858256414
-25.701872,0.025,0,858326988
-25.669403,0.027,1,858359457
-25.592224,0.027,0,858436636
-25.581333,0.023,1,858447527
-25.513599,0.023,0,858515261
-25.473435,0.025,1,858555425
-25.378788,0.026,1,858650072
-25.322259,0.026,0,858706601
-25.288319,0.025,1,858740541
-25.223428,0.025,0,858805432
-25.185272,0.027,1,858843588
-25.120712,0.027,0,858908148
-25.085676,0.027,1,858943184
-25.033213,0.027,0,858995647
-24.979276,0.026,1,859049584
-24.910557,0.026,0,859118303
-24.896089,0.026,1,859132771
-24.835995,0.026,0,859192865
-24.781215,0.027,1,859247645
-24.712461,0.027,0,859316399
-24.679623,0.027,1,859349237
-24.608796,0.027,0,859420064
-24.592133,0.026,1,859436727
-24.483433,0.025,1,859545427
-24.397945,0.027,1,859630915
-24.345356,0.027,0,859683504
-24.288230,0.026,1,859740630
-24.226619,0.026,0,859802241
-24.190813,0.025,1,859838047
-24.121384,0.025,0,859907476
-24.105954,0.028,1,859922906
-24.039626,0.028,0,859989234
-24.006475,0.026,1,860022385
-23.924564,0.026,0,860104296
-23.888544,0.026,1,860140316
-23.826551,0.026,0,860202309
-23.787125,0.025,1,860241735
-23.735280,0.025,0,860293580
-23.693403,0.029,1,860335457
-23.634621,0.029,0,860394239
-23.602937,0.025,1,860425923
-23.542681,0.025,0,860486179
-23.502746,0.028,1,860526114
-23.414833,0.028,1,860614027
-23.361215,0.028,0,860667645
-23.315891,0.026,1,860712969
-23.262261,0.026,0,860766599
-23.218926,0.028,1,860809934
-23.153402,0.028,0,860875458
-23.112748,0.028,1,860916112
-23.051601,0.028,0,860977259
-23.020032,0.027,1,861008828
-22.931496,0.027,0,861097364
-22.919280,0.028,1,861109580
-22.858878,0.028,0,861169982
-22.804759,0.026,1,861224101
-22.732421,0.026,0,861296439
-22.713479,0.027,1,861315381
-22.643719,0.027,0,861385141
-22.609438,0.026,1,861419422
-22.535545,0.026,0,861493315
-22.513463,0.027,1,861515397
-22.416786,0.026,1,861612074
-22.364188,0.026,0,861664672
-22.326382,0.026,1,861702478
-22.256897,0.026,0,861771963
-22.225523,0.027,1,861803337
-22.170784,0.027,0,861858076
-22.131686,0.027,1,861897174
-22.073492,0.027,0,861955368
-22.027098,0.026,1,862001762
-21.944458,0.026,0,862084402
-21.930151,0.027,1,862098709
-21.871166,0.027,0,862157694
-21.833166,0.025,1,862195694
-21.767378,0.025,0,862261482
-21.718916,0.027,1,862309944
-21.662851,0.027,0,862366009
-21.620669,0.027,1,862408191
-21.562871,0.027,0,862465989
-21.527994,0.028,1,862500866
-21.431674,0.025,1,862597186
-21.356302,0.025,0,862672558
-21.343253,0.027,1,862685607
-21.285151,0.027,0,862743709
-21.232339,0.027,1,862796521
-21.130737,0.026,1,862898123
-21.071975,0.026,0,862956885
-21.039062,0.026,1,862989798
-20.969024,0.026,0,863059836
-20.915758,0.028,1,863113102
-20.863417,0.028,0,863165443
-20.849565,0.025,1,863179295
-20.793456,0.025,0,863235404
-20.744607,0.028,1,863284253
-20.689118,0.028,0,863339742
-20.631081,0.026,1,863397779
-20.555933,0.026,0,863472927
-20.533463,0.027,1,863495397
-20.468309,0.027,0,863560551
-20.454782,0.025,1,863574078
-20.350539,0.027,1,863678321
-20.290123,0.027,0,863738737
-20.230737,0.027,1,863798123
-20.177260,0.027,0,863851600
-20.136723,0.028,1,863892137
-20.073427,0.028,0,863955433
-20.058636,0.028,1,863970224
-19.960459,0.027,1,864068401
-19.854455,0.026,1,864174405
-19.786444,0.026,0,864242416
-19.743443,0.026,1,864285417
-19.677416,0.026,0,864351444
-19.664980,0.027,1,864363880
-19.597188,0.027,0,864431672
-19.557280,0.027,1,864471580
-19.496837,0.027,0,864532023
-19.465122,0.027,1,864563738
-19.395579,0.027,0,864633281
-19.361925,0.029,1,864666935
-19.294961,0.029,0,864733899
-19.261747,0.026,1,864767113
-19.202015,0.026,0,864826845
-19.169965,0.025,1,864858895
-19.087433,0.025,0,864941427
-19.056237,0.025,1,864972623
-18.989590,0.025,0,865039270
-18.944218,0.028,1,865084642
-18.888771,0.028,0,865140089
-18.853303,0.024,1,865175557
-18.798779,0.024,0,865230081
-18.752268,0.027,1,865276592
-18.681476,0.027,0,865347384
-18.667510,0.025,1,865361350
-18.607293,0.025,0,865421567
-18.570519,0.027,1,865458341
-18.499820,0.027,0,865529040
-18.463266,0.027,1,865565594
-18.383875,0.027,0,865644985
-18.369769,0.027,1,865659091
-18.280705,0.026,1,865748155
-18.222061,0.026,0,865806799
-18.182344,0.026,1,865846516
-18.107299,0.026,0,865921561
-18.072934,0.027,1,865955926
-18.008427,0.027,0,866020433
-17.975701,0.027,1,866053159
-17.910508,0.027,0,866118352
-17.875728,0.028,1,866153132
-17.801108,0.028,0,866227752
-17.779701,0.026,1,866249159
-17.716522,0.026,0,866312338
-17.680351,0.027,1,866348509
-17.608721,0.027,0,866420139
-17.577510,0.025,1,866451350
-17.517137,0.025,0,866511723
-17.493380,0.026,1,866535480
-17.434916,0.026,0,866593944
-17.394569,0.028,1,866634291
-17.293776,0.026,1,866735084
-17.224364,0.026,0,866804496
-17.188033,0.028,1,866840827
-17.124715,0.028,0,866904145
-17.082844,0.026,1,866946016
-17.016078,0.026,0,867012782
-16.984360,0.026,1,867044500
-16.914842,0.026,0,867114018
-16.901548,0.026,1,867127312
-16.842172,0.026,0,867186688
-16.778335,0.027,1,867250525
-16.696484,0.026,1,867332376
-16.632751,0.026,0,867396109
-16.593128,0.028,1,867435732
-16.521796,0.028,0,867507064
-16.502208,0.027,1,867526652
-16.443132,0.027,0,867585728
-16.383631,0.028,1,867645229
-16.313403,0.028,0,867715457
-16.231585,0.026,0,867797275
-16.193185,0.026,1,867835675
-16.122954,0.026,0,867905906
-16.111440,0.027,1,867917420
-16.050153,0.027,0,867978707
-15.987321,0.027,1,868041539
-15.923426,0.027,0,868105434
-15.908879,0.027,1,868119981
-15.857364,0.027,0,868171496
-15.792707,0.028,1,868236153
-15.709876,0.027,1,868318984
-15.650124,0.027,0,868378736
-15.611175,0.026,1,868417685
-15.554809,0.026,0,868474051
-15.518984,0.027,1,868509876
-15.442216,0.027,0,868586644
-15.408309,0.028,1,868620551
-15.352328,0.028,0,868676532
-15.319382,0.026,1,868709478
-15.222790,0.026,1,868806070
-15.168186,0.026,0,868860674
-15.114803,0.026,1,868914057
-15.060203,0.026,0,868968657
-15.018963,0.028,1,869009897
-14.963037,0.028,0,869065823
-14.909555,0.026,1,869119305
-14.756350,0.028,0,869272510
-14.718374,0.025,1,869310486
-14.654696,0.025,0,869374164
-14.611898,0.027,1,869416962
-14.549414,0.027,0,869479446
-14.525756,0.026,1,869503104
-14.454712,0.026,0,869574148
-14.433399,0.027,1,869595461
-14.374292,0.027,0,869654568
-14.326901,0.025,1,869701959
-14.252959,0.025,0,869775901
-14.213390,0.026,1,869815470
-14.151887,0.026,0,869876973
-14.136657,0.025,1,869892203
-14.071530,0.025,0,869957330
-14.017687,0.027,1,870011173
-13.921793,0.025,1,870107067
-13.862579,0.025,0,870166281
-13.813109,0.027,1,870215751
-13.741222,0.026,1,870287638
-13.661908,0.026,0,870366952
-13.643430,0.027,1,870385430
-13.574665,0.027,0,870454195
-13.532311,0.026,1,870496549
-13.472251,0.026,0,870556609
-13.425182,0.026,1,870603678
-13.369085,0.026,0,870659775
-13.335917,0.025,1,870692943
-13.255739,0.025,0,870773121
-13.232014,0.026,1,870796846
-13.165340,0.026,0,870863520
-13.134335,0.027,1,870894525
-13.076588,0.027,0,870952272
-13.043425,0.027,1,870985435
-12.986246,0.027,0,871042614
-12.931797,0.026,1,871097063
-12.878125,0.026,0,871150735
-12.751147,0.027,1,871277713
-12.684275,0.027,0,871344585
-12.652078,0.027,1,871376782
-12.599372,0.027,0,871429488
-12.557001,0.024,1,871471859
-12.501338,0.024,0,871527522
-12.438554,0.026,1,871590306
-12.382128,0.026,0,871646732
-12.340777,0.027,1,871688083
-12.280630,0.027,0,871748230
-12.239694,0.025,1,871789166
-12.180794,0.025,0,871848066
-12.148056,0.027,1,871880804
-12.085478,0.027,0,871943382
-12.050809,0.027,1,871978051
-11.995409,0.027,0,872033451
-11.960154,0.025,1,872068706
-11.902685,0.025,0,872126175
-11.849687,0.026,1,872179173
-11.789813,0.026,0,872239047
-11.752381,0.027,1,872276479
-11.664642,0.028,1,872364218
-11.601501,0.028,0,872427359
-11.499486,0.027,0,872529374
-11.468458,0.027,1,872560402
-11.354361,0.027,1,872674499
-11.283385,0.027,0,872745475
-11.248491,0.025,1,872780369
-11.165798,0.025,1,872863062
-11.109113,0.025,0,872919747
-11.077321,0.028,1,872951539
-11.007420,0.028,0,873021440
-10.972895,0.025,1,873055965
-10.898969,0.025,0,873129891
-10.866038,0.027,1,873162822
-10.801051,0.027,0,873227809
-10.768732,0.025,1,873260128
-10.676770,0.027,1,873352090
-10.607572,0.027,0,873421288
-10.572583,0.025,1,873456277
-10.503459,0.025,0,873525401
-10.467987,0.025,1,873560873
-10.413322,0.025,0,873615538
-10.374001,0.025,1,873654859
-10.316138,0.025,0,873712722
-10.280536,0.028,1,873748324
-10.199866,0.028,0,873828994
-10.188459,0.027,1,873840401
-10.073529,0.027,1,873955331
-10.006551,0.027,0,874022309
-9.973349,0.026,1,874055511
-9.898428,0.026,0,874130432
-9.887417,0.028,1,874141443
-9.823719,0.028,0,874205141
-9.783236,0.027,1,874245624
-9.682764,0.027,1,874346096
-9.625295,0.027,0,874403565
-9.582316,0.027,1,874446544
-9.517626,0.027,0,874511234
-9.480481,0.026,1,874548379
-9.416847,0.026,0,874612013
-9.399267,0.026,1,874629593
-9.329062,0.026,0,874699798
-9.296295,0.026,1,874732565
-9.219635,0.026,0,874809225
-9.181622,0.028,1,874847238
-9.114773,0.028,0,874914087
-9.103208,0.027,1,874925652
-8.980058,0.025,1,875048802
-8.923642,0.025,0,875105218
-8.905852,0.026,1,875123008
-8.805563,0.026,1,875223297
-8.729266,0.026,0,875299594
-8.687251,0.028,1,875341609
-8.629279,0.028,0,875399581
-8.596575,0.025,1,875432285
-8.544753,0.025,0,875484107
-8.511070,0.027,1,875517790
-8.446036,0.027,0,875582824
-8.391862,0.026,1,875636998
-8.331810,0.026,0,875697050
-8.295700,0.026,1,875733160
-8.219782,0.026,0,875809078
-8.208442,0.026,1,875820418
-8.152261,0.026,0,875876599
-8.095819,0.027,1,875933041
-8.044454,0.027,0,875984406
-7.994907,0.026,1,876033953
-7.939256,0.026,0,876089604
-7.897303,0.027,1,876131557
-7.845067,0.027,0,876183793
-7.701758,0.027,1,876327102
-7.644615,0.027,0,876384245
-7.623422,0.027,1,876405438
-7.564381,0.027,0,876464479
-7.513420,0.027,1,876515440
-7.422041,0.024,1,876606819
-7.361928,0.024,0,876666932
-7.322809,0.027,1,876706051
-7.221656,0.025,1,876807204
-7.163552,0.025,0,876865308
-7.123348,0.027,1,876905512
-7.060320,0.027,0,876968540
-7.029209,0.026,1,876999651
-6.956484,0.026,0,877072376
-6.910519,0.027,1,877118341
-6.853944,0.027,0,877174916
-6.799319,0.027,1,877229541
-6.728512,0.025,1,877300348
-6.663389,0.025,0,877365471
-6.630946,0.026,1,877397914
-6.569835,0.026,0,877459025
-6.518288,0.026,1,877510572
-6.459175,0.026,0,877569685
-6.419981,0.026,1,877608879
-6.347122,0.026,0,877681738
-6.335328,0.026,1,877693532
-6.244860,0.026,0,877784000
-6.227103,0.027,1,877801757
-6.160668,0.027,0,877868192
-6.127179,0.029,1,877901681
-6.070290,0.029,0,877958570
-6.029506,0.025,1,877999354
-5.967079,0.025,0,878061781
-5.928978,0.028,1,878099882
-5.864530,0.028,0,878164330
-5.744342,0.027,1,878284518
-5.665231,0.027,0,878363629
-5.625689,0.026,1,878403171
-5.561545,0.026,0,878467315
-5.544807,0.025,1,878484053
-5.482374,0.025,0,878546486
-5.447480,0.027,1,878581380
-5.387621,0.027,0,878641239
-5.349493,0.026,1,878679367
-5.291325,0.026,0,878737535
-5.232692,0.026,1,878796168
-5.162090,0.026,0,878866770
-5.140549,0.026,1,878888311
-5.078213,0.026,0,878950647
-5.046901,0.027,1,878981959
-4.983302,0.027,0,879045558
-4.949643,0.026,1,879079217
-4.879887,0.026,0,879148973
-4.831177,0.026,1,879197683
-4.761933,0.027,0,879266927
-4.750513,0.027,1,879278347
-4.654709,0.026,1,879374151
-4.593368,0.026,0,879435492
-4.556167,0.027,1,879472693
-4.490226,0.027,0,879538634
-4.458929,0.025,1,879569931
-4.393512,0.025,0,879635348
-4.362534,0.026,1,879666326
-4.296142,0.026,0,879732718
-4.264095,0.026,1,879764765
-4.178497,0.026,0,879850363
-4.167490,0.027,1,879861370
-4.101291,0.027,0,879927569
-3.992951,0.024,0,880035909
-3.960989,0.024,1,880067871
-3.894426,0.024,0,880134434
-3.863361,0.028,1,880165499
-3.797293,0.028,0,880231567
-3.763412,0.026,1,880265448
-3.690161,0.026,0,880338699
-3.658410,0.026,1,880370450
-3.593060,0.026,0,880435800
-3.561294,0.024,1,880467566
-3.499514,0.024,0,880529346
-3.463572,0.025,1,880565288
-3.401613,0.025,0,880627247
-3.365223,0.027,1,880663637
-3.308893,0.027,0,880719967
-3.267058,0.028,1,880761802
-3.186226,0.028,0,880842634
-3.166336,0.027,1,880862524
-3.072610,0.022,1,880956250
-2.970727,0.024,1,881058133
-2.894419,0.024,0,881134441
-2.883359,0.026,1,881145501
-2.813442,0.026,0,881215418
-2.782536,0.025,1,881246324
-2.703421,0.025,0,881325439
-2.666066,0.027,1,881362794
-2.610721,0.027,0,881418139
-2.569800,0.025,1,881459060
-2.509118,0.025,0,881519742
-2.473972,0.026,1,881554888
-2.416701,0.026,0,881612159
-2.369348,0.028,1,881659512
-2.307073,0.028,0,881721787
-2.290513,0.028,1,881738347
-2.231147,0.028,0,881797713
-2.180015,0.027,1,881848845
-2.101160,0.027,0,881927700
-2.089995,0.024,1,881938865
-2.019287,0.024,0,882009573
-1.986415,0.026,1,882042445
-1.922832,0.026,0,882106028
-1.890608,0.027,1,882138252
-1.828484,0.027,0,882200376
-1.793821,0.027,1,882235039
-1.686150,0.027,1,882342710
-1.619924,0.027,0,882408936
-1.581203,0.028,1,882447657
-1.511899,0.028,0,882516961
-1.491774,0.026,1,882537086
-1.431641,0.026,0,882597219
-1.392385,0.026,1,882636475
-1.324790,0.026,0,882704070
-1.291435,0.028,1,882737425
-1.226701,0.028,0,882802159
-1.194712,0.027,1,882834148
-1.106213,0.027,1,882922647
-1.051352,0.027,0,882977508
-0.998464,0.027,1,883030396
-0.924901,0.027,0,883103959
-0.911110,0.026,1,883117750
-0.854968,0.026,0,883173892
-0.803430,0.028,1,883225430
-0.743777,0.028,0,883285083
-0.701961,0.027,1,883326899
-0.605083,0.027,1,883423777
-0.535313,0.027,0,883493547
-0.517488,0.027,1,883511372
-0.442332,0.027,0,883586528
-0.402816,0.027,1,883626044
-0.342536,0.027,0,883686324
-0.300327,0.025,1,883728533
-0.239907,0.025,0,883788953
-0.198816,0.027,1,883830044
-0.102915,0.026,1,883925945
-0.049134,0.026,0,883979726
-0.013441,0.026,1,884015419
0.049379,0.026,0,884078239
0.088297,0.025,1,884117157
0.158885,0.025,0,884187745
0.200074,0.028,1,884228934
0.283713,0.015,1,884312573
0.347094,0.015,0,884375954
