854060254;1.7639999;0.343;-0.098;1
854073261;1.7639999;0.294;-0.098;1
854094970;1.7149999;0.294;-0.147;1
854110986;1.7149999;0.294;-0.049;1
854123754;1.813;0.244999984;-0.098;1
854134766;1.813;0.244999984;-0.049;1
854147385;1.7149999;0.392;0.0;1
854159955;1.7149999;0.244999984;-0.147;1
854175108;1.7639999;0.244999984;-0.098;1
854194783;1.7149999;0.294;-0.098;1
854207814;1.7639999;0.294;-0.098;1
854226230;1.7639999;0.294;-0.098;1
854237118;1.7639999;0.244999984;-0.098;1
854247720;1.7639999;0.294;-0.098;1
854259167;1.7149999;0.@20000101_000006_898573_imu_lsm6dso32.csv@854261866;0.98576;0.056608;-0.00976;0;0;-21;1
854269771;1.862;0.244999984;-0.049;1
854281217;1.7639999;0.343;-0.098;1
854293769;1.7149999;0.294;-0.049;1
854307466;1.7149999;0.294;-0.049;1
854325210;1.7639999;0.294;0.0;1
854338526;1.7639999;0.244999984;-0.098;1
854350379;1.813;0.294;-0.098;1
854384832;1.7639999;0.244999984;-0.098;1
854403000;1.7639999;0.196;-0.098;1
854427583;1.7639999;0.294;-0.098;1
854437858;1.7639999;0.196;-0.098;1
854456250;1.7639999;0.294;0.0;1
854476767;1.7639999;0.294;-0.049;1
854487770;1.7149999;0.244999984;-0.049;1
854504752;1.7639999;0.294;-0.098;1
854517312;1.7149999;0.294;-0.049;1
854534849;1.813;0.294;-0.147;1
854547806;1.7639999;0.294;-0.049;1
854564829;1.7639999;0.505368;0.002928;-119;49;42;1
854601276;1.7639999;0.244999984;-0.049;1
854616405;1.7149999;0.294;0.0;1
854628718;1.7149999;0.294;0.0;1
854641251;1.7639999;0.244999984;-0.049;1
854652070;1.7639999;0.343;-0.098;1
854666167;1.7639999;0.244999984;-0.098;1
854684774;1.7639999;0.294;-0.049;1
854698259;1.813;0.294;-0.098;1
854714848;1.813;0.294;0.0;1
854726073;1.7639999;0.244999984;-0.098;1
854737981;1.7639999;0.294;-0.098;1
854752354;1.7639999;0.244999984;-0.098;1
854764686;1.7639999;0.244999984;0.0;1
854784801;1.7639999;0.244999984;-0.049;1
854797392;1.7639999;0.294;-0.049;1
854808006;1.7639999;0.294;-0.147;1
854819010;1.7639999;0.343;-0.049;1
854834852;1.7639999;0.343;-0.049;1
854850504;1.7639999;0.294;-0.049;1
854871734;1.7639999;0.294;-0.049;1
854885190;1.7639999;0.343;-0.049;1
854909398;1.813;0.294;-0.147;1
854920015;1.813;0.294;-0.098;1
854930936;1.7639999;0.244999984;-0.049;1
854942016;1.7639999;0.196;-0.098;1
854953015;1.7149999;0.294;-0.049;1
854968667;1.7639999;0.343;-0.049;1
854979831;1.7639999;0.343;-0.049;1
854991756;1.813;0.294;1@20000101_000006_898573_imu_lsm6dso32.csv@855002355;0.981856;0.07808;-0.005856;-56;14;-14;1
855005069;1.813;0.294;-0.098;1
855016509;1.7639999;0.294;-0.098;1
855036004;1.7639999;0.294;-0.098;1
855069341;1.7639999;0.244999984;-0.098;1
855084498;1.7149999;0.244999984;-0.049;1
855101424;1.7149999;0.244999984;-0.098;1
855118954;1.7639999;0.244999984;-0.049;1
855130493;1.7639999;0.244999984;-0.049;1
855154834;1.7149999;0.294;-0.098;1
855165863;1.7639999;0.294;-0.098;1
855176826;1.7149999;0.343;-0.098;1
855194775;1.813;0.294;-0.098;1
855209140;1.813;0.196;-0.049;1
855226671;1.7639999;0.294;-0.098;1
855237931;1.7639999;0.244999984;-0.049;1
855249080;1.7639999;0.294;-0.098;1
855263788;1.7639999;0.244999984;-0.098;1
855278388;1.813;0.244999984;-0.049;1
855294861;1.7639999;0.294;-0.098;1
855319845;1.7639999;0.343;-0.098;1
855331552;1.7639999;0.343;-0.049;1
855343629;1.7639999;0.343;-0.049;1
855354724;1.7639999;0.244999984;-0.098;1
855368543;1.7639999;0.294;-0.049;1
855379135;1.7639999;0.244999984;-0.049;1
855390868;1.7639999;0.244999984;-0.049;1
855406233;1.813;0.196;0.0;1
855416893;1.7639999;0.244999984;0.0;1
855429156;1.813;0.244999984;-0.098;1
855442954;1.7639999;0.244999984;-0.049;1
855455552;1.7149999;0.294;-0.098;1
855466215;1.7639999;0.294;-0.098;1
855478378;1.813;0.244999984;-0.049;1
855489648;1.7639999;0.294;-0.049;1
855514807;1.7639999;0.294;-0.049;1
855525926;1.7639999;0.2;;1
855536972;1.7639999;0.244999984;-0.049;1
855578595;1.7639999;0.244999984;-0.049;1
855590724;1.813;0.294;-0.098;1
855607275;1.7639999;0.343;-0.098;1
855626780;1.7639999;0.343;-0.049;1
855640175;1.7639999;0.294;-0.049;1
855653975;1.7639999;0.294;-0.049;1
855676465;1.7639999;0.294;-0.049;1
855687852;1.813;0.196;-0.049;1
855705799;1.813;0.294;-0.098;1
855726349;1.7149999;0.294;-0.049;1
855737371;1.7639999;0.294;-0.049;1
855751489;1.7639999;0.340101_000006_898573_laser_agl.csv@855753238;0.026;0
855763532;1.7639999;0.343;-0.049;1
855773687;1.7149999;0.343;-0.049;1
855787147;1.7639999;0.294;-0.098;1
855806012;1.813;0.294;-0.049;1
855826037;1.7639999;0.294;-0.049;1
855838012;1.813;0.244999984;-0.098;1
855860618;1.7149999;0.244999984;-0.049;1
855874041;1.7639999;0.196;-0.098;1
855895925;1.7639999;0.244999984;-0.049;1
855907026;1.813;0.294;-0.049;1
855926352;1.7149999;0.343;-0.147;1
855937816;1.7639999;0.343;-0.049;1
855950253;1.7639999;0.294;-0.049;1
855963613;1.7639999;0.244999984;-0.098;1
855976183;1.7639999;0.294;-0.098;1
855988166;1.7639999;0.244999984;-0.049;1
855999482;1.813;0.244999984;-0.098;1
856010103;1.7149999;0.294;-0.098;1
856022916;1.813;0.244999984;-0.098;1
856071631;1.7639999;0.294;-0.049;1
856083195;1.7639999;0.244999984;-0.147;1
856100074;1.7149999;0.343;-0.049;1
856114704;1.7639999;0.294;-0.049;1
856136771;1.7639999;0.294;-0.098;1
856147948;1.7639999;0.294;-0.098;1
856167772;1.7149999;0.244999984;-0.098;1
856180773;1.7639999;0.343;0.0;1
856202090;1.7639999;0.294;-0.098;1
856214833;1.7149999;0.343;-0.147;1
856238364;1.7639999;0.294;-0.049;1
856249413;1.7639999;0.294;-0.098;1
856264794;1.7149999;0.294;-0.098;1
856276892;1.7149999;0.244999984;-0.049;1
856295155;1.7639999;0.294;-0.098;1
856305937;1.813;0.244999984;-0.098;1
856324763;1.7639999;0.294;-0.049;1
856337773;1.7639999;0.244999984;-0.049;1
856348965;1.7639999;0.343;-0.049;1
856359912;1.7639999;0.294;-0.098;1
856370762;1.7639999;0.244999984;-0.098;1
856381974;1.7149999;0.343;-0.098;1
856394764;1.7639999;0.244999984;-0.049;1
856411183;1.7639999;0.294;-0.098;1
856426906;1.7639999;0.244999984;-0.049;1
856437770;1.7639999;0.294;-0.049;1
856453188;1.7639999;0.343;-0.098;1
856463895;1.7639999;0.294;0.0;1
856476453;1.7639999;0.294;-0.049;1
856499632;1.813;0.244999984;-0.147;1
856509749;1.7639999;0.294;-0.049;1
856526670;1.7639999;0.294;0.0;1
856538237;1.813;0.294;-0.049;1
856585832;1.7149999;0.343;-0.049;1
856605738;1.7639999;0.294;-0.049;1
856619275;1.7639999;0.294;-0.049;1
856629758;1.7639999;0.294;0.0;1
856641556;1.813;0.244999984;-0.049;1
856652929;1.7639999;0.294;-0.098;1
856667419;1.813;0.244999984;-0.049;1
856678531;1.813;0.244999984;-0.049;1
856688827;1.813;0.294;-0.098;1
856704768;1.7149999;0.294;-0.098;1
856717831;1.7639999;0.244999984;-0.098;1
856736372;1.7639999;0.294;-0.098;1
856747755;1.813;0.294;-0.098;1
856758779;1.7639999;0.8@856761165;0.984784;0.046848;0.002928;35;-35;-35;1
856769784;1.813;0.294;-0.098;1
856780733;1.862;0.294;-0.098;1
856796092;1.7639999;0.294;-0.098;1
856814795;1.813;0.2449_6816916;0.983808;0.052704;-0.016592;294;-77;-126;1
856828114;1.813;0.244999984;-0.098;1
856839384;1.7639999;0.343;-0.049;1
856851899;1.7639999;0.343;-0.098;1
856874802;1.7639999;0.294;-0.049;1
856889771;1.813;0.294;0.0;1
856906523;1.7639999;0.294;-0.049;1
856925236;1.7639999;0.196;-0.098;1
856936282;1.862;0.294;-0.049;1
856947039;1.813;0.294;-0.098;1
856962290;1.7149999;0.343;-0.049;1
856972823;1.7639999;0.244999984;-0.049;1
856983934;1.7639999;0.294;-0.049;1
857004774;1.7639999;0.343;-0.098;1
857024862;1.813;0.294;0u_lsm6dso32.csv@857026410;0.983808;0.072224;-0.007808;-91;56;-7;1
857036935;1.7639999;0.343;-0.049;1
857048362;1.7639999;0.294;-0.049;1
857084559;1.7639999;0.294;-0.049;1
857098090;1.7639999;0.244999984;-0.098;1
857109513;1.7639999;0.244999984;-0.049;1
857138371;1.7149999;0.244999984;-0.049;1
857151399;1.813;0.294;-0.049;1
857161841;1.7639999;0.294;-0.049;1
857177589;1.7639999;0.343;-0.049;1
857191849;1.7149999;0.29000101_000006_898573_imu_lsm6dso32.csv@857193992;0.981856;0.061488;0.0;14;-28;-14;1
857203008;1.7639999;0.244999984;-0.049;1
857224780;1.7149999;0.294;-0.147;1
857236084;1.7149999;0.294;-0.049;1
857247024;1.7149999;0.244999984;-0.098;1
857272426;1.7149999;0.294;-0.098;1
857285969;1.7639999;0.294;-0.049;1
857306918;1.7639999;0.294;-0.049;1
857326159;1.7149999;0.343;-0.098;1
857338626;1.813;0.294;-0.049;1
857349375;1.7149999;0.294;-0.049;1
857361235;1.7149999;0.294;-0.049;1
857375886;1.7149999;0.294;-0.098;1
857395940;1.7149999;0.294;-0.098;1
857409885;1.7149999;0.294;-0.098;1
857422837;1.813;0.244999984;-0.098;1
857434586;1.7639999;0.244999984;0.0;1
857447683;1.7639999;0.244999984;-0.098;1
857465620;1.7639999;0.343;-0.098;1
857480010;1.7639999;0.294;-0.049;1
857496323;1.813;0.294;-0.049;1
857507928;1.7149999;0.244999984;-0.098;1
857520802;1.7149999;0.244999984;-0.049;1
857533765;1.7639999;0.244999984;-0.049;1
857554367;1.813;0.244999984;-0.049;1
857592483;1.7149999;0.294;-0.147;1
857624720;1.7149999;0.294;-0.098;1
857636044;1.7639999;0.294;-0.049;1
857650258;1.7639999;0.343;-0.098;1
857668530;1.7639999;0.196;-0.098;1
857684756;1.7639999;0.244999984;-0.049;1
857696071;1.7639999;0.244999984;-0.049;1
857714766;1.7639999;0.244999984;-0.049;1
857725947;1.7149999;0.244999984;-0.098;1
857746453;1.7639999;0.294;-0.049;1
857779635;1.7639999;0.294;-0.049;1
857794795;1.7639999;0.343;-0.098;1
857806398;1.7639999;0.294;-0.049;1
857824784;1.7149999;0.294;-0.049;1
857836066;1.813;0.244999984;-0.098;1
857847122;1.7639999;0.294;-0.098;1
857864853;1.7639999;0.294;-0.098;1
857876826;1.7639999;0.244999984;-0.098;1
857888036;1.7149999;0.294;-0.049;1
857903920;1.7639999;0.244999984;-0.049;1
857916342;1.7639999;0.294;-0.098;1
857938123;1.7149999;0.343;-0.098;1
857949252;1.7639999;0.294;-0.049;1
857960652;1.813;0.244999984;-0.049;1
857978573;1.7639999;0.343;-0.049;1
858002912;1.7639999;0.343;-0.049;1
858030814;1.7149999;0.294;-0.098;1
858041985;1.7639999;0.294;-0.098;1
858055134;1.7639999;0.294;-0.049;1
858093560;1.7639999;0.294;-0.098;1
858116773;1.7639999;0.244999984;0.0;1
858139847;1.7639999;0.294;-0.049;1
858150984;1.813;0.294;-0.049;1
858162409;1.7639999;0.244999984;-0.098;1
858174970;1.7149999;0.294;-0.049;1
858187112;1.7639999;0.294;-0.049;1
858199075;1.7639999;0.294;-0.098;1
858216279;1.7149999;0.294;-0.049;1
858228438;1.7639999;0.294;-0.098;1
858239141;1.7639999;0.294;-0.098;1
858250827;1.813;0.294;0.0;1
858261957;1.7639999;0.343;-0.049;1
858275450;1.7639999;0.294;-0.049;1
858296276;1.7639999;0.294;-0.098;1
858308415;1.7639999;0.294;-0.049;1
858319831;1.7639999;0.244999984;-0.049;1
858332248;1.7639999;0.244999984;-0.049;1
858344903;1.7149999;0.244999984;-0.049;1
858356646;1.813;0.294;-0.049;1
858371647;1.7639999;0.196;-0.049;1
858394777;1.7639999;0.294;-0.049;1
858407333;1.7639999;0.244999984;-0.049;1
858429127;1.7149999;0.343;-0.098;1
858441206;1.7639999;0.343;-0.049;1
858452123;1.7639999;0.294;-0.098;1
858464334;1.7639999;0.294;-0.049;1
858486771;1.7639999;0.294;-0.049;1
858517552;1.7639999;0.343;-0.098;1
858535640;1.7639999;0.244999984;-0.049;1
858546948;1.7639999;0.244999984;-0.098;1
858557844;1.7149999;0.294;-0.049;1
858599358;1.7149999;0.392;-0.049;1
858613166;1.7639999;0.294;-0.098;1
858627065;1.7639999;0.294;-0.147;1
858637858;1.7639999;0.343;-0.098;1
858652582;1.7639999;0.244999984;-0.098;1
858678106;1.7639999;0.244999984;0.0;1
858694797;1.7149999;0.343;-0.049;1
858708437;1.7149999;0.294;-0.098;1
858724849;1.7149999;0.294;-0.049;1
858738265;1.7639999;0.294;-0.049;1
858749085;1.7149999;0.343;-0.098;1
858760466;1.7639999;0.294;-0.098;1
858773259;1.7639999;0.294;-0.049;1
858785554;1.7149999;0.244999984;-0.049;1
858806519;1.7149999;0.294;-0.098;1
858819395;1.813;0.294;-0.049;1
858834854;1.7149999;0.294;-0.049;1
858846307;1.7639999;0.244999984;-0.049;1
858856807;1.7639999;0.294;-0.049;1
858868604;1.7639999;0.294;-0.098;1
858886210;1.7639999;0.343;-0.098;1
858906049;1.7639999;0.294;-0.049;1
858917822;1.813;0.294;-0.049;1
858934855;1.813;0.294;-0.098;1
858947154;1.813;0.244999984;-0.049;1
858971726;1.7149999;0.244999984;-0.049;1
858982866;1.7149999;0.294;-0.098;1
858993685;1.7639999;0.244999984;-0.049;1
859031620;1.7639999;0.343;-0.049;1
859045978;1.7149999;0.294;-0.049;1
859057098;1.7639999;0.294;-0.098;1
859068741;1.7149999;0.343;-0.049;1
859100895;1.7639999;0.244999984;-0.098;1
859121415;1.7639999;0.244999984;-0.147;1
859135442;1.7639999;0.196;-0.049;1
859146490;1.7639999;0.343;-0.049;1
859156798;1.7639999;0.294;-0.098;1
859169183;1.813;0.244999984;-0.098;1
859184750;1.7639999;0.294;-0.098;1
859196031;1.7149999;0.343;-0.098;1
859207425;1.7639999;0.294;-0.049;1
859218979;1.813;0.244999984;-0.049;1
859230070;1.7639999;0.294;-0.147;1
859242729;1.7639999;0.244999984;-0.098;1
859255000;1.7639999;0.244999984;-0.049;1
859265978;1.7639999;0.244999984;-0.049;1
859285826;1.813;0.294;-0.098;1
859306099;1.7639999;0.294;-0.049;1
859320254;1.7639999;0.294;-0.049;1
859331302;1.813;0.294;-0.049;1
859345369;1.7639999;0.244999984;-0.049;1
859355820;1.7639999;0.244999984;-0.049;1
859368422;1.7639999;0.294;-0.098;1
859385845;1.7639999;0.244999984;-0.147;1
859398134;1.7639999;0.294;-0.049;1
859417808;1.7149999;0.244999984;-0.098;1
859433678;1.813;0.294;-0.147;1
859451243;1.813;0.294;0.0;1
859461740;1.813;0.244999984;-0.049;1
859473282;1.7149999;0.343;-0.049;1
859485867;1.7639999;0.294;-0.098;1
859496987;1.7639999;0.294;0.0;1
859516838;1.7639999;0.244999984;-0.049;1
859528045;1.813;0.294;-0.098;1
859547662;1.7149999;0.343;-0.098;1
859563921;1.7639999;0.294;-0.049;1
859585961;1.7639999;0.294;0.0;1
859618108;1.7639999;0.244999984;-0.049;1
859637612;1.7639999;0.294;-0.049;1
859653063;1.813;0.244999984;-0.049;1
859663888;1.813;0.244999984;-0.147;1
859679044;1.813;0.294;-0.049;1
859696106;1.7639999;0.343;-0.049;1
859715982;1.7639999;0.294;-0.049;1
859730761;1.813;0.244999984;-0.098;1
859743301;1.7149999;0.343;-0.049;1
859755606;1.7639999;0.244999984;-0.049;1
859769280;1.813;0.294;-0.049;1
859781255;1.7639999;0.294;-0.098;1
859795919;1.7639999;0.343;-0.049;1
859808045;1.7639999;0.294;-0.049;1
859821447;1.7639999;0.244999984;-0.049;1
859833483;1.7639999;0.294;-0.049;1
859845392;1.7149999;0.294;0.0;1
859855668;1.813;0.343;-0.049;1
859879054;1.7639999;0.294;0.0;1
859891374;1.7639999;0.8@20000101_000006_898573_imu_lsm6dso32.csv@859899321;0.980879936;0.061488;0.001952;203;-84;-84;1
859903485;1.7639999;0.294;-0.049;1
859920771;1.7149999;0.0.098;1
859932969;1.7639999;0.244999984;-0.098;1
859951939;1.7149999;0.511.csv@859953660;-10.732917;38.42247;101454.016;1.7802324
859965028;1.7149999;0.294;-0.098;1
859975949;1.7639999;0.294;-0.098;1
859990422;1.813;0.294;-0.049;1
860008553;1.7639999;0.294;0.0;1
860019621;1.7639999;0.294;-0.049;1
860031414;1.7639999;0.343;-0.049;1
860041761;1.7149999;0.343;-0.049;1
860075296;1.7639999;0.343;-0.098;1
860094012;1.7639999;0.294;-0.098;1
860106267;1.7639999;0.244999984;-0.049;1
860116841;1.813;0.244999984;-0.049;1
860127948;1.7639999;0.294;-0.098;1
860143278;1.7639999;0.294;-0.098;1
860155845;1.7639999;0.294;-0.049;1
860174675;1.7639999;0.294;-0.098;1
860194840;1.7639999;0.294;-0.049;1
860210834;1.7639999;0.294;-0.098;1
860236072;1.7639999;0.343;-0.098;1
860247023;1.7639999;0.343;-0.049;1
860266100;1.7639999;0.294;-0.098;1
860284807;1.7639999;0.343;-0.098;1
860295904;1.813;0.294;-0.098;1
860314876;1.7149999;0.244999984;-0.049;1
860336644;1.7639999;0.294;-0.049;1
860348143;1.7639999;0.294;-0.098;1
860364838;1.7149999;0.343;-0.049;1
860384855;1.666;0.294;-0.098;1
860395943;1.7639999;0.244999984;-0.098;1
860414455;1.7149999;0.244999984;-0.049;1
860426995;1.7639999;0.244999984;-0.049;1
860440593;1.7639999;0.294;-0.098;1
860451791;1.7639999;0.244999984;-0.049;1
860462973;1.7149999;0.294;-0.098;1
860473873;1.7639999;0.343;-0.098;1
860488352;1.7639999;0.244999984;-0.098;1
860506271;1.7639999;0.294;-0.098;1
860517594;1.7149999;0.343;-0.049;1
860529545;1.813;0.294;-0.098;1
860544194;1.7639999;0.244999984;-0.049;1
860556167;1.7639999;0.294;-0.049;1
860606724;1.7639999;0.244999984;-0.049;1
860623333;1.7639999;0.244999984;-0.098;1
860635945;1.7639999;0.244999984;-0.049;1
860647644;1.7639999;0.294;-0.098;1
860659044;1.76399@20000101_000006_898573_airspeed_sdp810.csv@860662165;17;53;3943
860671080;1.7639999;0.294;-0.049;1
860683922;1.7639999;0.294;-0.049;1
860706708;1.7149999;0.294;-0.049;1
860719660;1.7639999;0.294;-0.098;1
860730967;1.7639999;0.294;-0.049;1
860741885;1.7149999;0.294;-0.098;1
860753862;1.7639999;0.294;0.0;1
860767668;1.7149999;0.294;-0.049;1
860797916;1.7639999;0.294;-0.049;1
860811903;1.813;0.244999984;-0.098;1
860838315;1.7639999;0.294;-0.049;1
860849406;1.7639999;0.294;-0.049;1
860865932;1.7639999;0.294;-0.098;1
860878257;1.7639999;0.294;-0.098;1
860896261;1.7639999;0.294;-0.049;1
860909287;1.7639999;0.294;-0.147;1
860919769;1.7639999;0.294;0.0;1
860931198;1.813;0.294;-0.049;1
860943600;1.862;0.196;-0.098;1
860972813;1.7639999;0.294;-0.147;1
860983660;1.7639999;0.294;-0.049;1
860995775;1.813;0.294;-0.049;1
861006717;1.813;0.343;-0.049;1
861044856;1.7639999;0.343;-0.049;1
861059074;1.813;0.294;-0.049;1
861085074;1.7639999;0.244999984;-0.049;1
861102471;1.7639999;0.294;-0.098;1
861117223;1.7639999;0.294;-0.098;1
861127991;1.7639999;0.343;-0.098;1
861144843;1.7639999;0.294;-0.098;1
861156418;1.7149999;0.294;-0.098;1
861166962;1.7639999;0.244999984;-0.049;1
861180690;1.7639999;0.244999984;-0.098;1
861191812;1.813;0.2449@20000101_000006_898573_imu_lsm6dso32.csv@861193961;0.982831936;@20000101_000006_898573_baro_icp10111.csv@861201123;-10.621941;38.42514;101452.64;1.8912086
861203316;1.7639999;0.244999984;-0.049;1
861213873;1.7639999;0.294;-0.098;1
861237844;1.7639999;0.244999984;-0.049;1
861251309;1.7149999;0.244999984;-0.098;1
861267385;1.813;0.244999984;-0.098;1
861284784;1.7639999;0.294;-0.049;1
861298357;1.7639999;0.294;-0.049;1
861330099;1.813;0.294;-0.049;1
861341907;1.7639999;0.294;-0.049;1
861353872;1.813;0.244999984;-0.049;1
861374822;1.7639999;0.294;-0.049;1
861387645;1.7149999;0.294;-0.049;1
861398758;1.813;0.294;-0.098;1
861414873;1.7639999;0.294;-0.049;1
861437971;1.7149999;0.294;-0.049;1
861452828;1.7639999;0.244999984;-0.098;1
861465400;1.7639999;0.294;-0.049;1
861484799;1.7639999;0.5.00488;91;-35;-35;1
861495990;1.7639999;0.294;-0.049;1
861528735;1.813;0.294;-0.049;1
861554829;1.7639999;0.294;-0.049;1
861567288;1.7639999;0.294;-0.098;1
861604005;1.7639999;0.294;-0.049;1
861616640;1.813;0.294;-0.098;1
861630371;1.7639999;0.294;-0.049;1
861641017;1.7639999;0.343;-0.098;1
861652515;1.7639999;0.294;-0.098;1
861662882;1.813;0.294;-0.098;1
861677418;1.7639999;0.294;-0.098;1
861694802;1.7639999;0.294;-0.049;1
861706370;1.7149999;0.294;-0.049;1
861724781;1.7639999;0.294;-0.049;1
861739666;1.7639999;0.244999984;-0.049;1
861764853;1.7639999;0.244999984;0.0;1
861777912;1.7639999;0.294;-0.098;1
861794809;1.7639999;0.294;-0.098;1
861805793;1.7149999;0.294;0.0;1
861824784;1.813;0.244999984;-0.049;1
861836376;1.7639999;0.294;-0.049;1
861847307;1.813;0.244999984;-0.049;1
861859753;1.7639999;0.@20000101_000006_898573_imu_lsm6dso32.csv@861870235;0.982831936;0.0488;0.00976;70;14;-42;1
861876870;1.7639999;0.244999984;-0.049;1
861894852;1.7639999;0.244999984;-0.049;1
861905944;1.813;0.294;-0.049;1
861924774;1.7639999;0.294;-0.098;1
861935866;1.7639999;0.294;-0.049;1
861947349;1.7149999;0.294;-0.098;1
861958095;1.7639999;0.244999984;-0.049;1
861968766;1.7639999;0.294;-0.049;1
861982890;1.7639999;0.294;-0.049;1
862004131;1.7639999;0.294;-0.049;1
862015294;1.7149999;0.294;-0.049;1
862037571;1.7639999;0.294;-0.098;1
862055866;1.7639999;0.244999984;-0.049;1
862092955;1.813;0.343;-0.098;1
862109192;1.7639999;0.343;-0.098;1
862126373;1.7639999;0.343;-0.049;1
862137675;1.7639999;0.294;-0.049;1
862151131;1.7149999;0.294;-0.049;1
862162314;1.7639999;0.244999984;-0.049;1
862180195;1.7639999;0.294;-0.098;1
862204992;1.7639999;0.294;-0.098;1
862226668;1.7149999;0.294;-0.049;1
862238188;1.813;0.294;0.0;1
862255916;1.813;0.244999984;-0.098;1
862267097;1.7149999;0.343;-0.049;1
862286952;1.7639999;0.294;-0.049;1
862307784;1.7639999;0.343;-0.049;1
862319928;1.7639999;0.294;-0.098;1
862331940;1.7639999;0.196;-0.098;1
862345588;1.7639999;0.244999984;-0.049;1
862356694;1.7639999;0.294;-0.098;1
862368022;1.7639999;0.244999984;-0.049;1
862386213;1.7639999;0.244999984;-0.098;1
862406069;1.7639999;0.294;-0.098;1
862418000;1.7149999;0.343;-0.049;1
862436474;1.7639999;0.343;-0.049;1
862452058;1.7639999;0.244999984;-0.098;1
862467063;1.7639999;0.294;-0.049;1
862480467;1.7639999;0.244999984;-0.049;1
862491881;1.813;0.294;@006_898573_imu_lsm6dso32.csv@862493970;0.982831936;0.049776;-0.001952;-21;14;-42;1
862502794;1.7639999;0.244999984;-0.098;1
862516785;1.7639999;0.244999984;-0.049;1
862527774;1.7639999;0.294;-0.098;1
862538865;1.7639999;0.244999984;-0.098;1
862550649;1.7639999;0.294;-0.098;1
862602195;1.813;0.343;-0.049;1
862613817;1.7149999;0.294;-0.049;1
862634837;1.7639999;0.294;0.0;1
862646716;1.7639999;0.294;-0.098;1
862661410;1.7639999;0.244999984;-0.049;1
862675641;1.7639999;0.294;0.0;1
862687668;1.7639999;0.294;-0.049;1
862706033;1.7149999;0.294;-0.049;1
862719853;1.7639999;0.244999984;-0.049;1
862746516;1.7639999;0.244999984;-0.049;1
862766120;1.813;0.244999984;-0.049;1
862784947;1.7639999;0.244999984;0.0;1
862799304;1.7639999;0.294;-0.049;1
862816266;1.7639999;0.244999984;-0.098;1
862828526;1.7639999;0.244999984;-0.098;1
862847337;1.813;0.294;-0.049;1
862882693;1.7639999;0.294;0.0;1
862896052;1.7639999;0.294;-0.049;1
862909239;1.7149999;0.294;-0.049;1
862925912;1.7639999;0.343;0.0;1
862938229;1.7149999;0.294;-0.098;1
862949173;1.7149999;0.343;-0.049;1
862964343;1.7639999;0.244999984;-0.049;1
862982735;1.813;0.294;0.0;1
862993824;1.7639999;0.294;-0.098;1
863006034;1.7639999;0.294;-0.049;1
863024826;1.7639999;0.294;-0.098;1
863038517;1.7639999;0.244999984;-0.098;1
863054803;1.7639999;0.343;0.0;1
863066872;1.7639999;0.294;-0.098;1
863102901;1.813;0.294;-0.098;1
863116431;1.813;0.244999984;-0.098;1
863134463;1.7639999;0.294;-0.049;1
863146008;1.7639999;0.294;-0.098;1
863157346;1.7639999;0.294;-0.098;1
863167861;1.813;0.294;-0.098;1
863180812;1.7149999;0.343;-0.049;1
863195207;1.7639999;0.244999984;-0.098;1
863206864;1.7149999;0.294;-0.049;1
863218002;1.813;0.244999984;-0.098;1
863240020;1.7639999;0.294;-0.098;1
863287418;1.7639999;0.244999984;-0.098;1
863304760;1.813;0.244999984;-0.049;1
863316574;1.813;0.343;-0.098;1
863326768;1.813;0.343;-0.049;1
863341486;1.7639999;0.244999984;-0.049;1
863351718;1.7639999;0.294;-0.049;1
863362744;1.7639999;0.343;-0.049;1
863376331;1.7149999;0.294;-0.098;1
863388700;1.813;0.294;0.049;1
863399935;1.813;0.244999984;-0.049;1
863412826;1.7149999;0.294;-0.049;1
863436328;1.7639999;0.244999984;-0.098;1
863451909;1.7639999;0.294;-0.049;1
863469525;1.7639999;0.294;-0.098;1
863479870;1.7639999;0.294;-0.098;1
863504489;1.813;0.244999984;-0.049;1
863517570;1.7639999;0.343;-0.049;1
863536092;1.7639999;0.294;-0.098;1
863547880;1.7639999;0.343;-0.049;1
863562231;1.7149999;0.294;-0.049;1
863575096;1.813;0.294;-0.098;1
863611844;1.7639999;0.294;0.0;1
863635119;1.7639999;0.294;-0.049;1
863650592;1.7149999;0.343;-0.049;1
863668671;1.7639999;0.294;-0.098;1
863681564;1.7639999;0.294;-0.098;1
863705938;1.7639999;0.294;0.0;1
863726125;1.7639999;0.244999984;-0.098;1
863741723;1.813;0.294;-0.049;1
863753790;1.7639999;0.294;-0.049;1
863764827;1.7639999;0.294;-0.049;1
863785944;1.7639999;0.294;-0.049;1
863800365;1.7149999;0.294;-0.098;1
863811159;1.813;0.294;-0.049;1
863821961;1.813;0.196;-0.147;1
863833535;1.7149999;0.294;-0.098;1
863845562;1.862;0.244999984;-0.098;1
863856176;1.7639999;0.343;-0.098;1
863867522;1.7149999;0.294;0.0;1
863906682;1.7639999;0.294;-0.049;1
863940246;1.7639999;0.294;-0.049;1
863957554;1.7639999;0.343;-0.049;1
863973239;1.813;0.294;-0.049;1
863998568;1.7639999;0.294;-0.049;1
864016104;1.7639999;0.244999984;-0.049;1
864028420;1.7639999;0.294;-0.098;1
864047413;1.7639999;0.294;-0.049;1
864073072;1.7639999;0.244999984;-0.049;1
864084285;1.7639999;0.294;-0.098;1
864105910;1.7639999;0.294;-0.049;1
864147586;1.813;0.294;-0.049;1
864166882;1.7639999;0.294;0.0;1
864182224;1.813;0.343;-0.098;1
864210725;1.7149999;0.294;-0.098;1
864222393;1.7149999;0.294;-0.098;1
864240645;1.7639999;0.294;-0.098;1
864255965;@20000101_000006_898573_imu_bno055.csv@864260532;334.9375;7537;17068;0.9534347;-0.036709784;-0.24575162
864267507;1.813;0.294;-0.049;1
864287512;1.7149999;0.244999984;-0.098;1
864302087;1.7639999;0.294;-0.049;1
864316499;1.7639999;0.294;-0.098;1
864327134;1.813;0.294;-0.147;1
864345988;1.813;0.294;-0.049;1
864357142;1.7639999;0.294;-0.049;1
864368536;1.813;0.244999984;-0.049;1
864379526;1.7639999;0.244999984;-0.049;1
864395925;1.813;0.196;-0.098;1
864407166;1.7149999;0.343;-0.049;1
864426531;1.813;0.343;-0.098;1
864437560;1.7639999;0.294;-0.098;1
864449828;1.7639999;0.294;-0.049;1
864469662;1.7639999;0.244999984;-0.098;1
864483246;1.7149999;0.294;-0.147;1
864495861;1.813;0.294;-0.098;1
864507466;1.7639999;0.244999984;-0.147;1
864525923;1.7149999;0.294;-0.098;1
864537626;1.7639999;0.294;0.0;1
864549050;1.7149999;0.294;-0.098;1
864560076;1.666;0.294;-0.098;1
864571330;1.813;0.294;-0.049;1
864584163;1.7639999;0.294;-0.049;1
864606284;1.7639999;0.294;-0.049;1
864617123;1.7639999;0.244999984;-0.049;1
864628137;1.7639999;0.244999984;-0.049;1
864671733;1.7639999;0.294;-0.098;1
864687840;1.813;0.294;-0.049;1
864701726;1.7639999;0.294;-0.098;1
864712733;1.813;0.294;0.0;1
864729871;1.7639999;0.294;-0.049;1
864741540;1.7639999;0.294;-0.098;1
864754370;1.7149999;0.294;-0.049;1
864775967;1.813;0.244999984;-0.049;1
864786731;1.813;0.294;-0.049;1
864802592;1.7639999;0.244999984;-0.049;1
864819198;1.666;0.244999984;-0.049;1
864830309;1.813;0.244999984;-0.049;1
864840928;1.7149999;0.294;-0.049;1
864856394;1.7639999;0.244999984;-0.098;1
864875952;1.7639999;0.244999984;-0.049;1
864895988;1.7639999;0.294;-0.049;1
864914801;1.7149999;0.343;-0.098;1
864936050;1.7639999;0.294;-0.049;1
864948781;1.7149999;0.294;0.0;1
864961552;1.7149999;0.244999984;-0.049;1
864974634;1.7639999;0.343;-0.049;1
864992078;1.7639999;0.294;-0.098;1
865014787;1.7639999;0.294;-0.147;1
865040328;1.7149999;0.294;-0.049;1
865051048;1.813;0.294;-0.098;1
865076274;1.7639999;0.294;-0.098;1
865087172;1.7639999;0.294;-0.098;1
865099006;1.7639999;0.244999984;-0.049;1
865114770;1.7639999;0.244999984;-0.098;1
865134729;1.7639999;0.294;-0.049;1
865145975;1.7149999;0.294;-0.049;1
865180000;1.7639999;0.294;-0.049;1
865191343;1.813;0.294;-0.098;1
865205265;1.813;0.294;-0.098;1
865219992;1.7149999;0.294;-0.049;1
865232436;1.7639999;0.294;-0.049;1
865244991;1.7639999;0.294;-0.147;1
865255922;1.7639999;0.343;-0.049;1
865282334;1.7149999;0.343;-0.049;1
865304817;1.813;0.244999984;-0.049;1
865316320;1.7639999;0.294;-0.098;1
865336295;1.7149999;0.343;-0.098;1
865350667;1.7149999;0.294;0.0;1
865364339;1.7149999;0.244999984;-0.147;1
865384863;1.7639999;0.m676;0.982831936;0.055632;0.000976;42;-7;-49;1
865395976;1.7639999;0.343;-0.049;1
865414818;1.813;0.244999984;-0.147;1
865434919;1.7149999;0.244999984;-0.098;1
865447008;1.7639999;0.294;-0.098;1
865474323;1.7639999;0.294;-0.098;1
865494827;1.7639999;0.294;-0.049;1
865507707;1.7639999;0.294;-0.049;1
865522058;1.7639999;0.343;-0.049;1
865532925;1.813;0.294;-0.049;1
865546304;1.813;0.294;-0.098;1
865561918;1.7639999;0.294;-0.098;1
865593935;1.7149999;0.294;-0.049;1
865614782;1.813;0.244999984;0.0;1
865634947;1.7639999;0.244999984;-0.049;1
865648370;1.813;0.294;-0.098;1
865661961;1.7639999;0.244999984;-0.098;1
865673260;1.813;0.294;-0.098;1
865694759;1.7639999;0.244999984;-0.147;1
865707271;1.813;0.294;-0.147;1
865735430;1.7639999;0.294;-0.049;1
865752312;1.7639999;0.294;-0.049;1
865764555;1.813;0.244999984;-0.049;1
865776001;1.7149999;0.294;-0.098;1
865794772;1.7639999;0.294;-0.049;1
865807869;1.7639999;0.294;-0.049;1
865826306;1.7149999;0.244999984;-0.098;1
865839197;1.813;0.294;-0.049;1
865854220;1.7149999;0.294;-0.049;1
865870385;1.7639999;0.244999984;-0.049;1
865897263;1.7149999;0.294;-0.049;1
865915979;1.813;0.294;-0.147;1
865927658;1.7639999;0.294;-0.049;1
865944993;1.7149999;0.294;-0.049;1
865957576;1.7639999;0.294;-0.049;1
865972320;1.813;0.294;-0.098;1
865982744;1.813;0.244999984;0.0;1
866016454;1.813;0.294;-0.049;1
866039456;1.7639999;0.294;-0.098;1
866051499;1.813;0.294;0.0;1
866066012;1.813;0.294;-0.049;1
866077815;1.813;0.343;0.0;1
866098778;1.7639999;0.244999984;0.0;1
866116176;1.7639999;0.294;-0.049;1
866128364;1.813;0.294;-0.098;1
866139599;1.813;0.294;-0.049;1
866151388;1.7149999;0.294;-0.098;1
866162806;1.666;0.294;-0.049;1
866186056;1.7639999;0.294;-0.049;1
866223508;1.7639999;0.294;-0.147;1
866246138;1.7639999;0.294;-0.049;1
866260449;1.7639999;0.294;-0.098;1
866277611;1.7639999;0.244999984;-0.098;1
866304797;1.7639999;0.294;-0.049;1
866324912;1.7639999;0.0573_imu_lsm6dso32.csv@866326660;0.983808;0.051728;-0.000976;0;-7;-35;1
866340182;1.7639999;0.294;-0.098;1
866351494;1.7639999;0.244999984;-0.098;1
866363146;1.7639999;0.343;-0.049;1
866384769;1.813;0.294;-0.049;1
866396031;1.7639999;0.294;-0.049;1
866408476;1.813;0.294;-0.049;1
866421273;1.813;0.244999984;-0.049;1
866432021;1.7639999;0.244999984;-0.049;1
866442930;1.813;0.244999984;-0.049;1
866455020;1.7639999;0.343;-0.049;1
866466370;1.813;0.244999984;-0.049;1
866479058;1.7639999;0.294;-0.049;1
866490679;1.7639999;0.343;-0.098;1
866501926;1.7149999;0.343;-0.098;1
866513380;1.7639999;0.343;-0.098;1
866536486;1.813;0.294;-0.049;1
866547469;1.7639999;0.244999984;0.0;1
866559601;1.7639999;0.244999984;-0.049;1
866572256;1.7639999;0.294;-0.049;1
866584186;1.813;0.196;-0.098;1
866598198;1.7639999;0.244999984;-0.147;1
866615954;1.7639999;0.392;-0.049;1
866636512;1.7639999;0.294;-0.098;1
866647738;1.7149999;0.294;-0.098;1
866666250;1.7639999;0.343;-0.098;1
866686003;1.7639999;0.244999984;-0.147;1
866696905;1.813;0.294;-0.098;1
866738355;1.7639999;0.294;-0.098;1
866754097;1.813;0.294;-0.049;1
866782681;1.813;0.244999984;-0.049;1
866796001;1.7639999;0.244999984;-0.049;1
866807675;1.813;0.294;-0.098;1
866820077;1.7639999;0.294;-0.049;1
866831107;1.7149999;0.294;-0.098;1
866843603;1.7639999;0.343;-0.049;1
866856360;1.7149999;0.294;-0.049;1
866877322;1.813;0.294;-0.049;1
866896702;1.813;0.196;-0.098;1
866907513;1.813;0.294;-0.098;1
866926245;1.7639999;0.244999984;-0.049;1
866938369;1.7149999;0.343;-0.049;1
866950342;1.813;0.244999984;0.0;1
866963598;1.7639999;0.294;-0.098;1
866974479;1.7639999;0.244999984;-0.098;1
866986950;1.7639999;0.294;-0.049;1
867006642;1.7149999;0.343;-0.049;1
867016944;1.813;0.294;-0.049;1
867029579;1.7639999;0.294;-0.098;1
867041146;1.7639999;0.294;-0.049;1
867051875;1.7639999;0.294;-0.098;1
867065602;1.7639999;0.294;-0.049;1
867076879;1.813;0.244999984;-0.049;1
867093462;1.813;0.244999984;0.0;1
867106299;1.7639999;0.294;-0.098;1
867118524;1.813;0.244999984;-0.049;1
867131153;1.7639999;0.294;-0.049;1
867147443;1.813;0.294;-0.098;1
867158153;1.7639999;0.294;-0.049;1
867169124;1.7639999;0.244999984;-0.049;1
867179753;1.7149999;0.294;-0.098;1
867191149;1.7639999;0.244999984;-0.049;1
867215829;1.7149999;0.294;-0.049;1
867254547;1.7149999;0.244999984;-0.049;1
867276253;1.7639999;0.343;-0.049;1
867296187;1.7639999;0.244999984;-0.098;1
867307121;1.7639999;0.294;-0.049;1
867325840;1.7639999;0.343;-0.049;1
867338888;1.7149999;0.343;-0.098;1
867350234;1.7149999;0.294;-0.049;1
867366415;1.7639999;0.294;-0.049;1
867399090;1.7639999;0.294;-0.049;1
867416332;1.813;0.294;-0.049;1
867438937;1.7149999;0.294;-0.147;1
867450312;1.7639999;0.244999984;-0.098;1
867466049;1.813;0.294;-0.098;1
867483950;1.7639999;0.294;-0.049;1
867504168;1.7149999;0.343;-0.098;1
867524776;1.7639999;0.244999984;-0.049;1
867538142;1.7149999;0.343;-0.049;1
867548952;1.7639999;0.244999984;-0.098;1
867575912;1.7639999;0.294;-0.098;1
867589163;1.7149999;0.294;-0.049;1
867599946;1.7639999;0.244999984;-0.049;1
867615959;1.7639999;0.244999984;-0.049;1
867641991;1.813;0.294;-0.098;1
867655450;1.7149999;0.343;0.0;1
867666336;1.813;0.294;-0.049;1
867697982;1.7639999;0.294;-0.098;1
867717526;1.7639999;0.244999984
867729884;1.7639999;0.343;-0.098;1
867741544;1.7639999;0.244999984;-0.049;1
867754584;1.666;0.343;-0.049;1
867788045;1.7639999;0.343;-0.098;1
867805261;1.7639999;0.294;-0.147;1
867820309;1.813;0.294;-0.098;1
867838118;1.7149999;0.294;-0.098;1
867849966;1.813;0.244999984;-0.049;1
867866076;1.7149999;0.343;-0.049;1
867878185;1.7639999;0.244999984;0.0;1
867896554;1.7639999;0.294;-0.098;1
867911657;1.7639999;0.294;-0.049;1
867925013;1.7639999;0.2449@20000101_000006_898573_airspeed_sdp810.csv@867928029;15;50;3946
867935688;1.7639999;0.294;-0.049;1
867948562;1.813;0.294;-0.049;1
867975759;1.7639999;0.294;-0.098;1
867987048;1.7149999;0.294;0.0;1
868009564;1.7639999;0.343;-0.049;1
868019865;1.7639999;0.294;-0.098;1
868038320;1.7149999;0.343;-0.049;1
868050415;1.7639999;0.343;-0.147;1
868060834;1.813;0.294;-0.098;1
868072286;1.813;0.244999984;-0.049;1
868087402;1.813;0.294;-0.049;1
868107458;1.7639999;0.294;-0.049;1
868122850;1.7639999;0.244999984;-0.049;1
868136402;1.7639999;0.294;-0.098;1
868146844;1.7149999;0.294;-0.098;1
868163341;1.813;0.294;-0.049;1
868173935;1.7149999;0.343;-0.049;1
868186889;1.7149999;0.294;-0.049;1
868204771;1.7149999;0.343;-0.049;1
868224914;1.7149999;0.294;0.0;1
868240251;1.7639999;0.294;0.0;1
868251839;1.813;0.244999984;-0.049;1
868293874;1.7639999;0.294;-0.098;1
868308428;1.666;0.294;-0.098;1
868320577;1.813;0.294;-0.049;1
868333321;1.813;0.294;-0.147;1
868343764;1.813;0.294;-0.049;1
868368884;1.7149999;0.343;-0.098;1
868380345;1.7639999;0.244999984;-0.098;1
868393191;1.813;0.196;@20000101_000006_898573_imu_lsm6dso32.csv@868395240;0.986736;0.052704;-0.003904;-105;42;14;1
868411824;1.7149999;0.294;-0.049;1
868427350;1.7149999;0.244999984;-0.049;1
868437876;1.7639999;0.244999984;0.0;1
868449233;1.7639999;0.294;-0.049;1
868463430;1.7149999;0.244999984;-0.049;1
868475223;1.7639999;0.294;-0.049;1
868486981;1.813;0.244999984;-0.049;1
868498743;1.813;0.294;0.0;1
868510933;1.7149999;0.343;-0.098;1
868522515;1.7639999;0.294;-0.147;1
868535231;1.7149999;0.244999984;-0.098;1
868562555;1.813;0.294;-0.049;1
868574371;1.7639999;0.244999984;-0.098;1
868587745;1.7639999;0.343;0.0;1
868598906;1.7639999;0.294;-0.098;1
868614831;1.7639999;0.244999984;-0.049;1
868626736;1.7639999;0.343;-0.049;1
868638377;1.7639999;0.244999984;-0.049;1
868652613;1.813;0.244999984;-0.049;1
868664785;1.7639999;0.294;-0.049;1
868677723;1.7639999;0.294;-0.049;1
868691163;1.7639999;0.294;-0.049;1
868706015;1.7639999;0.343;-0.098;1
868741139;1.813;0.343;-0.049;1
868767381;1.7639999;0.343;-0.049;1
868786066;1.813;0.244999984;-0.00513953;-0.033650636;-0.24983048
868797256;1.7639999;0.294;0.0;1
868808805;1.813;0.294;-0.098;1
868839306;1.7639999;0.294;-0.147;1
868850763;1.7639999;0.244999984;-0.147;1
868863651;1.7639999;0.294;-0.098;1
868906050;1.813;0.294;-0.098;1
868917319;1.7639999;0.294;-0.049;1
868928801;1.7639999;0.244999984;-0.049;1
868939902;1.7639999;0.294;-0.049;1
868951941;1.7149999;0.294;-0.049;1
868965637;1.7639999;0.244999984;-0.098;1
868977093;1.7639999;0.294;-0.098;1
868989153;1.7639999;0.294;-0.098;1
869003898;1.7149999;0.294;-0.049;1
869017121;1.7639999;0.294;-0.147;1
869028069;1.7639999;0.294;-0.049;1
869039330;1.7639999;0.294;-0.049;1
869050013;1.7639999;0.244999984;-0.049;1
869066845;1.7639999;0.244999984;-0.049;1
869079208;1.7639999;0.294;-0.098;1
869089852;1.7639999;0.294;-0.098;1
869102647;1.7639999;0.343;-0.098;1
869114773;1.7639999;0.294;-0.098;1
869137417;1.7639999;0.294;-0.098;1
869148190;1.7639999;0.294;-0.098;1
869158949;1.813;0.294;@20000101_000006_898573_imu_bno055.csv@869161294;335.4375;7543;17093;0.9513953;-0.03263092;-0.24983048
869171488;1.7639999;0.294;-0.049;1
869230486;1.7639999;0.294;-0.098;1
869244441;1.7639999;0.294;-0.098;1
869262721;1.813;0.343;-0.049;1
869273937;1.7639999;0.294;-0.049;1
869286122;1.7149999;0.294;-0.049;1
869299560;1.7639999;0.343;-0.049;1
869313817;1.7639999;0.294;-0.098;1
869335131;1.7639999;0.294;-0.049;1
869346072;1.813;0.244999984;-0.098;1
869364851;1.813;0.294;-0.098;1
869378034;1.813;0.244999984;-0.098;1
869390012;1.7639999;0.098573_imu_bno055.csv@869392314;335.4375;7543;17087;0.952415;-0.04078865;-0.24371218
869414781;1.7639999;0.294;-0.049;1
869434935;1.813;0.294;-0.049;1
869447130;1.7639999;0.244999984;-0.147;1
869457911;1.7149999;0.343;-0.049;1
869474642;1.7639999;0.343;-0.098;1
869499734;1.7639999;0.294;-0.049;1
869515608;1.7639999;0.294;-0.049;1
869534848;1.7639999;0.294;-0.049;1
869545907;1.7149999;0.294;-0.049;1
869564846;1.7639999;0.244999984;-0.098;1
869577975;1.7639999;0.294;-0.049;1
869596593;1.813;0.294;-0.147;1
869612064;1.7149999;0.294;-0.049;1
869624482;1.862;0.244999984;-0.098;1
869635031;1.7639999;0.343;-0.049;1
869646360;1.7149999;0.294;-0.098;1
869656924;1.7639999;0.343;-0.049;1
869672329;1.7149999;0.244999984;-0.049;1
869683143;1.7149999;0.244999984;-0.049;1
869704679;1.7639999;0.294;-0.098;1
869724782;1.7639999;0.294;-0.147;1
869737943;1.7639999;0.294;-0.049;1
869766111;1.7639999;0.294;-0.049;1
869781391;1.7149999;0.343;-0.049;1
869795514;1.7639999;0.294;-0.049;1
869806313;1.7639999;0.343;-0.098;1
869834002;1.7639999;0.244999984;-0.049;1
869845682;1.7639999;0.294;-0.049;1
869864813;1.7149999;0.294;-0.098;1
869878703;1.7639999;0.244999984;-0.098;1
869893842;1.7149999;0.294;-0.049;1
869905641;1.7639999;0.244999984;0.0;1
869924789;1.813;0.244999984;-0.098;1
869936411;1.7639999;0.294;-0.049;1
869946826;1.7149999;0.294;-0.098;1
869960867;1.7639999;0.294;-0.098;1
869971803;1.7639999;0.244999984;-0.098;1
869982871;1.7149999;0.294;-0.049;1
870008439;1.7639999;0.294;-0.049;1
870018900;1.813;0.294;-0.049;1
870031597;1.7639999;0.294;-0.049;1
870044442;1.7639999;0.294;-0.049;1
870058737;1.7639999;0.@20000101_000006_898573_laser_agl.csv@870065580;0.027;0
870069770;1.7639999;0.343;-0.049;1
870080740;1.7639999;0.343;-0.049;1
870095103;1.7639999;0.294;-0.098;1
870109947;1.7639999;0.244999984;-0.098;1
870126349;1.813;0.294;-0.098;1
870139627;1.7639999;0.294;-0.098;1
870150570;1.813;0.294;-0.098;1
870161088;1.813;0.294;-0.098;1
870175941;1.813;0.294;-0.098;1
870188449;1.7149999;0.294;-0.049;1
870207701;1.813;0.294;-0.049;1
870220088;1.7639999;0.294;-0.098;1
870246859;1.7639999;0.294;-0.049;1
870264070;1.813;0.244999984;0.0;1
870278739;1.7639999;0.294;-0.049;1
870290111;1.7149999;0.294;-0.049;1
870305870;1.7149999;0.343;-0.049;1
870316749;1.7639999;0.244999984;-0.098;1
870338823;1.813;0.244999984;-0.049;1
870349784;1.7639999;0.244999984;-0.049;1
870369140;1.7639999;0.294;-0.098;1
870396888;1.7149999;0.343;-0.049;1
870414769;1.7639999;0.4;101769.34;4.123268
870429161;1.7639999;0.294;-0.049;1
870444850;1.7639999;0.294;-0.098;1
870457304;1.7149999;0.i8458960;0.981856;0.05856;0.00488;14;14;-63;1
870468191;1.7639999;0.294;-0.049;1
870479876;1.7639999;0.294;-0.098;1
870498089;1.813;0.294;-0.049;1
870514777;1.813;0.294;-0.049;1
870538837;1.7639999;0.294;-0.098;1
870551114;1.7639999;0.294;-0.049;1
870561702;1.7639999;0.294;-0.049;1
870577005;1.813;0.294;-0.049;1
870600866;1.7639999;0.244999984;-0.049;1
870611941;1.7639999;0.294;-0.049;1
870623049;1.7639999;0.294;-0.049;1
870635698;1.7639999;0.294;-0.098;1
870646710;1.7639999;0.294;-0.098;1
870662972;1.7639999;0.294;-0.098;1
870679333;1.7639999;0.343;-0.147;1
870690544;1.7639999;0.196;-0.049;1
870700929;1.813;0.244999984;-0.098;1
870743334;1.7149999;0.294;-0.098;1
870756866;1.813;0.244999984;-0.098;1
870774262;1.7639999;0.294;-0.049;1
870797904;1.7639999;0.244999984;-0.098;1
870811541;1.7149999;0.294;-0.049;1
870825949;1.7639999;0.294;-0.049;1
870837518;1.7639999;0.343;-0.049;1
870857755;1.7149999;0.294;-0.049;1
870869332;1.7639999;0.244999984;-0.049;1
870897871;1.7639999;0.244999984;-0.049;1
870918395;1.7639999;0.244999984;-0.147;1
870948398;1.7639999;0.244999984;-0.098;1
870961685;1.7639999;0.294;-0.049;1
870974768;1.7149999;0.294;-0.049;1
870986525;1.7639999;0.244999984;-0.049;1
870997757;1.7639999;0.294;-0.098;1
871010377;1.7639999;0.244999984;-0.049;1
871022006;1.7639999;0.294;-0.098;1
871033638;1.7639999;0.294;-0.049;1
871046660;1.7149999;0.244999984;-0.098;1
871067742;1.7639999;0.244999984;-0.049;1
871078890;1.7639999;0.294;-0.147;1
871101908;1.813;0.294;-0.049;1
871113029;1.7149999;0.343;-0.098;1
871125128;1.7639999;0.@20000101_000006_898573_imu_lsm6dso32.csv@871133210;0.983808;0.065392;-0.001952;91;-21;-63;1
871136114;1.7149999;0.392;-0.098;1
871146975;1.7639999;0.294;-0.049;1
871157823;1.7639999;0.294;-0.049;1
871169845;1.813;0.294;-0.049;1
871206069;1.7149999;0.294;-0.098;1
871253106;1.7639999;0.294;-0.147;1
871267087;1.7639999;0.294;-0.098;1
871280375;1.813;0.294;-0.049;1
871292467;1.7639999;0.@20000101_000006_898573_airspeed_sdp810.csv@871295245;120;142;3943
871315936;1.813;0.294;-0.049;1
871327660;1.7639999;0.244999984;-0.049;1
871338943;1.7639999;0.294;-0.049;1
871350912;1.7149999;0.294;-0.049;1
871366026;1.7149999;0.294;-0.049;1
871379717;1.7639999;0.343;-0.098;1
871406009;1.7639999;0.343;-0.049;1
871446033;1.813;0.196;-0.049;1
871466100;1.7149999;0.244999984;-0.049;1
871478657;1.7639999;0.294;-0.049;1
871500144;1.7149999;0.244999984;-0.098;1
871513076;1.7149999;0.244999984;-0.049;1
871528551;1.7639999;0.294;-0.049;1
871538875;1.7639999;0.343;-0.147;1
871550194;1.862;0.294;-0.098;1
871566367;1.7639999;0.294;-0.049;1
871587627;1.813;0.244999984;0.0;1
871598625;1.7639999;0.294;-0.049;1
871615879;1.7149999;0.294;-0.098;1
871636160;1.7639999;0.294;-0.049;1
871650276;1.813;0.294;-0.098;1
871666458;1.813;0.294;-0.049;1
871685987;1.7149999;0.343;-0.098;1
871698136;1.7639999;0.343;-0.049;1
871715931;1.7639999;0.294;-0.049;1
871727924;1.7639999;0.294;-0.098;1
871739930;1.813;0.294;-0.147;1
871784005;1.7639999;0.294;-0.049;1
871802844;1.7639999;0.294;-0.049;1
871837791;1.813;0.244999984;-0.098;1
871850297;1.7639999;0.294;-0.049;1
871865610;1.7149999;0.294;-0.049;1
871878054;1.7639999;0.294;-0.098;1
871888722;1.7639999;0.294;-0.147;1
871906664;1.7639999;0.244999984;-0.049;1
871918116;1.7639999;0.294;-0.098;1
871928966;1.7639999;0.244999984;-0.049;1
871945597;1.7639999;0.294;-0.049;1
871958669;1.813;0.196;-0.098;1
871973399;1.7639999;0.244999984;-0.049;1
871983782;1.7639999;0.343;-0.147;1
872010797;1.813;0.294;-0.049;1
872024434;1.7639999;0.1@20000101_000006_898573_baro_icp10111.csv@872027995;-10.426413;38.43849;101450.3;2.0867366
872035011;1.7639999;0.343;-0.049;1
872046957;1.7639999;0.294;-0.049;1
872059374;1.7149999;0.294;-0.049;1
872070432;1.813;0.244999984;-0.049;1
872094788;1.7149999;0.294;0.0;1
872114900;1.7149999;0.244999984;-0.049;1
872127907;1.7639999;0.244999984;-0.049;1
872139972;1.862;0.244999984;-0.049;1
872151101;1.7639999;0.244999984;-0.098;1
872161694;1.7639999;0.294;-0.049;1
872175188;1.7639999;0.294;-0.098;1
872194804;1.813;0.294;-0.147;1
872214872;1.7149999;0.294;-0.049;1
872236842;1.813;0.294;-0.049;1
872273542;1.7639999;0.294;-0.147;1
872297075;1.7639999;0.294;-0.049;1
872307839;1.813;0.294;-0.098;1
872326353;1.7639999;0.343;-0.049;1
872340500;1.7149999;0.294;-0.049;1
872355978;1.7149999;0.294;-0.049;1
872370951;1.7149999;0.343;-0.098;1
872401706;1.7149999;0.294;-0.049;1
872422554;1.7639999;0.244999984;-0.098;1
872434236;1.7639999;0.294;-0.098;1
872446252;1.7639999;0.294;-0.098;1
872457775;1.813;0.294;@20000101_000006_898573_imu_lsm6dso32.csv@872462040;0.984784;0.064416;-0.00488;105;35;-105;1
872473761;1.7639999;0.294;-0.049;1
872494783;1.7639999;0.244999984;-0.049;1
872514826;1.7639999;0.294;-0.098;1
872530587;1.7639999;0.294;-0.098;1
872541103;1.7639999;0.294;-0.147;1
872552214;1.7149999;0.294;-0.098;1
872562693;1.7639999;0.294;-0.147;1
872575938;1.7639999;0.294;-0.147;1
872594762;1.7639999;0.294;0.0;1
872615425;1.7149999;0.294;-0.049;1
872629828;1.813;0.294;-0.098;1
872651043;1.7149999;0.294;-0.049;1
872663206;1.7149999;0.294;-0.049;1
872675661;1.7149999;0.244999984;-0.049;1
872695196;1.7639999;0.294;-0.049;1
872714903;1.7639999;0.244999984;-0.049;1
872727650;1.813;0.294;-0.049;1
872746533;1.813;0.294;-0.049;1
872782957;1.7639999;0.294;-0.098;1
872800458;1.7639999;0.294;-0.049;1
872825032;1.7639999;0.343;-0.098;1
872840442;1.813;0.244999984;-0.098;1
872851803;1.7149999;0.294;-0.049;1
872865173;1.7639999;0.343;0.0;1
872884760;1.7149999;0.294;0.0;1
872907414;1.813;0.244999984;-0.049;1
872921416;1.7639999;0.294;-0.049;1
872932610;1.7639999;0.294;-0.098;1
872944544;1.7639999;0.343;-0.049;1
872956089;1.813;0.294;-0.196;1
872973079;1.7639999;0.294;-0.049;1
872984656;1.7639999;0.294;-0.049;1
872996010;1.7639999;0.294;-0.049;1
873015912;1.7149999;0.294;-0.049;1
873027173;1.7639999;0.244999984;-0.049;1
873039549;1.813;0.294;-0.049;1
873052295;1.7149999;0.294;-0.098;1
873076042;1.7149999;0.294;-0.098;1
873096217;1.7149999;0.343;-0.098;1
873107098;1.7639999;0.343;-0.049;1
873125893;1.7639999;0.343;-0.049;1
873137612;1.7639999;0.294;-0.049;1
873150001;1.813;0.294;-0.049;1
873163781;1.7639999;0.294;-0.098;1
873178501;1.813;0.244999984;0.0;1
873194782;1.7149999;0.244999984;-0.049;1
873205961;1.813;0.244999984;-0.098;1
873217690;1.7639999;0.244999984;-0.049;1
873231793;1.813;0.244999984;-0.049;1
873242691;1.7639999;0.343;-0.049;1
873254808;1.7149999;0.343;-0.049;1
873268146;1.7639999;0.343;-0.147;1
873306679;1.7639999;0.244999984;-0.049;1
873321228;1.7149999;0.294;-0.098;1
873332212;1.813;0.244999984;-0.049;1
873349751;1.7639999;0.244999984;-0.049;1
873374846;1.7639999;0.294;-0.049;1
873394858;1.7639999;0.294;-0.098;1
873406908;1.7149999;0.294;-0.098;1
873422245;1.813;0.294;-0.049;1
873433561;1.813;0.294;-0.049;1
873443900;1.7639999;0.294;-0.049;1
873457542;1.7639999;0.343;0.0;1
873481048;1.7639999;0.196;-0.049;1
873493573;1.7639999;0.244999984;-0.098;1
873505697;1.7639999;0.244999984;-0.049;1
873527570;1.7639999;0.294;-0.049;1
873542140;1.813;0.244999984;-0.049;1
873554841;1.7639999;0.392;-0.049;1
873566037;1.813;0.343;-0.049;1
873580657;1.7639999;0.294;-0.049;1
873605187;1.7149999;0.294;-0.098;1
873617092;1.7639999;0.294;-0.049;1
873633198;1.813;0.244999984;-0.098;1
873644243;1.666;0.294;-0.049;1
873659044;1.7149999;0.@20000101_000006_898573_baro_icp10111.csv@873661616;-10.505681;38.449172;101451.232;2.0074682
873670968;1.7639999;0.294;-0.098;1
873683496;1.7639999;0.294;-0.049;1
873706095;1.7639999;0.294;-0.098;1
873717882;1.7639999;0.343;-0.049;1
873732132;1.7639999;0.294;-0.098;1
873743130;1.7149999;0.294;-0.098;1
873756641;1.813;0.343;-0.049;1
873766672;1.813;0.244999984;-0.049;1
873803253;1.7639999;0.343;-0.049;1
873814087;1.813;0.294;-0.049;1
873824933;1.813;0.244999984;-0.147;1
873836294;1.7639999;0.244999984;-0.098;1
873848092;1.7639999;0.244999984;-0.049;1
873859342;1.813;0.2449@20000101_000006_898573_imu_bno055.csv@873864750;335.9375;7543;17106;0.9534347;-0.033650636;-0.24371218
873869856;1.813;0.294;-0.049;1
873887081;1.813;0.244999984;-0.098;1
873898096;1.7639999;0.343;-0.098;1
873917235;1.7149999;0.294;-0.098;1
873929694;1.7639999;0.343;-0.147;1
873943665;1.7639999;0.294;-0.098;1
873956427;1.7639999;0.294;-0.049;1
873969340;1.7149999;0.294;-0.049;1
873979792;1.7639999;0.244999984;0.0;1
873994800;1.813;0.294;-0.049;1
874014809;1.7639999;0.392;-0.098;1
874029182;1.7639999;0.294;-0.098;1
874040161;1.7639999;0.244999984;-0.049;1
874050929;1.7149999;0.294;-0.098;1
874063815;1.7639999;0.294;-0.049;1
874076005;1.7639999;0.244999984;-0.049;1
874086703;1.7639999;0.244999984;-0.098;1
874104276;1.7639999;0.244999984;-0.049;1
874116305;1.813;0.294;-0.049;1
874134253;1.7639999;0.294;-0.098;1
874146200;1.7639999;0.294;-0.098;1
874171054;1.7639999;0.294;-0.098;1
874196007;1.7149999;0.343;-0.098;1
874207978;1.7639999;0.294;-0.147;1
874226337;1.813;0.294;-0.098;1
874239393;1.813;0.294;-0.049;1
874250545;1.7149999;0.343;0.0;1
874289667;1.7149999;0.294;-0.098;1
874309504;1.813;0.294;-0.098;1
874321136;1.7639999;0.294;-0.049;1
874334359;1.7639999;0.244999984;-0.098;1
874351675;1.7639999;0.392;-0.049;1
874372795;1.7149999;0.343;-0.098;1
874386148;1.7639999;0.294;-0.049;1
874401797;1.813;0.294;-0.098;1
874424833;1.7639999;0.294;-0.098;1
874437388;1.7639999;0.294;-0.098;1
874448066;1.7639999;0.294;-0.049;1
874461158;1.7639999;0.244999984;-0.098;1
874474790;1.7639999;0.244999984;-0.098;1
874486371;1.7639999;0.343;-0.049;1
874496935;1.7149999;0.294;-0.049;1
874512323;1.7639999;0.343;-0.098;1
874525263;1.7639999;0.v414;0.981856;0.070272;-0.001952;-35;0;0;1
874542116;1.7639999;0.343;-0.049;1
874558535;1.813;0.294;-0.049;1
874574860;1.7639999;0.244999984;-0.049;1
874586684;1.7149999;0.244999984;-0.049;1
874597657;1.7639999;0.244999984;-0.049;1
874613098;1.7149999;0.343;-0.098;1
874630656;1.813;0.294;-0.049;1
874641072;1.813;0.294;-0.098;1
874651810;1.862;0.294;-0.049;1
874664909;1.7639999;0.294;-0.049;1
874678286;1.7639999;0.244999984;-0.049;1
874702406;1.7639999;0.294;-0.049;1
874713828;1.813;0.244999984;-0.049;1
874736747;1.7639999;0.244999984;-0.049;1
874766821;1.7639999;0.294;-0.147;1
874782290;1.7639999;0.294;-0.049;1
874794370;1.7149999;0.294;-0.049;1
874805251;1.7149999;0.343;-0.049;1
874817429;1.7149999;0.294;-0.049;1
874830529;1.7639999;0.343;-0.049;1
874841273;1.7149999;0.294;-0.098;1
874853349;1.7639999;0.244999984;-0.049;1
874876065;1.7639999;0.343;-0.049;1
874889923;1.7639999;0.244999984;-0.049;1
874906043;1.7639999;0.294;-0.098;1
874917356;1.7639999;0.294;-0.049;1
874929363;1.7149999;0.244999984;-0.049;1
874942384;1.813;0.244999984;-0.098;1
874953448;1.813;0.244999984;-0.098;1
874965150;1.7149999;0.294;-0.049;1
874976064;1.7639999;0.294;-0.098;1
874994442;1.7149999;0.294;-0.098;1
875018604;1.7639999;0.244999984;-0.049;1
875035978;1.7639999;0.244999984;-0.049;1
875052351;1.813;0.294;-0.049;1
875062781;1.7149999;0.294;-0.098;1
875074010;1.7149999;0.343;-0.098;1
875095829;1.7639999;0.244999984;-0.049;1
875108069;1.7639999;0.294;-0.049;1
875125134;1.7639999;0.294;-0.098;1
875136013;1.7639999;0.294;-0.098;1
875147417;1.7149999;0.244999984;-0.098;1
875163268;1.7639999;0.244999984;-0.049;1
875197166;1.813;0.244999984;-0.098;1
875216045;1.7639999;0.244999984;-0.049;1
875227583;1.7149999;0.294;-0.049;1
875238354;1.7639999;0.294;-0.049;1
875275387;1.7639999;0.343;-0.098;1
875306649;1.813;0.244999984;0.0;1
875317648;1.7639999;0.294;0.0;1
875335970;1.7639999;0.294;-0.098;1
875347335;1.7639999;0.244999984;-0.049;1
875366776;1.7149999;0.244999984;-0.049;1
875386128;1.7639999;0.244999984;-0.098;1
875403039;1.7639999;0.294;-0.147;1
875419614;1.7639999;0.244999984;-0.098;1
875434525;1.7639999;0.294;-0.098;1
875444734;1.7149999;0.244999984;-0.049;1
875456771;1.7639999;0.294;-0.098;1
875474084;1.7639999;0.294;-0.049;1
875485204;1.7639999;0.244999984;-0.049;1
875495670;1.7149999;0.294;-0.098;1
875507001;1.7639999;0.294;-0.049;1
875519948;1.7639999;0.343;-0.049;1
875533721;1.7639999;0.294;-0.049;1
875549832;1.7149999;0.294;-0.098;1
875565175;1.7639999;0.294;-0.049;1
875576401;1.862;0.294;-0.049;1
875587065;1.7639999;0.294;-0.049;1
875605886;1.7639999;0.294;-0.049;1
875617260;1.7639999;0.294;-0.049;1
875628033;1.7149999;0.294;-0.049;1
875640738;1.7639999;0.244999984;-0.098;1
875651776;1.813;0.244999984;-0.049;1
875665800;1.813;0.294;-0.098;1
875677061;1.7639999;0.343;-0.098;1
875697957;1.7639999;0.294;-0.049;1
875711206;1.7639999;0.294;-0.049;1
875721998;1.7639999;0.343;-0.049;1
875736026;1.7639999;0.294;-0.049;1
875768691;1.7149999;0.294;-0.098;1
875789640;1.7639999;0.244999984;-0.049;1
875805371;1.7639999;0.244999984;-0.049;1
875816863;1.7639999;0.294;-0.049;1
875831287;1.7149999;0.294;-0.147;1
875841965;1.7639999;0.343;0.0;1
875853800;1.7639999;0.294;-0.098;1
875867568;1.813;0.294;-0.049;1
875878030;1.813;0.244999984;-0.098;1
875894829;1.813;0.294;-0.049;1
875907242;1.7639999;0.294;-0.098;1
875920531;1.813;0.244999984;-0.098;1
875934137;1.7639999;0.294;-0.098;1
875944672;1.7639999;0.244999984;-0.098;1
875956133;1.7639999;0.294;-0.049;1
875967011;1.813;0.244999984;-0.049;1
875978218;1.7639999;0.244999984;-0.098;1
875989863;1.813;0.244999984;-0.098;1
876003001;1.7639999;0.294;-0.049;1
876025880;1.7639999;0.244999984;-0.049;1
876038435;1.7149999;0.294;-0.098;1
876049003;1.7639999;0.244999984;-0.098;1
876070787;1.7639999;0.244999984;-0.098;1
876083413;1.7639999;0.294;-0.049;1
876105912;1.7639999;0.244999984;-0.049;1
876126305;1.7149999;0.343;-0.049;1
876139601;1.7149999;0.343;-0.098;1
876152284;1.7639999;0.294;-0.049;1
876163238;1.813;0.343;-0.049;1
876176798;1.7639999;0.343;-0.049;1
876189195;1.7149999;0.343;-0.098;1
876202963;1.7149999;0.294;-0.049;1
876224777;1.813;0.294;02.csv@876226255;0.97892796;0.056608;-0.007808;-70;28;-28;1
876262044;1.813;0.294;-0.147;1
876274316;1.7639999;0.244999984;-0.098;1
876284905;1.813;0.294;-0.098;1
876301251;1.7639999;0.244999984;-0.049;1
876324826;1.7639999;0.343;-0.098;1
876335905;1.7639999;0.294;-0.049;1
876346784;1.7639999;0.244999984;-0.098;1
876359351;1.7639999;0.@20000101_000006_898573_imu_lsm6dso32.csv@876362099;0.981856;0.059536;-0.003904;-35;14;-21;1
876369887;1.7639999;0.294;-0.049;1
876385381;1.7149999;0.294;-0.098;1
876406546;1.7149999;0.244999984;-0.098;1
876417018;1.7639999;0.244999984;-0.098;1
876427715;1.7639999;0.294;-0.098;1
876439774;1.7639999;0.244999984;-0.147;1
876451110;1.813;0.294;-0.098;1
876465545;1.813;0.294;-0.049;1
876485252;1.7639999;0.
876496056;1.813;0.294;-0.098;1
876516482;1.7639999;0.294;-0.049;1
876538021;1.7639999;0.294;-0.098;1
876555513;1.813;0.244999984;-0.049;1
876583586;1.7639999;0.244999984;-0.049;1
876602867;1.7149999;0.294;-0.098;1
876615170;1.813;0.244999984;-0.049;1
876634826;1.7639999;0.244999984;-0.049;1
876646599;1.7149999;0.294;-0.049;1
876657917;1.813;0.294;-0.098;1
876669036;1.7149999;0.343;-0.098;1
876685150;1.7639999;0.8784;-28;14;-28;1
876697530;1.7149999;0.294;-0.098;1
876708087;1.813;0.294;-0.049;1
876718917;1.7639999;0.294;0.0;1
876734769;1.7149999;0.294;-0.098;1
876781822;1.7149999;0.82.csv@876783448;0.98576;0.061488;-0.006832;28;7;-35;1
876809203;1.7149999;0.294;-0.098;1
876819946;1.7639999;0.294;-0.049;1
876830771;1.7639999;0.244999984;-0.147;1
876843417;1.862;0.196;-0.098;1
876854029;1.7639999;0.294;-0.098;1
876866973;1.813;0.294;-0.098;1
876885181;1.7639999;0.974;84;-21;-42;1
876896949;1.7639999;0.294;-0.098;1
876907842;1.813;0.294;-0.098;1
876920001;1.7639999;0.343;-0.049;1
876931069;1.813;0.343;-0.049;1
876941981;1.813;0.294;-0.049;1
876954769;1.7639999;0.244999984;-0.049;1
876969732;1.7639999;0.294;-0.098;1
876980926;1.7639999;0.294;-0.147;1
876991910;1.7149999;0.@20000101_000006_898573_imu_lsm6dso32.csv@876997590;0.98576;0.05856;-0.006832;7;0;-35;1
877006965;1.813;0.294;-0.049;1
877019420;1.7149999;0.343;-0.098;1
877035885;1.7639999;0.294;-0.098;1
877050029;1.7639999;0.244999984;-0.098;1
877065975;1.813;0.294;-0.098;1
877085975;1.7639999;0.294;-0.049;1
877098244;1.813;0.294;-0.098;1
877131100;1.813;0.294;0.0;1
877142029;1.7639999;0.244999984;-0.049;1
877156281;1.7639999;0.244999984;-0.098;1
877170389;1.813;0.244999984;-0.147;1
877180656;1.7149999;0.244999984;-0.098;1
877198259;1.7639999;0.294;-0.098;1
877233127;1.7639999;0.244999984;-0.049;1
877251839;1.7149999;0.343;0.0;1
877274667;1.7639999;0.244999984;-0.049;1
877294698;1.7639999;0.294;-0.098;1
877316185;1.7639999;0.294;-0.147;1
877336120;1.7639999;0.244999984;-0.049;1
877350342;1.813;0.294;-0.049;1
877367689;1.7639999;0.294;-0.049;1
877386118;1.7639999;0.244999984;-0.098;1
877400953;1.813;0.294;-0.049;1
877416216;1.7639999;0.343;-0.049;1
877436136;1.7639999;0.294;-0.147;1
877452236;1.7639999;0.294;-0.049;1
877463065;1.7639999;0.294;-0.049;1
877488132;1.7639999;0.244999984;-0.098;1
877499483;1.813;0.294;-0.049;1
877513922;1.7639999;0.343;-0.049;1
877535961;1.7149999;0.343;-0.098;1
877549667;1.7639999;0.343;-0.098;1
877563736;1.7639999;0.343;-0.098;1
877574949;1.813;0.294;-0.098;1
877587370;1.7639999;0.343;-0.049;1
877599943;1.7149999;0.294;-0.098;1
877613014;1.7639999;0.244999984;-0.049;1
877635945;1.7639999;0.294;-0.098;1
877650246;1.7639999;0.294;-0.049;1
877677244;1.7639999;0.294;-0.049;1
877689528;1.813;0.343;-0.098;1
877707858;1.7639999;0.294;-0.098;1
877727297;1.7639999;0.244999984;-0.049;1
877740134;1.7639999;0.244999984;-0.098;1
877751426;1.7639999;0.244999984;-0.049;1
877790145;1.7639999;0.294;0.0;1
877806149;1.7149999;0.294;-0.049;1
877818126;1.666;0.294;-0.098;1
877836479;1.7149999;0.294;-0.098;1
877850717;1.813;0.244999984;-0.098;1
877871573;1.813;0.294;-0.098;1
877883237;1.813;0.294;-0.049;1
877895799;1.7639999;0.244999984;-0.098;1
877907091;1.7639999;0.294;-0.098;1
877919074;1.7639999;0.244999984;-0.049;1
877936020;1.7639999;0.244999984;-0.049;1
877950729;1.7639999;0.294;-0.098;1
877964715;1.7639999;0.244999984;-0.098;1
877976582;1.7639999;0.294;-0.049;1
877987864;1.7639999;0.294;-0.049;1
878004233;1.7639999;0.244999984;-0.049;1
878014781;1.7149999;0.244999984;-0.098;1
878036040;1.813;0.294;-0.049;1
878049702;1.7639999;0.294;-0.049;1
878063985;1.7639999;0.294;-0.098;1
878076588;1.813;0.244999984;-0.147;1
878086852;1.7639999;0.294;-0.098;1
878101876;1.7639999;0.294;-0.098;1
878113190;1.7639999;0.244999984;-0.098;1
878127258;1.7149999;0.294;-0.098;1
878137944;1.7639999;0.294;-0.049;1
878161117;1.7639999;0.294;-0.049;1
878183088;1.813;0.294;-0.098;1
878194438;1.7639999;0.294;-0.049;1
878205025;1.7149999;0.343;-0.049;1
878246081;1.7639999;0.343;-0.098;1
878275913;1.7639999;0.196;-0.049;1
878320249;1.813;0.2449v;7531;17125;0.94935584;-0.047926664;-0.248810768
878332946;1.813;0.244999984;-0.049;1
878344761;1.813;0.244999984;-0.098;1
878358461;1.7149999;0.294;-0.098;1
878369331;1.7639999;0.294;-0.049;1
878379834;1.7149999;0.343;-0.147;1
878390900;1.7639999;0.343;-0.049;1
878407547;1.813;0.294;-0.098;1
878428086;1.7639999;0.294;-0.098;1
878439698;1.7639999;0.294;-0.049;1
878454215;1.7639999;0.244999984;-0.049;1
878465630;1.813;0.294;0.0;1
878481341;1.813;0.343;-0.049;1
878491835;1.7149999;0.@20000101_000006_898573_imu_lsm6dso32.csv@878501352;0.982831936;0.05368;-0.001952;112;-42;-91;1
878506102;1.7639999;0.294;-0.049;1
878526347;1.7639999;0.294;-0.049;1
878538588;1.7639999;0.343;-0.098;1
878550175;1.7639999;0.294;-0.049;1
878565947;1.7639999;0.343;0.0;1
878578583;1.7639999;0.294;-0.098;1
878594796;1.813;0.294;-0.049;1
878606809;1.7639999;0.294;0.0;1
878624795;1.7639999;0.294;0.0;1
878638992;1.7639999;0.244999984;-0.098;1
878652501;1.813;0.294;0.0;1
878667089;1.7639999;0.294;-0.098;1
878681121;1.7639999;0.343;-0.098;1
878695200;1.7639999;0.343;-0.098;1
878706027;1.813;0.294;0.0;1
878718712;1.813;0.244999984;-0.049;1
878730073;1.7639999;0.244999984;-0.098;1
878741560;1.813;0.294;-0.098;1
878755028;1.7639999;0.294;0.0;1
878801021;1.7639999;0.294;-0.147;1
878818192;1.7639999;0.244999984;-0.147;1
878830162;1.7639999;0.343;-0.049;1
878845308;1.813;0.196;-0.147;1
878861840;1.7639999;0.343;-0.049;1
878884864;1.7639999;0.8439992;0.00488;35;21;-42;1
878895786;1.7639999;0.244999984;-0.098;1
878914853;1.813;0.244999984;-0.049;1
878939154;1.7149999;0.294;-0.049;1
878953103;1.7149999;0.244999984;-0.098;1
878963861;1.7639999;0.343;-0.049;1
878978659;1.7639999;0.294;-0.049;1
878989838;1.7639999;0.294;-0.049;1
879000680;1.7149999;0.244999984;-0.098;1
879016219;1.7639999;0.294;-0.098;1
879029001;1.7149999;0.294;-0.049;1
879040063;1.7639999;0.294;-0.049;1
879055274;1.813;0.294;-0.098;1
879071976;1.7639999;0.343;-0.049;1
879082838;1.7639999;0.244999984;-0.098;1
879103516;1.7639999;0.294;-0.049;1
879124771;1.7149999;0.294;-0.049;1
879144945;1.7639999;0.294;-0.049;1
879170742;1.7639999;0.294;-0.098;1
879194867;1.7149999;0.294;-0.049;1
879207065;1.7639999;0.343;-0.098;1
879224792;1.7639999;0.244999984;-0.049;1
879235865;1.7149999;0.294;-0.049;1
879255398;1.7639999;0.294;-0.049;1
879272269;1.666;0.294;-0.098;1
879296698;1.7639999;0.244999984;-0.049;1
879315430;1.862;0.244999984;-0.147;1
879349688;1.7639999;0.294;-0.049;1
879362415;1.7639999;0.343;0.0;1
879378396;1.7639999;0.343;0.0;1
879396855;1.7639999;0.343;-0.049;1
879415265;1.666;0.343;-0.098;1
879427759;1.7149999;0.294;0.0;1
879439006;1.7639999;0.294;-0.098;1
879450997;1.7639999;0.294;-0.049;1
879462905;1.7149999;0.294;-0.049;1
879475658;1.7639999;0.244999984;-0.049;1
879495191;1.7639999;0.294;-0.049;1
879506511;1.7639999;0.294;-0.098;1
879517902;1.813;0.294;-0.049;1
879532168;1.7149999;0.244999984;-0.049;1
879542903;1.813;0.343;-0.049;1
879558467;1.7639999;0.294;-0.049;1
879571159;1.7639999;0.294;-0.098;1
879584632;1.7639999;0.294;-0.049;1
879604789;1.7149999;0.244999984;-0.049;1
879623434;1.7639999;0.9 :: {'tlm': {'count': 2, 'max': 11, 'dropped': 0}, 'log': {'count': 0, 'max': 19, 'dropped': 0}, 'session': '20000101_000006_898573'}
879637881;1.7639999;0.294;0.0;1
879648805;1.813;0.294;-0.049;1
879659815;1.7639999;0.294;-0.049;1
879674791;1.7639999;0.244999984;-0.049;1
879686394;1.813;0.244999984;-0.049;1
879724833;1.7639999;0.1_lsm6dso32.csv@879726528;0.981856;0.050752;-0.016592;91;-42;-42;1
879737127;1.7639999;0.244999984;-0.049;1
879747758;1.7639999;0.294;-0.098;1
879775091;1.813;0.244999984;-0.049;1
879830642;1.813;0.294;-0.049;1
879841917;1.862;0.294;-0.098;1
879853441;1.7639999;0.294;-0.147;1
879863753;1.7639999;0.294;-0.098;1
879874974;1.7149999;0.343;-0.049;1
879885758;1.7639999;0.343;-0.098;1
879899271;1.7639999;0.294;-0.049;1
879916142;1.7639999;0.294;0.0;1
879932212;1.7149999;0.294;-0.049;1
879943569;1.813;0.294;-0.098;1
879956514;1.813;0.294;0.0;1
879967163;1.7639999;0.244999984;-0.049;1
879982738;1.7149999;0.294;-0.049;1
880006141;1.813;0.244999984;-0.147;1
880026080;1.813;0.294;-0.147;1
880039425;1.7639999;0.294;-0.049;1
880049836;1.7149999;0.343;-0.049;1
880062118;1.7639999;0.294;-0.049;1
880074302;1.7639999;0.244999984;-0.049;1
880088740;1.7639999;0.244999984;-0.049;1
880105875;1.7149999;0.294;-0.049;1
880139775;1.7639999;0.294;-0.049;1
880151559;1.7639999;0.244999984;-0.098;1
880162765;1.7149999;0.196;-0.098;1
880186573;1.7639999;0.24499049;1
880207580;1.7149999;0.294;-0.049;1
880217907;1.813;0.294;-0.049;1
880228887;1.813;0.294;-0.049;1
880242756;1.7639999;0.294;0.0;1
880255407;1.7149999;0.244999984;-0.049;1
880267635;1.7639999;0.294;-0.098;1
880278932;1.7639999;0.244999984;-0.147;1
880309457;1.7149999;0.294;-0.098;1
880326849;1.7639999;0.294;-0.049;1
880344517;1.7639999;0.343;-0.049;1
880362624;1.7639999;0.244999984;0.0;1
880374079;1.813;0.294;-0.049;1
880385851;1.813;0.294;-0.147;1
880405956;1.7639999;0.294;-0.049;1
880427170;1.7149999;0.294;-0.049;1
880439889;1.7639999;0.294;-0.098;1
880452519;1.7639999;0.294;-0.098;1
880463842;1.813;0.294;0.0;1
880485977;1.7149999;0.294;-.100006_898573_imu_bno055.csv@880489158;336.625;7531;17106;0.95649384;-041014;-245;0;3943
880506132;1.7639999;0.294;-0.098;1
880538770;1.7639999;0.294;-0.098;1
880550402;1.813;0.294;-0.049;1
880563397;1.7639999;0.294;-0.098;1
880575933;1.7639999;0.294;-0.098;1
880587081;1.7639999;0.244999984;-0.049;1
880606387;1.7149999;0.294;-0.049;1
880617145;1.813;0.294;-0.049;1
880630008;1.813;0.196;-0.049;1
880641756;1.813;0.244999984;-0.049;1
880653036;1.7639999;0.244999984;-0.049;1
880666499;1.7639999;0.244999984;-0.049;1
880679034;1.7149999;0.294;-0.049;1
880696041;1.7149999;0.343;-0.049;1
880717142;1.7639999;0.294;-0.049;1
880738366;1.7639999;0.244999984;-0.049;1
880751846;1.7639999;0.294;-0.049;1
880765889;1.7639999;0.294;-0.049;1
880805957;1.7149999;0.294;-0.098;1
880838943;1.7149999;0.343;-0.098;1
880853073;1.7639999;0.294;-0.049;1
880868560;1.7149999;0.294;-0.098;1
880896937;1.7149999;0.343;-0.049;1
880916471;1.813;0.244999984;-0.098;1
880929012;1.7639999;0.294;-0.049;1
880940115;1.7639999;0.244999984;-0.049;1
880952843;1.7149999;0.294;-0.098;1
880963879;1.7639999;0.244999984;-0.098;1
880977000;1.7639999;0.294;-0.098;1
880988650;1.7639999;0.294;0.0;1
880999892;1.7639999;0.244999984;-0.098;1
881015901;1.7149999;0.343;-0.098;1
881028821;1.7149999;0.343;-0.098;1
881040242;1.7639999;0.244999984;-0.049;1
881052466;1.7639999;0.244999984;-0.098;1
881064007;1.862;0.294;-0.049;1
881076445;1.7149999;0.343;-0.049;1
881096340;1.7149999;0.343;-0.098;1
881107144;1.7639999;0.294;-0.049;1
881125962;1.7639999;0.294;-0.098;1
881139239;1.7639999;0.294;-0.049;1
881151807;1.7639999;0.294;-0.049;1
881165897;1.7639999;0.294;-0.049;1
881188676;1.7639999;0.294;-0.049;1
881204788;1.7639999;0.294;-0.049;1
881217171;1.7639999;0.294;-0.049;1
881234858;1.813;0.294;-0.147;1
881247644;1.7639999;0.294;-0.049;1
881272108;1.7639999;0.244999984;-0.098;1
881294899;1.7639999;0.294;-0.049;1
881306694;1.813;0.294;-0.049;1
881326557;1.813;0.244999984;-0.098;1
881364618;1.7639999;0.294;-0.098;1
881384382;1.813;0.294;-0.049;1
881397363;1.7149999;0.294;-0.049;1
881407990;1.7639999;0.294;-0.098;1
881419334;1.7639999;0.343;-0.049;1
881437128;1.813;0.343;-0.049;1
881447990;1.813;0.294;-0.049;1
881462108;1.7149999;0.294;0.0;1
881475198;1.7639999;0.294;0.0;1
881486811;1.7639999;0.294;-0.098;1
881497973;1.7639999;0.244999984;-0.147;1
881515620;1.7639999;0.294;-0.098;1
881527840;1.813;0.294;-0.049;1
881540169;1.813;0.294;-0.049;1
881550778;1.7639999;0.244999984;-0.049;1
881566258;1.7149999;0.294;-0.049;1
881577743;1.7149999;0.343;-0.049;1
881589255;1.813;0.294;-0.049;1
881624854;1.7639999;0.244999984;-0.049;1
881638962;1.813;0.244999984;-0.049;1
881661024;1.7639999;0.244999984;-0.049;1
881672073;1.7639999;0.294;-0.098;1
881684812;1.7639999;0.294;-0.049;1
881696055;1.7639999;0.294;-0.049;1
881714764;1.7639999;0.294;-0.098;1
881734525;1.7639999;0.294;-0.049;1
881746035;1.7639999;0.244999984;-0.049;1
881764888;1.813;0.244999984;-0.147;1
881784864;1.7639999;0.294;-0.049;1
881801337;1.7149999;0.244999984;-0.049;1
881827794;1.7149999;0.244999984;-0.098;1
881842337;1.7149999;0.294;0.0;1
881855972;1.7639999;0.244999984;-0.049;1
881870242;1.7639999;0.294;-0.049;1
881886197;1.7639999;0.244999984;-0.049;1
881897282;1.7149999;0.294;-0.098;1
881917378;1.7639999;0.294;-0.098;1
881932351;1.7639999;0.244999984;-0.098;1
881943351;1.813;0.294;-0.098;1
881954303;1.7639999;0.343;-0.147;1
881965083;1.7639999;0.294;0.0;1
881979254;1.7639999;0.294;-0.049;1
881990014;1.813;0.294;-0.049;1
882011763;1.7639999;0.244999984;-0.098;1
882023045;1.813;0.196;-0.049;1
882035235;1.7639999;0.294;-0.049;1
882045978;1.7639999;0.244999984;-0.049;1
882062557;1.813;0.294;-0.098;1
882075835;1.7639999;0.343;-0.098;1
882096061;1.7639999;0.244999984;-0.049;1
882108847;1.813;0.343;-0.049;1
882125958;1.862;0.244999984;-0.049;1
882139236;1.7639999;0.343;0.0;1
882152869;1.7639999;0.294;0.0;1
882163907;1.7639999;0.244999984;-0.147;1
882179832;1.813;0.294;-0.049;1
882192577;1.7149999;0.@20000101_000006_898573_imu_lsm6dso32.csv@882196896;0.986736;0.046848;-0.02928;-7;70;-77;1
882204341;1.813;0.294;-0.049;1
882224813;1.813;0.244999984;-0.049;1
882237206;1.7149999;0.244999984;0.0;1
882248558;1.813;0.244999984;0.0;1
882262678;1.7149999;0.343;-0.049;1
882284790;1.7639999;0.294;-0.098;1
882335406;1.813;0.196;-0.098;1
882351194;1.7639999;0.343;0.0;1
882364847;1.7639999;0.343;-0.049;1
882386597;1.7149999;0.343;-0.049;1
882404949;1.7639999;0.294;-0.049;1
882419630;1.7639999;0.244999984;-0.098;1
882435430;1.7639999;0.343;-0.049;1
882450064;1.813;0.244999984;-0.049;1
882468600;1.7639999;0.244999984;-0.098;1
882484795;1.7639999;0.244999984;-0.049;1
882514780;1.7639999;0.294;-0.098;1
882534915;1.7639999;0.343;-0.049;1
882547161;1.7639999;0.294;-0.049;1
882564796;1.813;0.294;-0.098;1
882584845;1.7639999;0.343;-0.098;1
882599661;1.7639999;0.294;-0.098;1
882615155;1.7639999;0.294;-0.098;1
882625860;1.813;0.24498@20000101_000006_898573_imu_lsm6dso32.csv@882628631;0.98771196;0.047824;-0.008784;28;70;-35;1
882637940;1.7639999;0.343;-0.098;1
882649989;1.7639999;0.294;-0.049;1
882674807;1.7639999;0.343;-0.098;1
882694808;1.7639999;0.294;-0.098;1
882706329;1.7639999;0.343;-0.049;1
882716730;1.7639999;0.294;-0.049;1
882728107;1.7149999;0.294;0.0;1
882738964;1.813;0.294;-0.049;1
882749779;1.7639999;0.244999984;-0.049;1
882760836;1.7639999;0.343;-0.049;1
882772809;1.7639999;0.294;-0.049;1
882794791;1.7639999;0.294;-0.049;1
882807162;1.7639999;0.294;-0.049;1
882819847;1.813;0.294;-0.098;1
882830905;1.7639999;0.294;-0.098;1
882863109;1.7639999;0.294;-0.049;1
882880564;1.7639999;0.343;-0.049;1
882900766;1.813;0.196;-0.049;1
882917935;1.7149999;0.244999984;-0.049;1
882929111;1.7639999;0.244999984;-0.147;1
882939926;1.813;0.294;-0.049;1
882950981;1.7639999;0.294;-0.049;1
882961824;1.7149999;0.244999984;-0.049;1
882975680;1.7639999;0.294;0.0;1
882987828;1.7639999;0.343;-0.147;1
882998946;1.7639999;0.343;-0.049;1
883009803;1.7149999;0.294;-0.049;1
883020974;1.7639999;0.294;-0.049;1
883033631;1.7149999;0.244999984;-0.049;1
883046768;1.7639999;0.343;-0.049;1
883066000;1.813;0.244999984;-0.098;1
883076922;1.7639999;0.343;-0.049;1
883098795;1.813;0.244999984;0.0;1
883116119;1.813;0.244999984;-0.049;1
883140146;1.813;0.244999984;-0.098;1
883152267;1.7149999;0.294;-0.098;1
883163117;1.7639999;0.294;-0.049;1
883176741;1.7639999;0.294;-0.098;1
883196299;1.7149999;0.294;-0.049;1
883208136;1.813;0.244999984;-0.098;1
883227604;1.7639999;0.294;-0.049;1
883238540;1.7639999;0.244999984;0.0;1
883249060;1.7639999;0.294;-0.049;1
883275811;1.7639999;0.294;-0.098;1
883288476;1.7149999;0.294;-0.049;1
883306265;1.7639999;0.294;-0.098;1
883318514;1.7639999;0.294;-0.049;1
883330256;1.7149999;0.294;-0.049;1
883364726;1.7639999;0.343;0.0;1
883393752;1.7149999;0.244999984;-0.098;1
883404928;1.813;0.294;-0.049;1
883419080;1.7639999;0.294;-0.049;1
883444018;1.813;0.244999984;-0.049;1
883455987;1.7149999;0.343;-0.049;1
883468194;1.7639999;0.294;-0.049;1
883498784;1.7639999;0.294;-0.049;1
883513502;1.7639999;0.244999984;-0.049;1
883525727;1.813;0.2449@20000101_000006_898573_imu_lsm6dso32.csv@883545503;0.982831936;0.052704;-0.037088;84;42;-14;1
883548547;1.7639999;0.244999984;-0.098;1
883558728;1.7639999;0.@20000101_000006_898573_imu_lsm6dso32.csv@883574832;0.984784;0.052704;-0.00976;-84;119;-56;1
883583277;1.7639999;0.294;-0.049;1
883608162;1.7639999;0.294;0.0;1
883627169;1.813;0.244999984;-0.049;1
883640132;1.7639999;0.294;-0.049;1
883650835;1.7639999;0.343;-0.098;1
883675935;1.7639999;0.294;-0.098;1
883689112;1.7149999;0.@20000101_000006_898573_imu_lsm6dso32.csv@883706445;0.983808;0.050752;-0.013664;-105;112;7;1
883707774;1.813;0.244999984;-0.098;1
883726334;1.7639999;0.294;0.0;1
883739389;1.7149999;0.294;-0.049;1
883750270;1.7639999;0.343;0.0;1
883766958;1.7639999;0.294;0.0;1
883779042;1.7149999;0.244999984;-0.098;1
883806270;1.7639999;0.294;-0.098;1
883818546;1.7149999;0.294;-0.049;1
883832156;1.7639999;0.244999984;-0.049;1
883870976;1.7149999;0.244999984;-0.049;1
883884289;1.7639999;0.244999984;-0.049;1
883897058;1.7639999;0.244999984;-0.098;1
883929847;1.7639999;0.294;-0.049;1
883941321;1.7639999;0.343;-0.098;1
883952499;1.7639999;0.343;-0.049;1
883965950;1.617;0.294;-0.098;1
883980755;1.7639999;0.392;-0.147;1
883991898;1.7639999;0.9@20000101_000006_898573_imu_bno055.csv@883994923;336.9375;7525;17100;0.9646516;-0.03569007;-0.27226424
884002697;1.7639999;0.294;-0.196;1
884017436;1.91099984;0.
884029915;2.0579998;0.294;-0.098;1
884046109;2.156;0.294;-0.098;1
884057145;2.4989998;0.244999984;-0.098;1
884069037;2.744;0.343;0.049;1
884081011;2.9889998;0.343;-0.098;1
884096415;3.577;0.244999984;-0.098;1
884107776;4.1159996;0.343;-0.049;1
884121245;4.361;0.294;-0.098;1
884131884;4.753;0.343;-0.196;1
884143384;4.753;0.44099998;-0.147;1
884155159;5.194;0.392;-0.147;1
884175869;5.586;0.343;-0.147;1
884202796;6.174;0.489999968;-0.147;1
884226118;6.7619997;0.244999984;0.049;1
884240062;7.595;0.343;-0.098;1
884275246;8.967;0.686;-0.244999984;1
884287877;8.82;0.44099998;-0.147;1
884304681;8.771;0.489999968;-0.63699996;1
884316462;8.918;0.539;-0.294;1
884338957;8.624;0.539;-0.44099998;1
884350008;8.526;0.63699996;-0.343;1
884363864;8.183;0.588;-0.343;1
884377171;7.987;0.63699996;-0.44099998;1
884393384;7.448;0.734999936;-0.44099998;1
884405431;7.252;0.784;-0.44099998;1
884416813;6.9579997;0.784;-0.392;1
884435940;6.664;0.784;-0.343;1
884447931;6.566;0.833;-0.44099998;1
884468034;6.37;0.833;-0.489999968;1
884478919;6.3209996;0.784;-0.539;1
884499936;6.174;0.931;-0.489999968;1
884524808;6.0759996;1.078;-0.489999968;1
884537240;5.831;1.078;-0.294;1
884548417;5.831;1.127;-0.196;1
884559140;5.782;1.176;@20000101_000006_898573_imu_lsm6dso32.csv@884561950;4.942464;0.921344;-0.01464;-60900;5838;11144;1
884569817;5.684;1.225;0.049;1
884582678;5.586;1.323;0.147;1
884600902;5.586;1.225;0.63699996;1
884612697;5.586;1.176;0.784;1
884635279;5.488;1.127;1.225;1
884646320;5.488;0.88199996;1.5189999;1
884664882;5.341;0.392;2.0579998;1
884686218;5.341;-0.196;2.205;1
884717406;5.243;-0.784;2.205;1
884734962;5.243;-0.734999936;2.45;1
884751020;5.194;-0.686;2.744;1
884762515;5.0959996;-0.734999936;2.842;1
884781398;5.047;-0.098;3.185;1
884794100;4.9979996;0.734999936;3.381;1
884806009;5.047;1.2739999;3.4299998;1
884826678;4.949;1.666;3.675;1
884837033;4.9;1.666;3.9199998;1
884854816;4.851;1.4699999;4.067;1
884865795;4.802;0.833;4.2139996;1
884876898;4.802;0.343;4.606;1
884887979;4.802;0.098;5.0959996;1
884899110;4.753;-0.392;5.0959996;1
884916525;4.6549996;-0.392;5.488;1
884944175;4.704;0.147;5.831;1
884966006;4.6549996;1.078;5.733;1
884978050;4.606;1.372;5.6349996;1
885003105;4.459;0.979999936;6.272;1
885015906;4.5569996;0.63699996;6.223;1
885036752;4.312;-0.049;6.7619997;1
885048500;4.508;0.0;7.105;1
885066034;4.459;0.343;7.595;1
885086019;4.361;0.784;8.231999;1
885097225;4.459;0.979999936;8.33;1
885117276;4.361;0.88199996;8.771;1
885128489;4.361;0.63699996;8.82;1
885146584;4.165;0.098;9.261;1
885158143;4.1159996;0.098;9.163;1
885175951;4.1159996;0.686;8.82;1
885187055;4.1159996;0.784;8.967;1
885197962;4.165;0.196;9.212;1
885216047;4.018;-0.147;9.212;1
885233323;4.067;-0.147;9.113999;1
885256022;3.773;0.392;8.33;1
885269407;3.675;0.44099998;8.183;1
885285968;3.724;0.392;8.134;1
885297523;3.479;0.63699996;7.20299968;1
885309198;3.5279998;0.244999984;6.8599996;1
885320030;3.381;0.343;6.5169996;1
885336003;3.332;0.392;6.0759996;1
