854067431;282;218;3939
854103810;288;220;3943
854149909;230;197;3938
854174062;257;208;3937
854203158;238;200;3939
854233642;188;178;3937
854257479;120;142;3937
854278994;112;137;3940
854305815;142;155;3938
854335173;180;174;3938
854359145;182;175;@20000101_000006_898573_accel_adxl375.csv@854361190;1.813;0.294;-0.049;1
854395548;218;192;3937
854429321;157;163;3939
854458294;97;128;3939
854485708;147;157;3941
854515361;173;171;3941
854545159;165;167;3938
854592892;212;189;3943
854618579;175;172;3938
854640124;200;184;3938
854665158;193;180;3939
854695773;173;171;3941
854720621;173;171;3941
854747954;187;178;3941
854770701;155;162;3941
854796396;167;168;3939
854817284;150;159;3939
854847269;123;144;3940
854868751;122;143;3940
854892885;153;161;39@20000101_000006_898573_accel_adxl375.csv@854895797;1.7149999;0.294;-0.049;1
854917570;125;145;3938
854939085;127;146;3938
854964465;215;190;3941
854988736;230;197;3941
855012249;240;201;3937
855074815;223;194;3939
855100166;228;196;3939
855160229;218;192;3940
855182246;215;190;3940
855208104;215;190;3938
855233166;202;185;3938
855260994;213;190;3941
855284345;218;192;3941
855318778;125;145;3942
855342469;177;173;3942
855365243;190;179;3941
855388661;198;183;3939
855412848;195;181;3940
855439517;178;173;3938
855462032;182;175;3938
855484259;150;159;3939
855519645;177;173;3941
855574210;197;182;3939
855601289;193;180;3939
855631435;157;163;3942
855655342;132;149;3942
855682139;137;152;3939
855711487;130;148;3940
855734273;87;121;3940
855762499;73;111;3940
855784325;60;100;3940
855810807;68;107;3941
855833739;37;79;3941
855870321;117;140;3944
855901784;157;163;3943
855931310;118;141;3941
855956101;132;149;3941
855979135;115;139;3939
856000843;85;120;3942
856024889;57;98;3940
856068441;62;102;3940
856094604;85;120;3940
856117655;75;112;3940
856143677;70;108;3939
856172625;63;103;3939
856203860;30;71;3944
856225143;10;41;3944726250;1.7639999;0.294;-0.049;1
856246717;-80;0;3942
856273537;-102;0;3943
856302690;-143;0;3939
856331991;-122;0;3942
856355965;-70;0;3942
856377761;-87;0;3939
856404898;-85;0;3941
856429179;-170;0;3941
856454461;-232;0;3942
856475362;-182;0;3942
856503975;-137;0;3941
856530674;-138;0;3941
856592182;-248;0;3939
856617312;-232;0;3939
856638457;-177;0;3939
856664781;-192;0;3943
856686504;-158;0;3943
856715536;-173;0;3937
856745383;-218;0;3940
856766497;-217;0;3940
856794756;-180;0;3941
856825208;-158;0;3935
856846582;-142;0;3935
856880602;-128;0;3937
856905507;-268;0;3937
856932203;-332;0;3940
856957031;-215;0;3940csv@856958556;0.0;0.0;0;0;2550
856980341;-118;0;3938
857010068;-90;0;3942
857034664;-100;0;3942
857082912;-160;0;3939
857107319;-193;0;3939
857131022;-187;0;3940
857154995;-145;0;3940
857179306;-87;0;3938
857200005;-67;0;3939
857233014;-63;0;3942
857283953;-143;0;3940
857312969;-150;0;3940
857334753;-117;0;3940
857358235;-115;0;3941
857381422;-40;0;3938
857407762;-52;0;3941
857429952;-70;0;3941
857458126;-97;0;3937
857482399;-135;0;3937
857504294;-155;0;3941
857529096;-162;0;3944
857580906;-138;0;3938
857646244;-67;0;3941
857671042;-75;0;3937
857692391;-75;0;3940
857720259;-65;0;3940
857751613;-65;0;3942
857781328;-108;0;3942
857802070;-115;0;3942
857831529;-110;0;3943
857882470;-58;0;3939
857911739;-108;0;3940
857941661;-92;0;3941
857969969;-48;0;3941
857994946;-33;0;3941
858032114;-40;0;3938
858054054;-28;0;3938
858087480;-35;0;3941
858121744;-42;0;3939
858146285;-25;0;3939
858171861;-15;0;3939
858194905;-23;0;3939
858244448;-28;0;3939
858271891;-28;0;3940
858303431;-33;0;3944
858324781;-30;0;3940
858347945;-30;0;3940
858373443;-28;0;3943
858402168;-30;0;3941
858435057;-40;0;3939
858513034;-20;0;3941
858542751;-13;0;3941
858596420;-17;0;3941
858625449;-13;0;3941
858648325;-18;0;3941
858681404;-17;0;3942
858704710;-32;0;3942
858735130;-50;0;3939
858784537;-48;0;3940
858814116;-38;0;3939
858840508;-40;0;3940
858866077;-63;0;3939
858890889;-57;0;3939
858915203;-38;0;3940
858940116;-27;0;3941
858965956;-27;0;3939
858989345;-35;0;3939
859025464;-62;0;3939
859052189;-82;0;3941
859076584;-108;0;3941
859116304;-132;0;3939
859142932;-130;0;3943
859167215;-125;0;3943
859216235;-125;0;3940
859239205;-107;0;3942
859261187;-95;0;3939
859317490;-83;0;3943
859341202;-72;0;3943
859365665;-143;0;3944
859390260;-167;0;3943
859421582;-123;0;3943
859450169;-133;0;3942
859470988;-132;0;3942
859491867;15;50;39430@20000101_000006_898573_imu_lsm6dso32.csv@859495910;0.980879936;0.065392;-0.000976;-35;-42;0;1
859520914;142;155;3940
859558407;177;173;3941
859591372;155;162;3940
859628760;135;151;3941
859655116;120;142;3941
859680627;140;154;3940
859702439;145;156;3940
859727986;135;151;3939
859749832;83;118;3939
859777579;100;130;3944
859800649;98;128;3944
859824490;82;117;3941
859847210;73;111;3943
859882190;83;118;3944
859904825;90;123;3944
859930057;67;106;3942
859960768;48;90;3941
859985706;55;96;3941
860012530;88;122;3941
860034197;93;125;3941
860080597;83;118;3941
860102277;82;117;3940
860123298;78;114;3941
860146238;97;128;3943
860173624;100;130;3942
860199913;75;112;3941
860235036;38;80;3940
860265022;30;71;3939
860287509;40;82;3939
860316706;103;132;3942
860341356;135;151;3942
860367743;157;163;3939
860388634;130;148;3939
860416339;127;146;3940
860438404;138;152;3940
860460025;127;146;3941
860484551;88;122;3942
860510155;60;100;3943
860532241;42;84;3943
860553853;40;82;3942
860592207;40;82;3941
860619752;-5;0;3945
860640942;-10;0;3945
860686406;22;61;3940
860714072;-2;0;3943
860736377;12;45;3943
860763173;17;53;3943
860793150;-2;0;3944
860816644;22;61;3944
860845032;13;46;3941
860873085;-7;0;3943
860903417;10;41;3943
860948798;97;128;3943
860975605;100;130;3940
860998121;115;139;3940
861025654;115;139;3943
861055479;90;123;3940
861095450;50;92;3940
861120723;43;85;3940
861147088;50;92;3941
861168387;45;87;3941
861189076;25;65;3944
861211357;-22;0;3942
861235863;-45;0;3939
861264649;-28;0;3941
861294911;-25;0;3944
861326525;-37;0;3941
861349259;-65;0;3943
861383571;-50;0;3941
861405991;-47;0;3941
861439741;-33;0;3942
861463248;-42;0;3942
861491730;-47;0;3939
861525823;-35;0;3943
861559969;20;58;3943
861610261;110;136;3937
861633945;103;132;3937
861656692;100;130;395861658465;0.983808;0.067343992;-0.016592;-126;-7;14;1
861679116;85;120;3941
861703641;100;130;3940
861736664;3;22;3944
861770392;-58;0;3942
861800195;-175;0;3942
861828983;-173;0;3942
861853099;-190;0;3942
861879790;-132;0;3944
861903269;-88;0;3944
861929799;-110;0;3939
861953711;-103;0;3939
861978455;-73;0;3943
862008191;-48;0;3945
862031603;-43;0;3945
862082232;18;55;3944
862106619;52;93;3944
862131919;52;93;3942
862155435;53;94;3942
862182152;62;102;3942
862204035;23;62;3942
862232633;40;82;3939
862259935;8;36;3939
862316631;45;87;3941
862340177;68;107;3941
862414740;77;114;3939
862440540;50;92;3939
862463767;45;87;3939
862490220;42;84;3939
862514679;60;100;3939
862535573;53;94;3939
862610401;67;106;3943
862642284;67;106;3943
862670996;65;104;3943
862693681;63;103;3943
862714363;62;102;3939
862742136;47;89;3942
862771573;35;77;3943
862794972;33;74;3943
862821944;37;79;3943
862852817;45;87;3942
862884375;53;94;3944
862905867;58;99;3941
862933882;58;99;3938
862955326;62;102;3938
862984009;67;106;3938
863004949;68;107;3938
863033092;67;106;3940
863061905;75;112;3941
863110636;63;103;3945
863137212;65;104;3942
863159786;72;110;394@20000101_000006_898573_imu_lsm6dso32.csv@863161358;0.983808;0.056608;-0.008784;0;21;-35;1
863183244;68;107;3942
863205452;63;103;3942
863226266;67;106;394@20000101_000006_898573_accel_adxl375.csv@863229321;1.813;0.244999984;-0.098;1
863254539;63;103;394_dxl375.csv@863257006;1.7639999;0.294;-0.147;1
863285454;55;96;3939
863309875;50;92;3939
863338118;40;82;3942
863358903;38;80;39422.983808;0.054656;0.0;84;-14;-35;1
863385743;43;85;3943
863409347;43;85;3943
863444301;42;84;3942
863471360;43;85;3944
863505783;45;87;3942
863534719;45;87;3941
863558965;47;89;3941
863609830;52;93;3942
863646453;57;98;3944
863676699;57;98;3944
863710090;58;99;3940
863736010;53;94;3941
863795639;57;98;3943
863816636;58;99;3943
863839344;58;99;3941
863861505;52;93;3943
863890163;45;87;3943
863912372;50;92;3943
863936784;58;99;3940
863966245;63;103;3944
864000298;62;102;3943
864024066;67;106;3940r_agl.csv@864025652;0.028;0
864050745;68;107;3944
864079187;65;104;3942
864141749;83;118;3942
864172235;83;118;3944
864209805;80;116;3942
864237965;75;112;3944
864262471;67;106;3944
864298080;73;111;3941
864321778;78;114;3941
864349901;65;104;3940
864375976;67;106;3940
864402365;60;100;3943
864430110;43;85;3946
864459037;33;74;3943
864481587;23;62;3943
864503807;28;68;3945
864529923;32;73;3943
864556053;37;79;3942
864580929;38;80;3942
864612121;45;87;3945
864635970;52;93;3942
864680513;45;87;3942
864705065;43;85;3942
864732204;42;84;3942
864756400;35;77;3942
864777278;35;77;3941
864801582;50;92;3939
864824586;58;99;3943
864851323;65;104;3941
864881859;52;93;3941
864912108;63;103;3944
864944470;23;62;3939
864967703;-10;0;3942
864994324;-15;0;3943
865021887;13;46;3943
865046801;15;50;3943
865083095;-7;0;3945
865104687;-5;0;3945
865131932;-2;0;3942
865178160;5;29;3945
865201167;-18;0;3945
865226940;-22;0;3941
865249267;-23;0;3941
865284573;0;0;3940
865313629;-33;0;3942
865343285;-30;0;3941
865368512;-12;0;3941
865393999;5;29;3944
865419983;2;18;3943
865444895;30;71;3943
865467372;40;82;3941
865504987;7;34;3943
865527480;-8;0;3943
865556363;-18;0;3946o5558000;-37.007688;38.3;101770.33;4.0440024
865595581;-3;0;3941
865620795;3;22;3941
865646127;-10;0;3944
865668659;-20;0;3944
865704995;7;34;3944
865746141;-3;0;3942
865771522;8;36;3944
865803219;10;41;3941
865835004;5;29;3946
865865422;27;67;3943
865892719;2;18;3943
865920004;-28;0;3943
865948430;-22;0;3942
865971236;10;41;3942
865992479;33;74;3943294;0.0;1
866047102;-3;0;3937
866071670;5;29;3937
866100983;-3;0;3944
866123881;-17;0;3944
866146853;-22;0;3942
866168635;-15;0;3945
866196711;35;77;3943
866237713;7;34;3943
866263300;-32;0;3944
866287742;-18;0;3944
866310735;20;58;3943
866338664;37;79;3945
866360971;13;46;3945
866417722;-20;0;3941
866439943;-10;0;3941
866462995;-43;0;3941
866488727;-27;0;3941
866509504;10;41;3941
866541423;-3;0;3943
866570368;-28;0;3945
866592409;20;58;3945
866620020;85;120;3942
866643035;113;138;3942
866670428;90;123;3944
866743301;110;136;3944
866781601;125;145;3939
866801906;117;140;3939
866824961;87;121;3943
866850620;30;71;3939
866881338;3;22;3944
866902579;3;22;3944
866930552;3;22;3944
866958721;20;58;394020898573_gnss_gga.csv@866960243;0.0;0.0;0;0;2550
866981348;20;58;3940
867011168;0;0;3945
867035079;3;22;3945
867062275;-10;0;3943
867090970;-8;0;3942
867115193;-5;0;3942
867141871;-2;0;3943
867163629;-18;0;3943
867184491;-2;0;3939
867243958;-58;0;3942
867275110;-47;0;3943
867302617;-47;0;3944
867334001;-53;0;3945
867361053;-73;0;3945
867393658;-82;0;3944
867445139;-82;0;3938
867475026;-83;0;3945
867505512;-57;0;3945
867533895;-37;0;3943
867556484;-35;0;3943
867584179;-5;0;3939
867605670;13;46;3939
867639877;32;73;3944
867663548;48;90;3944
867693777;52;93;3942
867747429;47;89;3945
867795388;18;55;3945
867819203;17;53;3945
867845383;50;92;3943
867874247;12;45;3943
867904331;12;45;3946
867951276;18;55;3941
867977108;42;84;3944
868008574;35;77;3941
868036667;30;71;3947
868058508;42;84;3947
868085325;92;124;3946
868115245;108;135;3943
868140438;148;158;3943
868165484;187;178;3945
868188569;202;185;3943
868211826;202;185;3942
868239089;155;162;3946
868290495;73;111;3943
868313549;63;103;3943
868336748;60;100;3944
868361154;48;90;3947
868382843;58;99;3945
868410703;50;92;3945
868433868;48;90;3945
868455845;37;79;3945
868478614;50;92;3944
868500090;62;102;3941
868520997;55;96;3943
868585005;57;98;3943
868606027;42;84;3941
868628617;53;94;3941
868651596;78;114;3942
868672429;120;142;3941
868737188;115;139;3945
868813535;188;178;3944
868834638;152;160;3945
868859090;73;111;3943
868911916;73;111;3943
868934812;113;138;3944
868962181;118;141;3942
868983714;73;111;3942
869013694;133;150;3943
869034761;153;161;3943
869062111;125;145;3941
869083512;80;116;3941
869110465;50;92;3947
869141379;60;100;3943
869164046;62;102;3943
869246307;-5;0;3944
869267380;22;61;3944
869288548;40;82;3943
869312114;50;92;3943
869341257;60;100;3941
869372525;42;84;3939
869395300;-17;0;3947
869421688;-55;0;3945
869444037;-117;0;3945
869471827;-143;0;3943
869512889;-110;0;3940
869542019;-120;0;3941
869572047;-123;0;3943
869603366;-93;0;3943
869625813;-95;0;3945
869648679;-87;0;3942
869673691;-73;0;3944
869703627;-45;0;3945
869732938;3;22;3939
869774050;0;0;3945
869797931;17;53;3945
869847074;-80;0;3946
869875381;-95;0;3945
869903442;-97;0;3945
869933598;-95;0;3944
869955718;-78;0;3944
869979251;-77;0;3945
870005373;-85;0;3941
870028117;-85;0;3941
870054628;-87;0;3943
870075834;-43;0;3943
870105427;-35;0;3942
870136488;-33;0;3942
870157781;-45;0;3942
870185745;-35;0;3945
870216927;-18;0;3941
870281722;-35;0;3941
870309092;-90;0;3942
870340535;-97;0;3944
870368118;-87;0;3943
870393998;-42;0;3943
870425725;43;85;3944
870451773;0;0;3942
870477739;43;85;3947
870506667;-15;0;3945
870529860;42;84;3945
870554268;3;22;3941
870578582;15;50;3943
870608495;-23;0;3943
870629971;-22;0;3943
870656927;18;55;3943
870687046;58;99;3945
870739710;52;93;3944
870768284;60;100;3948
870805744;23;62;3945
870831297;-20;0;3945
870861972;-38;0;3944
870919771;8;36;3947
870949729;-8;0;3945
870972023;58;99;3945
870994396;47;89;3946
871018972;65;104;3942
871040968;82;117;3944
871071974;62;102;3945
871095472;27;67;3945
871119656;-10;0;3945
871142354;25;65;3940
871163967;33;74;3946
871192217;115;139;3941
871248789;120;142;3947
871274436;100;130;3943
871321381;115;139;3945
871346419;90;123;3945
871371210;77;114;3947
871395657;112;137;3945
871420671;117;140;3941
871450720;53;94;3945
871473007;47;89;3945
871502364;132;149;3945
871525924;158;163;3945
871548099;150;159;3948
871572185;127;146;3943
871595328;125;145;3947
871621784;103;132;3942
871644558;83;118;3942
871671592;122;143;3943
871695254;190;179;3943
871721788;172;170;3941
871746642;128;147;3941
871793602;153;161;3945
871845341;228;196;3944
871873342;243;202;3943
871894826;278;217;3943
871916446;210;188;3944
871944582;207;187;3946
871972334;242;202;3942
871994009;168;168;39@20000101_000006_898573_accel_adxl375.csv@871995592;1.7639999;0.294;-0.049;1
872022733;135;151;3944
872044833;138;152;3944
872066975;133;150;3945
872099842;178;173;3943
872123885;197;182;3943
872148776;205;186;3946
872174141;258;209;3942
872200197;225;195;3945
872270980;222;193;3947
872304626;222;193;3944
872335221;238;200;3944
872367587;218;192;3946
872395236;215;190;3943
872424837;178;173;3946
872448242;132;149;3946
872472584;213;190;3943
872500157;213;190;3945
872527806;230;197;3944
872549699;207;187;3944
872573968;177;173;3944
872599858;162;165;3942
872626027;165;167;39r_agl.csv@872627557;0.027;0
872679747;222;193;3942
872701497;220;193;3943
872726046;193;180;3944
872752515;250;205;3939
872796771;272;214;3943
872836467;287;220;3943
872861455;280;217;3947
872918220;252;206;3947
872939756;248;205;3947
872969671;267;212;3946
872991269;255;207;3946
873019884;257;208;3943
873048793;252;206;3946
873082165;230;197;3945
873103205;233;198;3945
873131472;225;195;3945
873155837;225;195;3945
873180946;228;196;3943
873202081;258;209;3941
873230122;283;219;3945
873251546;263;211;3945
873301704;262;210;3949
873354339;262;210;3947
873381332;295;223;3943
873402962;317;231;3943
873430211;300;225;3945
873454075;285;219;3945
873479449;290;221;3944
873502417;307;228;3946
873536442;275;215;3947
873558635;252;206;3947
873582303;213;190;3944
873604268;197;182;3943
873630189;182;175;3945
873652672;197;182;3945
873680727;190;179;3945
873709936;212;189;3943
873735169;215;190;3944
873758491;215;190;39@20000101_000006_898573_imu_lsm6dso32.csv@873761278;0.98576;0.056608;-0.025376;-154;7;42;1
873804957;203;185;3945
873827147;217;191;3945
873850127;200;184;3945
873871641;202;185;3945
873921640;217;191;3943
873946139;235;199;3943
873968149;233;198;3943
873993726;178;173;3943
874047191;147;157;3944
874073229;197;182;3945
874101734;170;169;3943
874131631;132;149;3945
874154080;112;137;3945
874175943;122;143;3946
874203523;150;159;3943
874232694;127;146;3947
874283500;145;156;3945
874314834;132;149;3945
874344285;140;154;3942
874374571;107;134;3945
874400786;87;121;3943
874434769;98;128;3946
874459113;110;136;3946
874484329;100;130;3946
874509692;112;137;3942
874535136;123;144;3945
874561847;133;150;3946
874584704;143;155;3946
874610453;103;132;3948
874636257;127;146;3945
874661521;133;150;3945
874698041;138;152;3942
874719417;165;167;3942
874740113;150;159;3945
874785592;160;164;3942
874807414;143;155;3942
874829543;137;152;3946
874850428;162;165;3944
874883139;180;174;3943
874910226;142;155;3941
874937396;120;142;3943
874960497;92;124;3943
874987842;47;89;39452.08784;-21;-21;-14;1
875020402;10;41;3944
875047221;30;71;3943
875068542;85;120;3943
875100446;10;41;3945
875129160;-33;0;3943
875157906;-43;0;3944
875189874;-53;0;3946
875220812;-53;0;3942
875248478;-88;0;3947
875287827;-70;0;3947
875312096;-55;0;3947
875340039;-28;0;3946
875371000;-58;0;3944
875398001;-70;0;3946
875427871;-60;0;3943
875450553;-107;0;3943
875478495;-90;0;3943
875500907;-60;0;3943
875560254;-113;0;3943
875581258;-122;0;3943
875609384;-130;0;3944
875634199;-140;0;3944
875661026;-145;0;3943
875682367;-137;0;3943
875707581;-143;0;3949
875730047;-162;0;3945
875780017;-118;0;3946
875803941;-90;0;3946
875830226;-73;0;3943
875852154;-53;0;3943
875874027;-67;0;3945
875900351;-107;0;3945
875930185;-118;0;3947
875952269;-117;0;3947
875974010;-115;0;3948
875999811;-98;0;3945
876032398;-117;0;3945
876055723;-90;0;3945
876080341;-93;0;3947
876102195;-78;0;3940
876132670;-78;0;3945
876156157;-100;0;3945
876178713;-103;0;3946
876201989;-87;0;3945
876256425;-87;0;3944
876277890;-102;0;3944
876304467;-100;0;3941
876332386;-93;0;3946
876357619;-115;0;3946
876382099;-123;0;3944
876413222;-110;0;3946
876436748;-112;0;3946
876462920;-107;0;3947
876492518;-110;0;3945
876546576;-118;0;3943
876582565;-135;0;3942
876613199;-132;0;3944
876643675;-127;0;3945
876664738;-123;0;3945
876693253;-122;0;3947
876715141;-127;0;3947
876779186;-115;0;3946
876805404;-118;0;3945
876828210;-107;0;3945
876849347;-113;0;3945
876871555;-95;0;3944
876895287;-107;0;3945
876916070;-100;0;3947
876938783;-143;0;3945
876966953;-157;0;3945
876989586;-195;0;3945
877016852;-207;0;3943
877046177;-200;0;3945
877070722;-183;0;3945
877094977;-135;0;3943
877125406;-100;0;3947
877147767;-98;0;3947
877172802;-95;0;3948
877199889;-78;0;3946
877247626;-120;0;3948
877269423;-147;0;3948
877298755;-127;0;3944
877322498;-147;0;3944
877348064;-160;0;3951
877373711;-220;0;3945
877396339;-293;0;3945
877420938;-285;0;3944
877449265;-282;0;3943
877484970;-272;0;3948
877508940;-207;0;3948
877537599;-208;0;3941
877585351;-222;0;3944
877610173;-248;0;3946
877638926;-302;0;3943
877675016;-310;0;3945
877695969;-315;0;3945
877726383;-333;0;3942
877747048;-393;0;3942
877792767;-302;0;3943
877814304;-287;0;3944
877838750;-268;0;3945
877869369;-285;0;3947
877891703;-278;0;394693945;0.98771196;0.057584;-0.00976;84;14;-42;1
877916367;-257;0;3943
877939354;-235;0;3945
877961350;-253;0;3945
877982204;-303;0;3945
878006044;-268;0;3949
878037223;-197;0;3943
878060083;-183;0;3943
878083097;-257;0;3943
878105498;-223;0;3945
878129563;-293;0;3945
878162379;-238;0;3944
878220113;-243;0;3945
878251411;-215;0;3948
878280541;-135;0;3943
878326543;-143;0;3946
878352138;-107;0;3945
878374760;-105;0;3945
878401578;-160;0;3945
878432165;-228;0;3947
878456354;-280;0;3947
878482511;-288;0;3945
878505094;-217;0;3945
878531637;-205;0;3945
878556249;-252;0;3945
878577562;-240;0;3943
878602871;-223;0;3946
878629987;-212;0;3943
878654090;-140;0;3943
878677835;-97;0;3947
878703052;-143;0;3945
878725015;-185;0;3945
878753060;-285;0;3945
878774809;-318;0;3945
878813657;-280;0;3942
878838696;-287;0;3947
878865182;-220;0;3945
878893344;-242;0;3946
878947164;-190;0;3944
878975822;-233;0;3945
878997449;-225;0;3945
879024767;-160;0;3945
879048336;-178;0;3945
879073747;-233;0;3944
879104783;-238;0;3946
879130215;-220;0;3945
879154539;-230;0;3945
879177424;-217;0;3944
879205472;-185;0;3947
879230004;-187;0;3947
879265319;-170;0;3946
879299982;-180;0;3946
879347293;-183;0;3946
879372079;-173;0;3946
879400768;-187;0;3945
879426151;-213;0;3945
879449342;-217;0;3945
879473886;-228;0;3943
879504732;-217;0;3947
879530488;-143;0;3945
879580306;-145;0;3945
879608769;-162;0;3947
879633700;-158;0;3947
879657447;-172;0;3943
879682169;-175;0;3943
879710346;-190;0;3945
879733880;-215;0;3945
879758476;-260;0;394@20000101_000006_898573_accel_adxl375.csv@879761436;1.7639999;0.294;-0.098;1
879810533;-245;0;3944
879835978;-253;0;3945
879879897;-255;0;3946
879902295;-210;0;3944
879929984;-188;0;3943
879951558;-180;0;3943
879979351;-152;0;3946
880010152;-158;0;3943
880034312;-153;0;3943
880059202;-203;0;3948
880085305;-242;0;3947
880110277;-320;0;3947
880135594;-280;0;3942
880159540;-410;0;394@20000101_000006_898573_imu_lsm6dso32.csv@880161208;0.986736;0.0412;-7;-7;1
880213433;-302;0;3944
880239316;-208;0;3949
880262245;-123;0;3949
880306255;-228;0;3943
880332231;-220;0;3944
880360342;-240;0;3946
880382076;-245;0;3946
880410553;-305;0;3946
880434237;-288;0;3946
880513007;-265;0;3943
880534900;-212;0;3946
880560530;-130;0;3943
880582603;-147;0;3943
880610909;-195;0;3944
880636758;-200;0;3945
880685668;-207;0;3945
880714970;-265;0;3947
880741098;-255;0;3946
880763627;-273;0;3946
880835853;-175;0;3945
880865215;-217;0;3941
880946374;-278;0;3942
880973202;-308;0;3947
881047013;-228;0;3946
881073047;-135;0;3945
881102654;-128;0;3943
881132865;-93;0;3949
881158098;-82;0;3947
881189935;-117;0;3948
881213850;-133;0;3947
881239894;-180;0;3944
881277242;-220;0;3949
881305026;-245;0;3944
881388658;-240;0;394836;0.064416;-0.025376;126;0;-98;1
881409354;-260;0;3947
881436026;-257;0;3947
881485129;-317;0;3945
881514658;-362;0;3945
881537976;-400;0;3945
881565226;-378;0;3947
881586435;-368;0;3947
881610574;-388;0;3945
881637226;-402;0;3947
881666953;-400;0;3947
881690720;-388;0;3947
881720235;-405;0;3947
881743856;-420;0;3947
881771128;-377;0;3947
881837276;-380;0;3948
881866343;-377;0;3947
881891395;-355;0;3947
881926111;-338;0;3948
881949792;-330;0;3948
881975497;-342;0;3944
882008006;-283;0;3947
882031269;-232;0;3947
882057267;-293;0;394_imu_lsm6dso32.csv@882059378;0.98576;0.057584;-0.037088;-56;0;7;1
882080596;-292;0;3946
882104487;-283;0;3947
882130133;-255;0;3945
882154176;-248;0;3945
882178860;-285;0;3945
882202726;-287;0;3946
882231899;-292;0;3945
882260086;-368;0;3943
882311393;-285;0;3949
882346864;-297;0;3947
882371976;-335;0;3947
882418617;-340;0;3944
882441971;-317;0;3945
882470983;-318;0;3944
882492696;-287;0;394@20000101_000006_898573_accel_adxl375.csv@882496015;1.813;0.244999984;-0.098;1
882521558;-273;0;3944
882543949;-312;0;3944
882569949;-292;0;3947
882595674;-220;0;3947
882621553;-220;0;3945
882645642;-230;0;3945
882681083;-215;0;3946
882702450;-217;0;3946
882724160;-245;0;3949
882746876;-258;0;3949
882770765;-230;0;3943
882800600;-288;0;3945
882871584;-363;0;3945
882899629;-408;0;3944
882947347;-260;0;3947
882972430;-225;0;3944
882993644;-225;0;3945
883014447;-195;0;3943
883041536;-148;0;3941
883071636;-150;0;3947
883102416;-197;0;3946
883125004;-202;0;3946
883146877;-210;0;3942
883171717;-195;0;3941
883202175;-218;0;3942
883232553;-257;0;3943
883256008;-273;0;3943
883283502;-250;0;3944
883312496;-285;0;3946
883356845;-282;0;3948
883395992;-277;0;3946
883420836;-267;0;3945
883446501;-298;0;3947
883467031;-352;0;3947
883495967;-277;0;3949
883519826;-188;0;3949
883550768;-303;0;3947
883584952;-278;0;3949
883606504;-298;0;3949
883634469;-273;0;3947
883684766;-215;0;3948
883711644;-273;0;3944
883736443;-270;0;3944
883764735;-265;0;3944
883786765;-255;0;3944
883815305;-305;0;3949
883865377;-267;0;3947
883892020;-255;0;3947
883924279;-317;0;3943
883947690;-330;0;3943
883975806;-332;0;3945
883997749;-372;0;3945
884051360;-320;0;3945
884076659;-260;0;3947
884100909;-137;0;3947
884149226;160;164;3945
884186183;485;286;3943
884208027;757;358;3943
884236596;1505;505;3945
884280402;2710;677;3946
884307114;3605;781;3948
884340233;4938;914;3946
884362905;6142;1020;3946
884386998;7300400006_898573_baro_bmp280.csv@884388541;-36.57964;38.36;101765.15;4.472046272;-0.35136;-13251;4424;1540;1
884410281;8572;1205;3945
884439958;10302;1321;3945
884470393;11768;1412;3943
884501601;14308;1557;3943
884534144;17370;1715;3947
884556996;19715;1827;3947
884581331;22892;1969;3945
884609700;27745;2168;3947
884641007;30408;2270;3945
884670138;32692;2353;3946
884692586;22325;1945@20000101_000006_898573_accel_adxl375.csv@884697058;5.341;-0.489999968;2.352;1
884722364;2917;703;3943
884749405;-292;0;3946
884780013;15815;1637;3947
884802461;41445;2650;3947
884831737;49433;2894;3945
884860714;51158;2944;3942
884882733;48780;2875;3942
884904676;35165;2441;3941
884939872;38112;2541;3945
884970245;52792;2991;3947
885017236;54608;3042;3944
885042618;52283;2976;3944
885071452;52817;2991;3943
885092554;54608;3042@20000101_000006_898573_imu_lsm6dso32.csv@885095936;3.7439358;0.78470396;8.230608;37520;-23415;10815;1
885121835;54608;3042;3945
885151293;54608;3042;3943
885181341;54608;3042;3943
885202990;54608;3042;3943
885230855;54090;3027;3943
885261654;49160;2886;3941
885291799;46202;2798;3945
885314136;36748;2495;3945
