854056600;-36.806876;38.29;101767.91;4.244812
854161904;-36.748744;38.29;101767.2;4.302944
854263605;-36.806876;38.29;101767.91;4.244812
854365424;-36.875576;38.29;101768.72;4.176113
854475444;-36.806876;38.29;101767.91;4.244812
854599381;-36.923132;38.29;101769.31;4.1285552
854702242;-37.10281;38.29;101771.43;3.9488792
854803546;-36.865004;38.29;101768.61;4.1866836
854906001;-36.859724;38.28;101768.5;4.191967
855009696;-36.621916;38.28;101765.67;4.4297716
855117678;-36.865004;38.29;101768.61;4.1866836
855225417;-36.875576;38.29;101768.72;4.176113
855329099;-36.80159;38.28;101767.79;4.250099
855431858;-36.738176;38.28;101767.08;4.3135148
855533941;-36.80159;38.28;101767.79;4.250099
855636929;-36.923132;38.29;101769.31;4.1285552
855739339;-36.738176;38.28;101767.08;4.3135148
855842256;-36.748744;38.29;101767.2;4.302944
855943529;-36.817444;38.29;101768.016;4.2342452
856066910;-36.886144;38.3;101768.84;4.1655464
856175575;-36.933704;38.29;101769.43;4.117985
856279156;-36.759316;38.29;101767.31;4.2923736
856380722;-36.828016;38.3;101768.13;4.223675
856496960;-36.769884;38.3;101767.43;4.281807
856604044;-36.653624;38.3;101766.016;4.3980636
856708646;-36.653624;38.3;101766.016;4.3980636
856818640;-36.828016;38.3;101768.1398573_imu_bno055.csv@856823403;334.25;7543;17118;0.9483361;-0.04588723;-0.25390936
856928461;-36.769884;38.3;101767.43;4.281807
857031623;-36.833296;38.3;101768.22;4.2183916
857135508;-36.886144;38.3;101768.84;4.1655464
857238872;-36.886144;38.3;101768.84;4.1655464
857342191;-36.817444;38.29;101768.016;4.2342452
857443573;-37.060536;38.3;101770.95;3.9911536
857553241;-36.817444;38.29;101768.016;4.2342452
857654928;-36.759316;38.29;101767.31;4.2923736
857758464;-36.875576;38.29;101768.72;4.176113
857866573;-36.991836;38.29;101770.14;4.0598524
857975753;-36.923132;38.29;101769.31;4.1285552
858089336;-36.875576;38.29;101768.72;4.176113
858190555;-36.944276;38..935584;-0.041808368;-0.2508502
858301677;-36.933704;38.29;101769.43;4.117985
858404927;-37.002404;38.3;101770.25;4.049286
858507992;-36.759316;38.29;101767.31;4.2923736
858610791;-36.759316;38.29;101767.31;4.2923736
858713453;-36.933704;38.29;101769.43;4.117985
858817117;-36.759316;38.29;101767.31;4.2923736
858920509;-36.759316;38.29;101767.31;4.2923736
859027896;-37.002404;38.3;101770.25;4.049286
859129910;-36.643056;38.29;101765.91;4.408634
859232843;-36.933704;38.29;101769.43;4.117985
859334874;-36.875576;38.29;101768.72;4.176113
859440870;-36.9812668;38.29;101770.016;4.070423
859557129;-36.923132;38.29;101769.31;4.1285552
859660853;-36.933704;38.29;101769.43;4.117985
859766854;-36.933704;38.29;101769.43;4.117985
859880783;-36.9812668;38.29;101770.016;4.070423
859984387;-36.933704;38.29;101769.43;4.117985
860092403;-37.04468;38.29;101770.72;4.0070076
860198594;-36.991836;38.29;101770.14;4.0598524
860299654;-37.118664;38.3;101771.66;3.93302532
860401588;-37.108092;38.29;101771.55;3.943596
860508317;-37.176792;38.3;101772.36;3.874897
860617562;-37.049964;38.29;101770.84;4.0017244
860721810;-37.060536;38.3;101770.95;3.9911536
860837147;-37.049964;38.29;101770.84;4.0017244
860938480;-36.828016;38.3;101768.13;4.223675
861048092;-36.94956;38.3;101769.624;4.102131
861151805;-36.94956;38.3;101769.624;4.102131
861255979;-37.187364;38.3;101772.448;3.8643264
861357938;-36.94956;38.3;101769.624;4.102131
861565316;-36.833296;38.3;101768.22;4.2183916
861667421;-36.828016;38.3;101768.13;4.223675
861775927;-37.129236;38.3;101771.736;3.9224548
861881405;-37.129236;38.3;101771.736;3.9224548
861985340;-37.018256;38.31;101770.448;4.033432
862095281;-36.96013;38.31;101769.736;4.0915604
862197367;-37.007688;38.3;101770.33;4.0440024
862306699;-36.944276;38.3;101769.55;4.1074144
862410484;-36.94956;38.3;101769.624;4.102131
862513393;-36.89143;38.3;101768.92;4.1602592
862615995;-36.96013;38.31;101769.736;4.0915604
862718736;-37.018256;38.31;101770.448;4.033432
862824342;-36.833296;38.3;101768.22;4.2183916
862928003;-36.84387;38.31;101768.33;4.207821
863036120;-36.89143;38.3;101768.92;4.1602592
863142541;-37.134516;38.31;101771.86;3.91717152
863245385;-37.018256;38.31;101770.448;4.033432
863346388;-36.84387;38.31;101768.33;4.207821
863450751;-37.071104;38.3;101771.04;3.980587
863553117;-37.071104;38.3;101771.04;3.980587
863656316;-37.129236;38.3;101771.736;3.9224548
863759604;-37.234924;38.0006_898573_airspeed_sdp810.csv@863760952;50;92;3941
863863625;-36.933704;38.29;101769.43;4.117985
863968393;-37.049964;38.29;101770.84;4.0017244
864071955;-37.166224;38.29;101772.25;3.8854636
864178452;-36.9812668;38.29;101770.016;4.070423
864289671;-37.04468;38.29;101770.72;4.0070076
864397494;-37.04468;38.29;101770.72;4.0070076
864498497;-37.10281;38.29;101771.43;3.9488792
864607979;-37.22964;38.29;101772.95;3.8220482
864710452;-37.108092;38.29;101771.55;3.943596
864816677;-37.118664;38.3;101771.66;3.93302532
864918564;-37.118664;38.3;101771.66;3.93302532
865024838;-36.875576;38.29;101768.72;4.1761@20000101_000006_898573_accel_adxl375.csv@865026844;1.7639999;0.94;-0.049;1
865133507;-36.759316;38.29;101767.31;4.2923736
865235348;-36.769884;38.3;101767.43;4.281807
865345615;-36.89143;38.3;101768.92;4.1602592
865449195;-36.828016;38.3;101768.13;4.223675
865660769;-37.071104;38.3;101771.04;3.980587
865762888;-37.118664;38.3;101771.66;3.93302532
865869279;-37.007688;38.3;101770.33;4.0440024
865974390;-37.018256;38.31;101770.448;4.033432
866075497;-36.833296;38.3;101768.22;4.2183916
866188202;-36.769884;38.3;101767.43;4.281807
866290300;-37.018256;38.0cel_adxl375.csv@866291686;1.7639999;0.343;-0.098;1
866601235;-37.018256;38.31;101770.448;4.033432
866731247;-37.007688;38.3;101770.33;4.0440024
866834339;-37.028828;38.31;101770.56;4.0228616
866935452;-36.96013;38.31;101769.736;4.0915604
867037730;-37.076384;38.31;101771.16;3.9753036
867143861;-36.796308;38.31;101767.74;4.2553824
867259920;-36.785736;38.31;101767.624;4.265953
867365289;-36.912568;38.31;101769.16;4.139122
867473660;-36.796308;38.31;101767.74;4.2553824
867578050;-36.796308;38.31;101767.74;4.2553824
867688323;-36.96013;38.31;101769.736;4.0915604
867801351;-36.96013;38.31;101769.736;4.0915604
867908680;-37.018256;38.31;101770.448;4.033432
868012506;-37.028828;38.31;101770.56;4.0228616
868117678;-36.84387;38.31;101768.33;4.207821
868228209;-37.039396;38.32;101770.67;4.012295
868330218;-36.970696;38.31;101769.85;4.0809936
868432473;-37.086956;38.31;101771.268;3.9647332
868533829;-36.970696;38.31;101769.85;4.0809936
868635730;-37.039396;38.32;101770.67;4.012295
868746969;-36.923132;38.32;101769.268;4.1285552
868848362;-37.10281;38.32;101771.46;3.9488792
868949663;-37.039396;38.32;101770.67;4.012295
869052949;-36.9812668;38.32;101769.97;4.070423
869154929;-36.865004;38.32;101768.56;4.1866836
869259181;-36.92842;38.32;101769.34;4.123268
869367026;-37.04468;38.32;101770.75;4.0070076
869473395;-37.05525;38.33;101770.872;3.996441
869576686;-37.097528;38.32;101771.376;3.95416268
869678645;-37.04468;38.32;101770.75;4.0070076
869787144;-37.17151;38.33;101772.28;3.8801804
869890496;-37.1609416;38.32;101772.17;3.890747
869991724;-37.039396;38.2@20000101_000006_898573_accel_adxl375.csv@869994513;1.7639999;0.294;-0.049;1
870097268;-37.04468;38.32;101770.75;4.0070076
870205448;-36.98655;38.32;101770.05;4.06514
870310794;-36.865004;38.32;101768.56;4.1866836
870520358;-36.74346;38.32;101767.15;4.3082276
870621511;-36.88086;38.33;101768.76;4.17083
870746260;-36.938988;38.33;101769.46;4.1127016
870855494;-36.82273;38.33;101768.05;4.228958
870956815;-36.63777;38.3m958286;0.98576;0.05856;-0.008784;49;35;-56;1
871066686;-36.7646;38.33;101767.34;4.2870904
871168677;-36.81216;38.32;101767.94;4.2395288
871272982;-36.6959;38.32;101766.53;4.355789
871374980;-36.7646;38.33;101767.34;4.2870904
871476272;-36.94956;38.33;101769.58;4.102131
871586602;-36.88086;38.33;101768.76;4.17083
871690353;-37.05525;38.33;101770.872;3.996441
871798940;-37.012972;38.34;101770.36;4.0387152
871905445;-36.87029;38.32;101768.64;4.1814004
872009607;-36.99712;38.33;101770.17;4.0545692
872118320;-37.007688;38.33;101770.28;4.0440024
872219611;-36.833296;38.33;101768.17;4.2183916
872328329;-36.88086;38.33;101768.76;4.17083
872431525;-36.94956;38.33;101769.58;4.102131
872536816;-37.123948;38.33;101771.69;3.927742
872649071;-36.938988;38.33;101769.46;4.1127016
872754994;-36.89143;38.33;101768.872;4.1602592
872859667;-36.595492;38.33;101765.34;4.456196
872968362;-36.595492;38.33;101765.34;4.456196
873080869;-36.595492;38.33;101765.34;4.456196
873183146;-36.711752;38.33;101766.76;4.3399352
873303559;-36.595492;38.33;101765.34;4.456196
873405613;-36.83858;38.34;101768.25;4.213108
873507890;-36.711752;38.33;101766.76;4.3399352
873611237;-36.769884;38.33;101767.46;4.281807
873714376;-36.59021;38.33;101765.232;4.461479
873816432;-36.711752;38.33;101766.76;4.3399352
874136505;-36.54793;38.34;101764.73;4.5037576
874238313;-36.611348;38.34;101765.55;4.440342
874348351;-36.727608;38.34;101766.95;4.3240816
874450913;-36.727608;38.34;101766.95;4.3240816
874553319;-36.727608;38.34;101766.95;4.3240816
874655899;-36.83858;38.303mu_bno055.csv@874657821;336.0625;7531;17112;0.952415;-0.025492906;-0.24983048
874776008;-36.965412;38.34;101769.77;4.086277
874885536;-36.896712;38.34;101768.95;4.154976
874992410;-36.896712;38.34;101768.95;4.154976
875101986;-36.965412;38.34;101769.77;4.086277
875203376;-36.95484;38.34;101769.66;4.0968476
875305319;-36.727608;38.34;101766.95;4.3240816
875406611;-36.722324;38.34;101766.84;4.329365
875509294;-36.780452;38.34;101767.55;4.2712364
875612134;-36.89143;38.33;101768.872;4.1602592
875713567;-36.769884;38.33;101767.46;4.281807
875815563;-36.711752;38.33;101766.76;4.3399352
876031115;-36.89143;38.33;101768.872;4.1602592
876135696;-36.95484;38.34;101769.66;4.0968476
876264973;-36.83858;38.34;101768.25;4.213108
876366784;-37.1398;38.34;101771.89;3.9118882
876469514;-37.129236;38.34;101771.78;3.9224548
876586851;-37.187364;38.34;101772.48;3.8643264
876695627;-37.007688;38.33;101770.28;4.0440024
876801388;-36.89143;38.33;101768.872;4.1602592
876902611;-36.94956;38.33;101769.58;4.102131
877005716;-36.95484;38.34;101769.66;4.0968476
877115415;-36.83858;38.30mu_lsm6dso32.csv@877116731;0.983808;0.057584;-0.005856;-42;14;-28;1
877237666;-36.965412;38.34;101769.77;4.086277
877340515;-37.012972;38.34;101770.36;4.0387152
877447897;-36.91785;38.35;101769.19;4.1338388
877552481;-36.854436;38.35;101768.48;4.197254
877655098;-36.738176;38.35;101767.06;4.3135148
877757404;-36.965412;38.34;101769.77;4.086277
877866151;-36.91785;38.35;101769.19;4.1338388
877968167;-36.91785;38.35;101769.19;4.1338388
878073236;-36.84387;38.34;101768.36;4.207821
878184720;-36.91785;38.35;101769.19;4.1338388
878313965;-36.854436;38.35;101768.48;4.197254
878425818;-36.6800436;38.35;101766.36;4.371643
878534587;-36.9812668;38.35;101770.0;4.070423
878637579;-36.9812668;38.35;101770.0;4.070423
878739600;-36.933704;38.36;101769.38;4.117985
878843990;-36.923132;38.35;101769.3;4.1285552
878948810;-36.975984;38.35;101769.89;4.0757064
879052208;-36.91785;38.35;101769.19;4.1338388
879156763;-36.923132;38.1@20000101_000006_898573_imu_lsm6dso32.csv@879161647;0.983808;0.061488;0.0;49;-84;-14;1
879270832;-36.991836;38.36;101770.08;4.0598524
879376985;-36.865004;38.35;101768.59;4.1866836
879479541;-36.865004;38.35;101768.59;4.1866836
879582522;-37.03411;38.35;101770.59;4.017578
879684504;-37.039396;38.35;101770.7;4.012295
879815541;-36.806876;38.23_accel_adxl375.csv@879818072;1.7639999;0.294;0.0;1
879918933;-36.9812668;380_bno055.csv@879925794;336.5625;7531;17112;0.9534347;-0.03569007;-0.2508502
880028094;-36.9812668;38.35;101770.0;4.070423
880129789;-36.796308;38.35;101767.77;4.2553824
880234048;-36.6800436;38.35;101766.36;4.371643
880340767;-36.632484;38.35;101765.77;4.4192048
880443236;-36.854436;38.35;101768.48;4.197254
880544632;-36.965412;38.34;101769.77;4.086277
880646472;-37.012972;38.34;101770.36;4.0387152
880748262;-36.780452;38.34;101767.55;4.2712364
880849866;-36.785736;38.34;101767.66;4.265953
880951697;-36.84387;38.34;101768.36;4.207821
881056202;-36.975984;38.35;101769.89;4.0757064
881160152;-36.90728;38.34;101769.06;4.144409
881275936;-36.90728;38.34;101769.06;4.144409
881387123;-36.780452;38.34;101767.55;4.2712364
881489542;-36.653624;38.33;101766.05;4.3980636
881591045;-36.722324;38.34;101766.84;4.329365
881693000;-36.722324;38.34;101766.84;4.329365
881799291;-36.738176;38.35;101767.06;4.3135148
881900761;-36.611348;38.34;101765.55;4.440342
882013492;-36.91785;38.35;101769.19;4.1338388
882115353;-36.923132;38.35;101769.3;4.1285552
882226664;-36.738176;38.35;101767.06;4.3135148
882340727;-36.748744;38.35;101767.18;4.302944
882445686;-36.865004;38.35;101768.59;4.1866836
882549489;-36.796308;38.35;101767.77;4.2553824
882652786;-36.6800436;38.35;101766.36;4.371643
882756811;-36.748744;38.35;101767.18;4.302944
882875907;-36.632484;38.35;101765.77;4.4192048
882979742;-36.82273;38.36;101768.08;4.228958
883095448;-36.88086;38.36;101768.79;4.17083
883203752;-36.81216;38.36;101767.97;4.2395288
883314054;-36.82273;38.36;101768.08;4.228958
883417808;-36.87029;38.36;101768.67;4.1814004
883521546;-36.938988;38.36;101769.49;4.1127016
883630386;-36.938988;38.36;101769.49;4.1127016
883731513;-36.88086;38.36;101768.79;4.17083
883859647;-36.82273;38.36;101768.08;4.228958
883962371;-36.88086;38.36;101768.79;4.17083
884066159;-36.75403;38.36;101767.268;4.297661
884177494;-37.05525;38.36;101770.91;3.996441
884284110;-37.166224;38.36;101772.2;3.8854636
884498357;-35.18452;38.36;101748.34;5.8671684
884605030;-32.90688;38.36;101720.84;8.14481
884715823;-28.8642;38.36;101672.192;12.187489
884825464;-23.94957;38.36;101612.97;17.10212
884941467;-16.028034;38.36;101517.68;25.023654
885044273;-10.151616;38.35;101446.984;30.900074
885152917;3.1865824;38.34;101286.74;44.23827
885264475;8.024586;38.32;101228.64;49.076276
