854105145;-10.63251;38.398436;101452.75;1.88063908
854228117;-10.563811;38.395768;101451.92;1.949338
854348975;-10.600803;38.398436;101452.376;1.91234584
854478569;-10.627226;38.395768;101452.69;1.8859234
854622879;-10.722347;38.401108;101453.868;1.790802
854736242;-10.579664;38.390428;101452.132;1.933485
854858044;-10.63251;383.0@20000101_000006_898573_accel_adxl375.csv@854861080;1.7639999;0.294;-0.098;1
854975106;-10.621941;38.395768;101452.624;1.8912086
855093248;-10.590234;38.393096;101452.3;1.9229154
855213031;-10.648364;38.387756;101452.94;1.8647852
855336127;-10.595518;38.401108;101452.34;1.9176312
855454203;-10.526819;38.398436;101451.53;1.98633
855593451;-10.595518;38.401108;101452.33;1.9176312
855725010;-10.81747;38.401108;101454.984;1.69567968
855843653;-10.939014;38.398436;101456.45;1.5741348
856093090;-10.775193;38.40645;101454.516;1.737956
856217585;-10.63251;38.398436;101452.75;1.88063908
856341854;-10.6377944;38.398436;101452.83;1.8753548
856614310;-10.754055;38.4037784;101454.264;1.7590942
856735094;-10.495111;38.395768;101451.16;2.0180378
856850593;-10.616656;38.4037784;101452.58;1.896493
856967947;-10.426413;38.4037784;101450.264;2.0867366
857102517;-10.489827;38.401108;101451.08;2.023322
857226604;-10.669502;38.40912;101453.2;1.843647
857344621;-10.45812;38.40645;101450.69;2.055029
857463468;-10.521535;38.4037784;101451.42;1.9916144
857623165;-10.526819;38.40645;101451.53;1.98633
857745081;-10.695925;38.401108;101453.55;1.81722452
857863574;-10.791046;38.40912;101454.67;1.722103
857984974;-10.495111;38.40645;101451.16;2.0180378
858115197;-10.759339;38.40912;101454.28;1.75380984
858234107;-10.764624;38.4037784;101454.34;1.7485256
858349193;-10.606088;38.41446;101452.44;1.9070616
858608364;-10.775193;38.40645;101454.5;1.737956
858733844;-10.74877;38.41179;101454.16;1.76437952
858852294;-10.500397;38.40645;101451.2;2.0127526
858968221;-10.590234;38.4037784;101452.28;1.9229154
859106037;-10.532104;38.41179;101451.55;1.98104568
859220258;-10.669502;38.40912;101453.2;1.843647
859338663;-10.532104;38.40912;101451.58;1.98104568
859460193;-10.695925;38.41179;101453.55;1.81722452
859590055;-10.738201;38.41179;101454.03;1.77494816
859717715;-10.664217;38.40912;101453.14;1.84893232
859831321;-10.553242;38.41713;101451.84;1.95990752
860097126;-10.547957;38.41179;101451.736;1.9651918
860216197;-10.669502;38.40912;101453.2;1.843647
860339438;-10.505681;38.4198;101451.22;2.0074682
860456363;-10.6377944;38.41179;101452.86;1.8753548
860590565;-10.579664;38.41446;101452.16;1.933485
860717930;-10.616656;38.41713;101452.59;1.896493
860840055;-10.516251;38.41446;101451.39;1.9968986
861087335;-10.86503;38.41713;101455.56;1.648119
861325120;-10.7276328;38.41713;101453.94;1.7855167
861451426;-10.606088;38.41446;101452.47;1.9070616
861601130;-10.648364;38.4198;101452.95;1.8647852
861726201;-10.7276328;38.4198;101453.91;1.7855167
861845111;-10.547957;38.41713;101451.736;1.9651918
861961242;-10.563811;38.41713;101451.95;1.949338
862105066;-10.695925;38.41713;101453.56;1.81722452
862228893;-10.785762;38.4198;101454.624;1.7273874
862344351;-10.664217;38.42247;101453.16;1.84893232
862458156;-10.648364;37@20000101_000006_898573_imu_bno055.csv@862461967;334.8125;7537;17062;0.950375536;-0.03263092;-0.25288964
862600336;-10.7276328;38.41713;101453.92;1.7855167
862722378;-10.674787;38.41446;101453.31;1.83836268
862845096;-10.621941;38.4198;101452.66;1.8912086
862960589;-10.621941;38.4198;101452.66;1.8912086
863080156;-10.664217;38.42514;101453.14;1.84893232
863216011;-10.769909;38.42514;101454.45;1.7432404
863334302;-10.791046;38.42247;101454.7;1.722103
863461872;-10.838608;38.41446;101455.232;1.6745415
863607969;-10.754055;38.42514;101454.25;1.7590942
863727972;-10.791046;38.42247;101454.69;1.722103
863842097;-10.669502;38.42514;101453.22;1.843647
863963965;-10.732917;38.42514;101453.97;1.7802324
864081310;-10.706493;38.4198;101453.69;1.80665584
864212501;-10.674787;38.42514;101453.31;1.83836268
864329477;-10.717063;38.41446;101453.768;1.7960863
864447125;-11.012998;38.42247;101457.36;1.5001516
864561348;-10.5849496;38.42781;101452.2;1.9281998
864694244;-10.532104;38.42247;101451.55;1.98104568
864818064;-10.833323;38.42247;101455.17;1.67982668
864943141;-10.600803;38.42781;101452.39;1.91234584
865075042;-10.64308;38.43582;101452.91;1.8700696
865202728;-10.791046;38.42514;101454.67;1.722103
865335121;-10.526819;38.42781;101451.53;1.98633
865454520;-10.669502;38.43048;101453.22;1.843647
865586141;-10.669502;38.42514;101453.22;1.843647
865710689;-10.653648;38.43582;101453.016;1.8595009
865853017;-10.510965;38.42514;101451.28;2.002184
865967956;-10.796331;38.43048;101454.732;1.7168178
866094365;-10.627226;38.43315;101452.69;1.8859234
866242408;-10.521535;38.43048;101451.47;1.9916144
866359208;-10.796331;38.43582;101454.75;1.7168178
866477001;-10.669502;38.43582;101453.19;1.843647
866597153;-10.627226;38.43582;101452.7;1.8859234
866748264;-10.63251;38.43849;101452.78;1.88063908
866875061;-10.595518;38.43582;101452.34;1.9176312
866989051;-10.743485;38.43582;101454.132;1.7696638
867108276;-10.532104;38.42781;101451.55;1.98104568
867263531;-10.621941;38.43048;101452.64;1.8912086
867392356;-10.621941;38.43048;101452.624;1.8912086
867523600;-10.621941;38.43582;101452.64;1.8912086
867651120;-10.57438;38.43048;101452.05;1.9387694
867786656;-10.616656;38.43849;101452.59;1.896493
867912949;-10.542673;38.43849;101451.7;1.9704762
868035356;-10.616656;38.43315;101452.59;1.896493
868152101;-10.542673;38.43849;101451.72;1.9704762
868298404;-10.658933;38.43849;101453.128;1.8542166
868415122;-10.553242;38.43582;101451.84;1.95990752
868528028;-10.669502;38.43048;101453.19;1.843647
868649649;-10.674787;38.43849;101453.268;1.83836268
868763842;-10.722347;38.443832;101453.83;1.790802
869011557;-10.86503;38.43849;101455.55;1.648119
869136250;-10.600803;38.441164;101452.41;1.91234584
869252853;-10.6377944;38.43849;101452.86;1.8753548
869375399;-10.510965;38.43582;101451.28;2.002184
869511571;-10.81747;38.446504;101454.984;1.69567968
869629829;-10.421128;38.43582;101450.22;2.092021
869888674;-10.479259;38
870006557;-10.738201;38.446504;101454.06;1.77494816
870134624;-10.526819;38.43849;101451.512;1.98633
870269251;-10.495111;38.43849;101451.14;2.0180378
870516504;-10.569096;38.443832;101452.016;1.9440536
870632330;-10.563811;38.446504;101451.92;1.949338
870769702;-10.463405;38.443832;101450.768;2.0497446
871007718;-10.299583;38.449172;101448.75;2.2135658
871123346;-10.532104;38.43582;101451.58;1.98104568
871270569;-10.500397;38.441164;101451.2;2.0127526
871387606;-10.45812;38.43849;101450.66;2.055029
871511982;-10.505681;38.43849;101451.22;2.0074682
871637886;-10.701209;38.43849;101453.61;1.8119402
871786626;-10.606088;38.441164;101452.45;1.9070616
871908505;-10.45812;38.43849;101450.66;2.055029
872146817;-10.590234;38.43849;101452.28;1.9229154
872295221;-10.521535;38.443832;101451.44;1.9916144
872415061;-10.505681;38.443832;101451.268;2.0074682
872534966;-10.759339;38.443832;101454.31;1.75380984
872660550;-10.516251;38.451844;101451.39;1.9968986
872805692;-10.394706;38.446504;101449.92;2.1184436
872922767;-10.521535;38.451844;101451.47;1.9916144
873036701;-10.595518;38.446504;101452.36;1.9176312
873157149;-10.442266;38.449172;101450.47;2.0708828
873299579;-10.426413;38.454512;101450.264;2.0867366
873419443;-10.537388;31451.61;1.9757614
873546189;-10.500397;38.441164;101451.17;2.0127526
873801645;-10.579664;38.441164;101452.16;1.933485
874037968;-10.384136;38.449172;101449.78;2.129013
874155302;-10.410559;38.462524;101450.11;2.1025906
874306059;-10.484543;38.446504;101450.984;2.0286064
874433498;-10.606088;38.443832;101452.47;1.9070616
874550453;-10.489827;38.449172;101451.03;2.023322
874663665;-10.516251;38.446504;101451.36;1.9968986
874791301;-10.484543;3844;101451.0;2.0286064
874911395;-10.463405;38.449172;101450.768;2.0497446
875037740;-10.357714;38.451844;101449.47;2.1554356
875159768;-10.600803;38.451844;101452.41;1.91234584
875296189;-10.563811;38.451844;101451.94;1.949338
875421456;-10.415844;38.454512;101450.2;2.0973052
875546379;-10.5849496;38.449172;101452.2;1.9281998
875662665;-10.558527;38.459856;101451.89;1.95462224
875797439;-10.674787;38.454512;101453.25;1.83836268
875917514;-10.563811;3;.2183916
876041554;-10.69064;38.459856;101453.45;1.8225088
876158060;-10.479259;3;@20000101_000006_898573_imu_lsm6dso32.csv@876160426;0.982831936;1
876282266;-10.558527;38.449172;101451.91;1.95462224
876409499;-10.648364;38.459856;101452.95;1.8647852
876532457;-10.738201;38.457184;101454.06;1.77494816
876655633;-10.537388;38.457184;101451.66;1.9757614
876803012;-10.616656;38.454512;101452.56;1.896493
876917275;-10.558527;38.454512;101451.89;1.95462224
877037212;-10.738201;38.454512;101454.08;1.77494816
877150729;-10.621941;38.459856;101452.66;1.8912086
877270820;-10.537388;38.462524;101451.64;1.9757614
877388634;-10.516251;38.457184;101451.36;1.9968986
877511789;-10.368282;38.459856;101449.59;2.144867
877637639;-10.537388;38.462524;101451.66;1.9757614
877755525;-10.442266;38.459856;101450.47;2.0708828
877879771;-10.569096;38.459856;101451.984;1.9440536
878000529;-10.489827;38.459856;101451.05;2.023322
878121722;-10.442266;31828
878247797;-10.532104;38.459856;101451.59;1.98104568
878367527;-10.553242;38.462524;101451.84;1.95990752
878486572;-10.331291;38.459856;101449.128;2.181858
878604113;-10.489827;38.457184;101451.09;2.023322
878717525;-10.452835;38.459856;101450.64;2.0603142
878840180;-10.606088;38.459856;101452.47;1.9070616
878957193;-10.653648;38.462524;101453.016;1.8595009
879074959;-10.495111;38.454512;101451.11;2.0180378
879200073;-10.64308;38.462524;101452.91;1.8700696
879340191;-10.495111;38.459856;101451.11;2.0180378
879456008;-10.468689;38.459856;101450.84;2.0444604
879575836;-10.653648;38.459856;101453.016;1.8595009
879692334;-10.463405;3@20000101_000006_898573_accel_adxl375.csv@879704834;1.7639999;0.294;0.0;1
879837434;-10.447551;38.459856;101450.56;2.0655984
879952831;-10.558527;38.459856;101451.868;1.95462224
880072050;-10.69064;38.462524;101453.45;1.8225088
880206428;-10.489827;38.465196;101451.05;2.023322
880333836;-10.600803;38.465196;101452.39;1.91234584
880450077;-10.495111;38.462524;101451.16;2.0180378
880567580;-10.34186;38.467864;101449.25;2.1712894
880684321;-10.558527;38.462524;101451.86;1.95462224
880808566;-10.595518;38.467864;101452.33;1.9176312
880931441;-10.648364;38.465196;101452.95;1.8647852
881048237;-10.664217;38.473204;101453.16;1.84893232
881164004;-10.695925;38.470536;101453.53;1.81722452
881298233;-10.473974;38.467864;101450.89;2.039175
881412010;-10.384136;38.465196;101449.78;2.129013
881530683;-10.69064;38.470536;101453.5;1.8225088
881662481;-10.621941;38.462524;101452.64;1.8912086
881787918;-10.674787;38.473204;101453.268;1.83836268
881915071;-10.463405;38.465196;101450.72;2.0497446
882029926;-10.468689;38.467864;101450.81;2.0444604
882145240;-10.595518;38.470536;101452.36;1.9176312
882261337;-10.537388;38.473204;101451.64;1.9757614
882385106;-10.389421;38.473204;101449.84;2.1237278
882500059;-10.262592;38.467864;101448.3;2.250557
882617969;-10.57438;38.475876;101452.08;1.9387694
882732764;-10.39999;38.470536;101449.984;2.1131592
882877731;-10.431698;38.465196;101450.34;2.0814514
882995301;-10.63251;38.467864;101452.81;1.88063908
883119718;-10.738201;38.467864;101454.05;1.77494816
883241924;-10.405274;38.467864;101450.03;2.1078748
883397497;-10.516251;38.467864;101451.376;1.9968986
883517085;-10.674787;38.465196;101453.31;1.83836268
883637330;-10.405274;38.470536;101450.016;2.1078748
883753550;-10.563811;38.462524;101451.97;1.949338
883882771;-10.452835;38.473204;101450.59;2.0603142
883998981;-10.28373;38.467864;101448.59;2.2294196
884118436;-10.8069;38.467864;101454.89;1.7062492
884267664;-10.880884;38.473204;101455.75;1.6322651
884391047;-9.871535;38.475876;101443.66;2.641614
884526703;-7.9268216;38.473204;101420.232;4.5863276
884650840;-3.4191024;38.475876;101366.08;9.094047
884778193;1.80467316;38.481216;101303.33;14.317822
884893078;10.31808;38.@20000101_000006_898573_imu_lsm6dso32.csv@884897826;4.0386876;-0.487023968;5.0654396;-77525;-18851;1127;1
885010206;15.148156;38.481216;101143.17;27.661304
885131692;32.16176;38.473204;100939.3;44.674908
885258090;34.222732;38.481216;100914.624;46.73588
