854961464;0.0;0.0;0;0;2550
855958206;0.0;0.0;0;0;2550
857958363;0.0;0.0;0;0;2550
858959904;0.0;0.0;0;0;2550
859963370;0.0;0.0;0;0;2550
861959856;0.0;0.0;0;0;2550
862959187;0.0;0.0;0;0;2550
863959598;0.0;0.0;0;0;2550
864958151;0.0;0.0;0;0;2550
865960299;0.0;0.0;0;0;2550
867957879;0.0;0.0;0;0;2550
868960858;0.0;0.0;0;0;2550
869959566;0.0;0.0;0;0;2550
870959825;0.0;0.0;0;0;2550
871960622;0.0;0.0;0;0;2550
872958648;0.0;0.0;0;0;2550
873958076;0.0;0.0;0;0;2550
875957810;0.0;0.0;0;0;2550
876964985;0.0;0.0;0;0;2550
878959572;0.0;0.0;0;0;2550
879959148;0.0;0.0;0;0;2550
880958734;0.0;0.0;0;0;2550
881958521;0.0;0.0;0;0;2550
882958463;0.0;0.0;0;0;2550
883958888;0.0;0.0;0;0;2550
884973018;0.0;0.0;0;0;2550
