854401049;42;32549200;58;None;None;0;0;0
855404943;42;32551152;15;None;None;0;0;0
856409977;42;32547520;22;None;187;0;0;0
857415938;42;32551648;28;None;None;0;0;0
858427863;41;32549536;21;None;63;0;0;0
859432449;42;32554048;54;None;None;0;0;0
860435960;41;32550208;23;None;None;0;0;0
861445981;41;32544656;57;None;35;0;0;0
862450865;42;32544784;46;None;None;0;0;0
863458273;42;32543760;26;None'573'}
864466363;42;32564656;50;None;21;0;0;0
865471401;42;32569264;19;None;None;0;0;0
866474983;42;32575376;12;None;57;0;0;0
867480922;41;32589584;48;None;None;0;0;0
868484878;42;32590048;13;None;None;0;0;0
869497893;41;32579136;40;None;None;0;0;0
870510707;42;32582464;43;None;95;0;0;0
871517330;42;32578400;53;None;None;0;0;0
872521881;41;32589728;45;None;6_898573_imu_bno055.csv@872523816;335.8125;7550;17106;0.952415;-0.031611204;-0.247791052
873535103;42;32586848;54;None;None;0;0;0
874540803;42;32583536;23;None;190;0;0;0
875544893;42;32573872;0;None;None;0;0;0
876551852;42;32562640;8;None;22;0;0;0
877558700;42;32565984;27;None@20000101_000006_898573_airspeed_sdp810.csv@877561229;-253;0;3941
878563159;42;32577328;26;None;None;0;0;0
879566945;42;32586480;36;None;68;0;0;0
880572380;42;32576224;32;None;None;0;0;0
881575945;42;32584864;35;None;22;0;0;0
882589467;41;32587248;50;None;N;0006_898573_imu_lsm6dso32.csv@882591121;0.982831936;0.049776;-0.0244;-1@20000101_000006_898573_imu_bno055.csv@882593857;336.8125;7525;17075;0.952415;-0.03569007;-0.25492908
883593268;41;32590944;59;None@20000101_000006_898573_accel_adxl375.csv@883595592;1.7639999;0.294;0.0;1
884599601;42;32560768;22;None;None;0;0;0
