854062398;0.984784;0.065392;-0.005856;-21;14;-35;1
854076489;0.982831936;0.062464;-0.002928;-28;14;-21;1
854106656;0.981856;0.052704;-0.005856;-14;0;-14;1
854120371;0.983808;0.049776;-0.00488;14;0;-21;1
854142319;0.986736;0.046848;0.002928;28;0;-63;1
854152900;0.982831936;0.044896;0.001952;91;-7;-70;1
854167076;0.979904;0.051728;-0.001952;175;-14;-77;1
854178196;0.98771196;0.05368;-0.001952;203;-28;-91;1
854196336;0.988688;0.060512;-0.00976;147;-35;-98;1
854209465;0.984784;0.063439992;-0.005856;161;-28;-91;1
854229300;0.982831936;0.06832;-0.00976;133;-42;-63;1
854240343;0.98576;0.065392;-0.01464;42;-21;-28;1
854250886;0.986736;0.061488;-0.013664;14;-7;-21;1
854272949;0.983808;0.050752;-0.00488;-7;-7;-21;1
854283874;0.986736;0.046848;-0.00488;35;-14;-28;1
854295315;0.986736;0.046848;-0.002928;98;-14;-42;1
854309003;0.983808;0.0488;-0.00488;112;-7;-56;1
854326697;0.980879936;0.052704;-0.005856;119;-21;-91;1
854340342;0.986736;0.05856;-0.005856;161;-35;-91;1
854352923;0.986736;0.070272;-0.016592;147;-28;-70;1
854363701;0.983808;0.070272;-0.01952;84;-7;-56;1
854386544;0.982831936;0.069296;-0.016592;-35;21;0;1
854404759;0.98576;0.061488;-0.016592;-126;35;21;1
854430296;0.981856;0.05368;-0.003904;-154;56;21;1
854441341;0.982831936;0.046848;0.005856;-126;21;14;1
854459736;0.986736;0.044896;0.0;-98;0;0;1
854479701;0.983808;0.045872;-0.008784;84;0;-35;1
854490095;0.982831936;0.052704;-0.00976;70;14;-49;1
854507889;0.980879936;0.062464;-0.013664;7;14;-56;1
854519937;0.981856;0.067343992;-0.015616;49;21;-35;1
854536331;0.984784;0.0732;-0.01464;-14;63;-21;1
854549464;0.983808;0.070272;-0.008784;-140;77;-21;1
854603450;0.980879936;0.03904;0.00976;77;-14;-42;1
854620052;0.982831936;0.03904;0.003904;140;-42;-56;1
854632003;0.984784;0.04392;-0.003904;147;-63;-91;1
854644769;0.984784;0.05368;-0.018544;245;-42;-133;1
854655804;0.983808;0.062464;-0.016592;280;-21;-126;1
854668468;0.986736;0.070272;-0.012688;294;0;-112;1
854686320;0.982831936;0.0732;-0.006832;42;-7;-70;1
854699841;0.982831936;0.070272;-0.007808;-35;-7;-56;1
854716338;0.981856;0.062464;0.005856;28;7;-14;1
854727838;0.981856;0.057584;0.006832;-28;-14;-14;1
854745075;0.98576;0.04392;-0.001952;49;-70;-14;1
854755990;0.982831936;0.041968;-0.012688;84;-77;-35;1
854769461;0.984784;0.038064;-0.01464;140;-63;-70;1
854786509;0.986736;0.0488;-0.015616;315;-35;-126;1
854799653;0.984784;0.05856;-0.015616;280;-28;-140;1
854810155;0.98771196;0.071247992;-0.016592;224;-21;-140;1
854821551;0.984784;0.07808;-0.013664;196;-7;-119;1
854836444;0.983808;0.077104;-0.007808;154;14;-56;1
854852816;0.982831936;0.077104;-0.003904;84;7;-35;1
854863970;0.984784;0.0732;-0.008784;-35;-7;-14;1
854874970;0.981856;0.060512;-0.010736;-140;0;49;1
854886705;0.98576;0.05368;-0.010736;-161;7;42;1
854897382;0.983808;0.046848;-0.008784;-189;7;21;1
854911614;0.98576;0.045872;-0.010736;-119;7;0;1
854922086;0.982831936;0.04392;-0.010736;28;14;7;1
854933629;0.981856;0.045872;-0.010736;70;21;-7;1
854944632;0.986736;0.046848;-0.010736;-7;35;-42;1
854955630;0.981856;0.057584;-0.003904;84;42;-70;1
854970353;0.982831936;0.066368;-0.002928;147;21;-70;1
854986353;0.981856;0.077104;-0.003904;0;14;-42;1
855013940;0.984784;0.069296;-0.008784;-98;7;21;1
855034895;0.980879936;0.057584;-0.013664;-154;14;42;1
855067114;0.984784;0.040016;-0.003904;-119;56;0;1
855081788;0.98576;0.040016;0.002928;-84;42;-28;1
855094897;0.984784;0.040016;0.006832;0;28;-56;1
855106130;0.982831936;0.051728;0.006832;112;0;-91;1
855120552;0.982831936;0.054656;0.00488;168;-21;-98;1
855132884;0.984784;0.056608;0.001952;161;-42;-98;1
855158969;0.983808;0.067343992;-0.018544;133;-35;-63;1
855169879;0.98576;0.065392;-0.015616;98;-14;-56;1
855183454;0.983808;0.063439992;-0.015616;35;0;-42;1
855198550;0.983808;0.055632;-0.006832;-28;7;-21;1
855211661;0.982831936;0.050752;-0.00488;7;14;-28;1
855228204;0.981856;0.044896;0.003904;63;0;-56;1
855240112;0.981856;0.044896;0.007808;112;-21;-70;1
855267766;0.983808;0.052704;-0.003904;252;-70;-112;1
855281949;0.981856;0.061488;-0.010736;252;-63;-119;1
855296474;0.981856;0.067343992;-0.017568;238;-56;-112;1
855321366;0.98576;0.072224;-0.0244;98;-14;-49;1
855333717;0.984784;0.071247992;-0.017568;-21;14;-35;1
855346774;0.984784;0.070272;-0.015616;-77;42;-14;1
855357729;0.984784;0.065392;-0.003904;-70;35;0;1
855370757;0.982831936;0.051728;0.003904;-77;14;7;1
855381745;0.984784;0.047824;0.001952;-70;0;-14;1
855393168;0.982831936;7-21;-14;1
855408285;0.982831936;0.047824;-0.010736;126;-35;-49;1
855419286;0.98576;0.052704;-0.018544;119;-35;-70;1
855433091;0.986736;0.061488;-0.020496;119;-21;-84;1
855445891;0.984784;0.070272;-0.0244;119;7;-77;1
855457733;0.984784;0.080.9483361;-0.025492906;-0.26206708
855468776;0.98576;0.081008;-0.016592;-63;70;-14;1
855481820;0.979904;0.077104;-0.008784;-140;77;14;1
855495682;0.986736;0.06832;-0.003904;-189;77;35;1
855520706;0.981856;0.042944;0.006832;-189;35;35;1
855532133;0.982831936;0.042944;0.007808;-133;0;21;1
855576361;0.982831936;0.044896;-0.015616;112;-7;-77;1
855587720;0.986736;0.052704;-0.018544;133;7;-98;1
855604989;0.98576;0.0732;-0.01464;112;42;-77;1
855625486;0.984784;0.071247992;-0.000976;-7;63;-42;1
855638563;0.982831936;0.0732;0.00488;-49;56;-14;1
855649188;0.984784;0.065392;0.005856;-91;35;0;1
855659868;0.983808;0.05;06832;-98;7;14;1
855678401;0.984784;0.044896;0.006832;-49;-35;0;1
855690077;0.980879936;0.040016;0.0;-7;-56;-21;1
855709796;0.984784;0.035136;-0.012688;147;-63;-70;1
855727878;0.984784;0.050752;-0.01952;252;-21;-112;1
855741021;0.982831936;0.064416;-0.013664;217;14;-126;1
855759810;0.982831936;0.072224;-0.003904;210;21;-112;1
855772276;0.983808;0.079055992;0.002928;112;0;-63;1
855785413;0.98576;0.077104;0.002928;42;-21;-42;1
855804886;0.982831936;0.05856;-0.001952;-7;-56;7;1
855824939;0.98576;0.04;;-63;-7;1
855836412;0.982831936;0.041968;-0.017568;7;-49;-21;1
855859580;0.986736;0.049776;-0.017568;105;-14;-56;1
855872926;0.983808;0.052704;-0.013664;154;14;-98;1
855894860;0.98576;0.06832;-0.005856;175;28;-98;1
855905882;0.983808;0.071247992;-0.003904;147;21;-77;1
855925229;0.983808;0.075151992;-0.002928;0;0;-28;1
855936154;0.982831936;0.075151992;-0.00488;-70;-14;0;1
855948647;0.983808;0.069296;-0.010736;-112;-14;21;1
855962107;0.983808;0.05856;-0.011712;-126;-7;35;1
855974782;0.984784;0.047824;-0.013664;-133;21;28;1
855985935;0.981856;0.041968;-0.017568;-126;28;14;1
855996907;0.986736;0.045872;-0.011712;-98;49;-7;1
856008971;0.986736;0.04392;-0.010736;-35;56;-35;1
856021909;0.983808;0.04392;-0.00488;28;63;-49;1
856036598;0.979904;0.056608;0.001952;56;42;-70;1
856070439;0.984784;0.070272;-0.001952;7;0;-42;1
856081221;0.98576;0.070272;-0.003904;-28;-7;-14;1
856097825;0.983808;0.064416;-0.011712;-98;-14;14;1
856111501;0.984784;0.055632;-0.012688;-133;-7;21;1
856134992;0.982831936;0.04392;-0.010736;-77;35;-7;1
856146357;0.983808;0.04392;-0.002928;-21;35;-35;1
856164909;0.982831936;0.047824;0.000976;91;21;-70;1
856177599;0.983808;0.051728;0.005856;112;7;-77;1
856195476;0.983808;0.056608;0.003904;154;-28;-84;1
856206304;0.980879936;0.063439992;-0.000976;182;-42;-77;1
856218795;0.98576;0.069296;-0.003904;175;-56;-70;1
856229940;0.98576;0.070272;-0.010736;119;-49;-56;1
856240992;0.982831936;0.069296;-0.013664;63;-42;-42;1
856252531;0.983808;0.062464;-0.018544;35;-28;-28;1
856266463;0.983808;0.054656;-0.01464;0;0;-21;1
856280281;0.98576;0.05368;-0.00976;-7;14;-28;1
856296703;0.979904;0.054656;-0.000976;28;14;-42;1
856307602;0.981856;0.049776;0.00488;84;0;-42;1
856326437;0.979904;0.051728;0.0;140;-35;-70;1
856339841;0.981856;0.055632;-0.002928;161;-49;-84;1
856353576;0.984784;0.057584;-0.008784;189;-49;-77;1
856363848;0.983808;0.063439992;-0.013664;182;-42;-70;1
856375409;0.984784;0.067343992;-0.01952;77;-28;-63;1
856386170;0.983808;0.070272;-0.021472;63;-7;-49;1
856403646;0.984784;0.070272;-0.018544;42;7;-28;1
856415532;0.98576;0.060512;-0.011712;-42;35;0;1
856431854;0.983808;0.061488;-0.011712;-91;42;-7;1
856443434;0.981856;0.057584;-0.006832;-119;42;0;1
856458011;0.983808;0.04;.0655984
856470339;0.981856;0.052704;0.000976;-28;14;-21;1
856494824;0.983808;0.051728;-0.00488;49;0;-35;1
856506028;0.981856;0.05368;-0.005856;49;7;-42;1
856525462;0.98771196;0.059536;-0.012688;7;14;-49;1
856536141;0.983808;0.063439992;-0.012688;-7;28;-42;1
856554865;0.983808;0.069296;-0.00488;-70;42;-21;1
856599242;0.983808;0.050752;0.0;-140;28;14;1
856609880;0.981856;0.047824;0.002928;-98;21;7;1
856621766;0.981856;0.044896;0.003904;-70;7;-7;1
856632839;0.981856;0.045872;0.003904;-35;-14;-28;1
856644274;0.982831936;0.04392;0.001952;35;-21;-42;1
856656489;0.980879936;0.045872;0.0;119;-28;-56;1
856669815;0.982831936;0.055632;-0.011712;147;-28;-77;1
856681050;0.981856;0.060512;-0.012688;133;-28;-84;1
856691867;0.984784;0.004;-70;1
856706889;0.986736;0.062464;-0.010736;105;0;-56;1
856721790;0.98576;0.064416;-0.001952;7;7;-35;1
856738276;0.984784;0.054656;0.0;28;-14;-14;1
856749914;0.98576;0.0488;0.0;14;-21;-21;1
856771831;0.982831936;0.040992;0.003904;84;-42;-56;1
856782714;0.984784;0.042944;0.001952;147;-63;-70;1
856797583;0.983808;0.047824;-0.003904;217;-77;-91;1
856830476;0.982831936;0.064416;-0.021472;273;-35;-126;1
856841455;0.984784;0.069296;-0.020496;238;-14;-112;1
856855512;0.984784;0.075151992;-0.018544;168;0;-98;1
856878816;0.979904;0.06832;-0.006832;77;21;-42;1
856891256;0.97892796;0.063439992;-0.005856;-14;14;-21;1
856908084;0.983808;0.059536;-0.003904;-35;7;-14;1
856926845;0.979904;0.049776;-0.00488;-21;-7;-28;1
856938425;0.982831936;0.050752;-0.006832;14;-14;-28;1
856949573;0.98576;0.049776;-0.011712;77;-14;-56;1
856963874;0.983808;0.055632;-0.013664;63;0;-77;1
856977466;0.983808;0.057584;-0.013664;77;14;-84;1
856988800;0.983808;0.062464;-0.012688;119;28;-77;1
857008768;0.980879936;0.072224;-0.011712;35;42;-56;1
857039703;0.98576;0.072224;-0.001952;-126;49;21;1
857077046;0.983808;0.050752;-0.005856;-175;28;49;1
857091967;0.98576;0.04@20000101_000006_898573_imu_bno055.csv@857096213;334.25;7543;17118;0.94935584;-0.050985812;-0.24983048
857105705;0.982831936;0.040992;-0.011712;-105;28;-7;1
857117265;0.982831936;0.04392;-0.007808;-28;35;-28;1
857132293;0.983808;0.051728;-0.002928;63;42;-56;1
857143257;0.982831936;0.05856;0.003904;63;42;-63;1
857156075;0.980879936;0.061488;0.002928;70;28;-63;1
857168563;0.983808;0.066368;0.003904;70;0;-49;1
857180999;0.981856;0.064416;0.0;56;-21;-28;1
857205856;0.979904;0.05856;-0.003904;-28;-35;-7;1
857227735;0.982831936;0.047824;-0.010736;-14;-35;-7;1
857240915;0.981856;0.044896;-0.010736;14;-28;-21;1
857256871;0.984784;0.044896;-0.006832;112;-7;-63;1
857267941;0.984784;0.044896;-0.005856;133;0;-84;1
857285001;0.984784;0.05368;-0.002928;203;-7;-112;1
857305796;0.980879936;0.062464;-0.001952;210;-14;-119;1
857324928;0.980879936;0.069296;0.0;182;-42;-91;1
857337011;0.981856;0.069296;-0.003904;175;-56;-70;1
857347899;0.981856;0.064416;-0.006832;133;-56;-63;1
857360177;0.984784;0.063439992;-0.01464;91;-49;-49;1
857374848;0.984784;0.057584;-0.01464;56;-21;-42;1
857394874;0.979904;0.056608;-0.013664;14;0;-42;1
857408858;0.980879936;0.054656;-0.010736;14;14;-49;1
857421767;0.979904;0.054656;-0.00976;35;21;-56;1
857432993;0.982831936;0.059536;-0.005856;84;21;-63;1
857444922;0.981856;0.062464;-0.00488;56;14;-63;1
857460857;0.983808;0.062464;-0.002928;35;7;-56;1
857476476;0.981856;0.066368;-0.008784;56;7;-28;1
857494868;0.98576;0.069296;-0.011712;-63;7;-14;1
857506322;0.980879936;0.069296;-0.012688;-84;7;7;1
857519239;0.984784;0.063439992;-0.013664;-98;14;28;1
857531687;0.984784;0.061488;-0.012688;-126;28;28;1
857551566;0.98576;0.057584;-0.008784;-140;49;14;1
857588677;0.982831936;1
857631158;0.98576;0.052704;-0.000976;35;-28;-21;1
857644153;0.981856;0.052704;-0.006832;42;-28;-21;1
857656387;0.981856;0.054656;-0.00976;21;-14;-35;1
857672088;0.983808;0.05856;-0.011712;28;0;-28;1
857686381;0.982831936;0.056608;-0.00976;35;7;-28;1
857697825;0.980879936;0.054656;-0.00488;21;14;-35;1
857716321;0.984784;0.052704;0.0;49;14;-42;1
857728260;0.984784;0.0488;0.00488;42;-7;-49;1
857749945;0.986736;0.045872;0.0;168;-42;-70;1
857761936;0.981856;0.050752;-0.003904;154;-49;-84;1
857782322;0.984784;0.050752;-0.006832;203;-49;-112;1
857796384;0.983808;0.057584;-0.00976;245;-49;-112;1
857808049;0.988688;0.057584;-0.011712;182;-35;-126;1
857827965;0.982831936;0.062464;-0.005856;182;-21;-105;1
857839567;0.982831936;0.062464;-0.000976;224;-28;-84;1
857850576;0.984784;0.0010.csv@857859447;-62;0;3939
857869593;0.982831936;0.066368;-0.006832;56;-42;-91;1
857883592;0.983808;0.065392;-0.011712;119;-28;-56;1
857902773;0.984784;0.057584;-0.01464;77;-21;-56;1
857914563;0.983808;0.060512;-0.013664;14;-14;-77;1
857937084;0.982831936;0.064416;-0.010736;70;28;-56;1
857948126;0.983808;0.061488;-0.007808;-7;35;-63;1
857959637;0.984784;0.067343992;-0.003904;-7;28;-56;1
857977532;0.981856;0.066368;-0.00488;49;7;-21;1
857988911;0.982831936;0.065392;-0.003904;0;0;-7;1
858000497;0.98576;0.064416;-0.00488;-56;7;-14;1
858024859;0.982831936;0.061488;-0.012688;-70;-7;14;1
858037910;0.986736;0.056608;-0.01464;-63;14;14;1
858048819;0.988688;0.05368;-0.013664;-84;35;7;1
858082103;0.979904;0.055632;-0.002928;-70;42;0;1
858096642;0.983808;0.052704;-0.000976;-35;42;0;1
858133884;0.982831936;0.055632;-0.000976;-28;-7;7;1
858148030;0.98576;0.050752;-0.007808;-14;-14;-7;1
858173875;0.982831936;0.052704;-0.012688;-28;7;-28;1
858186061;0.98576;0.050752;-0.00976;21;7;-21;1
858197983;0.983808;0.0488;-0.007808;28;14;-21;1
858215259;0.984784;0.049776;-0.003904;7;21;-56;1
858226753;0.981856;0.051728;-0.001952;84;28;-63;1
858238051;0.984784;0.052704;0.002928;133;14;-63;1
858249271;0.981856;0.055632;0.000976;91;-28;-84;1
858260058;0.981856;0.0.5;-84;1
858273747;0.981856;0.059536;-0.001952;147;-42;-77;1
858295254;0.984784;0.05856;-0.006832;140;-42;-77;1
858307286;0.983808;0.057584;-0.011712;126;-42;-84;1
858318754;0.983808;0.057584;-0.015616;112;-35;-77;1
858330652;0.982831936;0.054656;-0.013664;133;0;-77;1
858341959;0.98576;0.057584;-0.00976;126;14;-77;1
858353118;0.98576;0.054656;-0.002928;112;7;-91;1
858363814;0.979904;0.061488;-0.001952;119;0;-91;1
858375918;0.983808;0.062464;-0.000976;126;-7;-84;1
858396315;0.983808;0.059536;-0.000976;140;-21;-77;1
858409617;0.97892796;0.062464;-0.000976;126;-28;-77;1
858433335;0.981856;0.063439992;-0.018544;105;-35;-42;1
858444406;0.98576;0.065392;-0.01952;63;-14;-42;1
858458276;0.984784;0.09@20000101_000006_898573_baro_icp10111.csv@858462963;-10.516251;38.40912;101451.41;1.9968986
858468759;0.981856;0.065392;-0.013664;7;21;-42;1
858506317;0.982831936;0.060512;-0.001952;-63;28;0;1
858519130;0.98576;0.05856;-0.001952;-77;21;0;1
858537294;0.983808;0.054656;-0.006832;-14;0;14;1
858548710;0.986736;0.056608;-0.008784;-28;0;0;1
858589545;0.98576;0.056608;-0.011712;-21;14;7;1
858603171;0.980879936;0.056608;-0.011712;-77;35;-7;1
858622657;0.982831936;0.057584;-0.005856;-63;42;7;1
858634120;0.986736;0.051728;0.000976;-70;35;0;1
858645462;0.986736;0.052704;-0.000976;-56;21;-7;1
858656536;0.982831936;0.054656;-0.002928;-49;7;-7;1
858680181;0.981856;0.05368;-0.002928;-7;0;-7;1
858696347;0.989663936;0.047824;-0.00488;-14;-14;-35;1
858710011;0.983808;0.052704;-0.006832;7;-14;-42;1
858726473;0.983808;0.052704;-0.00976;77;0;-49;1
858741606;0.984784;0.052704;-0.00488;49;14;-56;1
858752531;0.981856;0.049776;-0.000976;105;7;-70;1
858763087;0.979904;0.052704;-0.001952;91;-7;-77;1
858775181;0.981856;0.055632;-0.000976;112;-7;-77;1
858787854;0.983808;0.055632;-0.000976;154;-7;-77;1
858808013;0.984784;0.057584;0.0;98;-35;-84;1
858820870;0.983808;0.057584;-0.005856;161;-42;-70;1
858836370;0.979904;0.056608;-0.01464;98;-28;-84;1
858848058;0.983808;0.059536;-0.012688;91;-14;-84;1
858863739;0.98576;0.059536;-0.008784;119;0;-77;1
858885208;0.981856;0.059536;-0.006832;77;0;-70;1
858904930;0.982831936;0.061488;-0.002928;84;0;-49;1
858916812;0.983808;0.060512;-0.002928;112;-7;-42;1
858933772;0.981856;0.05856;-0.00976;28;-28;-56;1
858945552;0.984784;0.064416;-0.013664;21;-21;-42;1
858956175;0.982831936;0.063439992;-0.013664;70;-7;-28;1
858969585;0.983808;0.060512;-0.011712;49;0;-21;1
858979917;0.984784;0.061488;-0.013664;-21;0;-28;1
858990906;0.983808;0.065392;-0.01464;-28;14;-14;1
859014845;0.982831936;0l375.csv@859015968;1.7639999;0.294;-0.049;1
859030427;0.982831936;0.062464;-0.005856;-91;49;14;1
859044923;0.981856;0.056608;-0.00488;-140;35;21;1
859055929;0.983808;0.056608;-0.002928;-98;35;21;1
859067719;0.986736;0.056608;-0.003904;-70;35;21;1
859079624;0.979904;0.052704;-0.001952;-105;28;7;1
859108318;0.98576;0.05368;-0.006832;-7;7;7;1
859123836;0.982831936;0.05856;-0.006832;-42;7;0;1
859139539;0.982831936;0.059536;-0.007808;-49;21;0;1
859150009;0.980879936;0.055632;-0.006832;-63;14;7;1
859165481;0.98576;0.051728;-0.005856;-42;21;0;1
859176237;0.981856;0.049776;-0.002928;-35;35;-14;1
859190036;0.981856;0.0@;3939
859201198;0.982831936;0.0488;0.002928;-14;28;-35;1
859217320;0.98576;0.050752;0.0;28;-7;-35;1
859227972;0.983808;0.046848;0.002928;56;-14;-56;1
859241583;0.982831936;0.049776;0.0;105;-28;-63;1
859253938;0.983808;0.052704;0.000976;140;-35;-77;1
859264815;0.980879936;0.051728;-0.002928;154;-42;-84;1
859284828;0.983808;0.054656;-0.00976;140;-42;-98;1
859319258;0.983808;0.056608;-0.003904;182;-28;-91;1
859330142;0.982831936;0.057584;-0.001952;154;-28;-91;1
859342916;0.982831936;0.059536;-0.001952;161;-28;-91;1
859353838;0.983808;0.061488;-0.006832;168;-35;-84;1
859366745;0.984784;0.059536;-0.008784;161;-42;-84;1
859384832;0.986736;0.059536;-0.008784;168;-49;-84;1
859396905;0.982831936;0.059536;-0.013664;154;-42;-77;1
859414822;0.982831936;0.059536;-0.013664;147;-28;-63;1
859427160;0.980879936;0.062464;-0.011712;105;-21;-70;1
859446463;0.98576;0.065392;-0.013664;98;-7;-56;1
859456875;0.984784;0.06832;-0.005856;91;14;-42;1
859468618;0.98576;0.070272;0.000976;-14;-14;-35;1
859484826;0.98576;0.069296;-0.001952;-28;-21;-14;1
859515812;0.986736;0.065392;-0.012688;-21;-35;7;1
859526952;0.983808;0.057584;-0.016592;-14;-35;14;1
859562755;0.983808;0.055632;-0.020496;-119;77;0;1
859584857;0.983808;0.065392;0.001952;-63;98;-7;1
859615317;0.981856;0.063439992;0.00976;-126;21;21;1
859635115;0.984784;0.051728;-0.000976;-77;-21;35;1
859646174;0.983808;0.047824;-0.008784;-112;-35;21;1
859658865;0.983808;0.005;7;1
859677438;0.98771196;0.0488;-0.022448;-28;14;0;1
859694942;0.982831936;0.046848;-0.012688;-42;63;-42;1
859714932;0.98576;0.051728;-0.000976;63;70;-49;1
859729258;0.982831936;0.052704;0.00976;63;63;-56;1
859742316;0.983808;0.055632;0.015616;42;7;-77;1
859753176;0.982831936;0.060512;0.013664;91;-28;-77;1
859768232;0.982831936;0.059536;0.007808;119;-70;-63;1
859779696;0.984784;0.054656;-0.001952;126;-91;-63;1
859794853;0.983808;0.051728;-0.01952;112;-77;-70;1
859807009;0.983808;0.054656;-0.023424;112;-49;-77;1
859817803;0.986736;0.052704;-0.022448;133;-21;-91;1
859828894;0.983808;0.054656;-0.017568;147;7;-98;1
859840254;0.98576;0.057584;-0.001952;147;42;-105;1
859851046;0.984784;0.060512;0.005856;119;28;-105;1
859874822;0.984784;0.059536;0.011712;175;-21;-84;1
859885996;0.982831936;0.05856;0.011712;210;-56;-84;1
859909936;0.981856;0.063439992;-0.003904;189;-105;-84;1
859923905;0.981856;0.059536;-0.01952;203;-91;-56;1
859936611;0.983808;0.060512;-0.026352;154;-70;-56;1
859958835;0.984784;0.064416;-0.028304;91;0;-56;1
859969794;0.986736;0.064416;-0.022448;84;35;-49;1
859982087;0.983808;0.066368;-0.001952;14;63;-28;1
859993073;0.98576;0.06;;1
860011151;0.981856;0.062464;0.007808;-56;28;-14;1
860023433;0.981856;0.059536;0.005856;0;-21;14;1
860036252;0.98576;0.057584;0.0;-42;-42;14;1
860046998;0.986736;0.056608;-0.012688;-70;-49;0;1
860082771;0.986736;0.054656;-0.028304;-91;49;-7;1
860098706;0.98576;0.056608;-0.021472;-98;84;-7;1
860112770;0.983808;0.055632;-0.001952;-126;105;0;1
860124428;0.9828316832;-119;98;-7;1
860141560;0.983808;0.057584;0.013664;-98;77;0;1
860152187;0.979904;0.057584;0.012688;-91;42;0;1
860177221;0.983808;0.050752;-0.006832;-70;-21;0;1
860196439;0.983808;0.045872;-0.017568;-35;-7;-21;1
860212425;0.984784;0.0488;-0.020496;-21;7;-35;1
860237674;0.982831936;0.050752;-0.005856;28;63;-63;1
860250316;0.981856;0.05368;0.005856;21;63;-77;1
860270638;0.984784;0.05368;0.01464;98;28;-77;1
860286341;0.983808;0.05856;0.00976;126;-42;-84;1
860297380;0.983808;0.055632;0.003904;119;-63;-77;1
860317731;0.984784;0.05368;-0.007808;161;-84;-70;1
860338191;0.984784;0.052704;-0.01952;161;-56;-84;1
860350287;0.983808;0.05856;-0.018544;147;-35;-91;1
860366488;0.982831936;0.062464;-0.010736;161;0;-84;1
860386757;0.980879936;0.064416;-0.001952;147;0;-84;1
860398168;0.981856;0.062464;0.001952;154;-14;-77;1
860417359;0.981856;0.059536;0.001952;161;-49;-56;1
860429813;0.980879936;0.063439992;-0.001952;147;-70;-49;1
860447577;0.982831936;0.060512;-0.01464;133;-77;-42;1
860458246;0.981856;0.05856;-0.016592;133;-70;-42;1
860471476;0.98576;0.05856;-0.0244;105;-56;-42;1
860487320;0.982831936;0.05856;-0.023424;77;0;-42;1
860515996;0.981856;0.066368;-0.007808;-7;42;-21;1
860527830;0.986736;0.064416;-0.006832;-21;42;-14;1
860543143;0.984784;0.063439992;-0.000976;-56;28;0;1
860554995;0.980879936;0.063439992;-0.000976;-98;14;7;1
860605064;0.984784;0.052704;-0.022448;-84;21;7;1
860621125;0.984784;0.052704;-0.016592;-91;63;-7;1
860633887;0.979904;0.056608;-0.010736;-112;77;-14;1
860645012;0.982831936;0.054656;-0.008784;-112;91;-21;1
860657315;0.983808;0.057584;0.00488;-84;77;-21;1
860668804;0.982831936;0.05856;0.008784;-91;63;-21;1
860682784;0.984784;0.059536;0.008784;-77;42;-14;1
860705505;0.982831936;0.050752;0.0;-63;-7;-14;1
860716037;0.983808;0.0488;-0.005856;-56;-14;-21;1
860727226;0.986736;0.046848;-0.013664;0;7;-42;1
860738157;0.98576;0.052704;-0.011712;-7;14;-56;1
860749030;0.984784;0.0488;-0.011712;14;28;-63;1
860764272;0.983808;0.052704;-0.007808;63;35;-63;1
860785433;0.983808;0.03o055.csv@860791290;334.6875;7543;17068;0.950375536;-0.041808368;-0.24575162
860795876;0.98576;0.055632;0.008784;112;21;-84;1
860810948;0.979904;0.059536;0.010736;126;-28;-77;1
860835408;0.98576;0.05856;0.002928;133;-70;-70;1
860847634;0.982831936;0.057584;-0.010736;154;-84;-63;1
860864874;0.981856;0.05856;-0.017568;175;-70;-56;1
860877209;0.984784;0.056608;-0.01952;147;-56;-63;1
860895220;0.98576;0.054656;-0.011712;147;-21;-70;1
860908190;0.98576;0.061488;-0.000976;147;-7;-77;1
860918749;0.98576;0.064416;0.000976;140;-21;-77;1
860930102;0.983808;0.062464;0.00488;168;-35;-70;1
860941924;0.980879936;0.060512;0.003904;168;-56;-56;1
860953209;0.982831936;0.061488;0.0;147;-70;-49;1
860964095;0.982831936;0.059536;-0.00488;161;-84;-49;1
860979264;0.98576;0.063439992;-0.023424;147;-70;-49;1
860989824;0.986736;0.063439992;-0.026352;105;-56;-49;1
861001375;0.983808;0.063439992;-0.027328;77;-21;-35;1
861011875;0.98576;0.064416;-0.027328;21;7;-28;1
861026987;0.98576;0.064416;-0.025376;-28;42;-21;1
861046468;0.981856;0.05856;-0.007808;-35;70;-14;1
861079528;0.984784;0.061488;0.006832;-84;49;-14;1
861100725;0.980879936;0.054656;-0.011712;-7;-21;-21;1
861112406;0.980879936;0.055632;-0.018544;7;-14;-21;1
861124020;0.98771196;0021;1
861134984;0.984784;0.05856;-0.027328;-70;35;-28;1
861149865;0.979904;0.061488;-0.0244;-105;98;-28;1
861160823;0.98576;0.062464;-0.011712;-119;119;-28;1
861172479;0.984784;0.062464;-0.002928;-105;126;-14;1
861183311;0.982831936;0.062464;0.00488;-119;119;-7;1
861205541;0.980879936;0.057584;0.016592;-161;63;7;1
861216026;0.984784;0.050752;0.015616;-133;35;14;1
861240552;0.983808;0.04392;-0.002928;7;-42;-21;1
861252945;0.983808;0.046848;-0.008784;42;-49;-35;1
861269045;0.984784;0.044896;-0.015616;49;-35;-49;1
861286317;0.986736;0.051728;-0.018544;105;14;-77;1
861299900;0.981856;0.057584;-0.010736;112;35;-84;1
861317976;0.986736;0.063439992;0.001952;98;49;-70;1
861331745;0.981856;0.066368;0.013664;56;7;-35;1
861343982;0.983808;0.059536;0.01464;63;-28;-21;1
861355544;0.980879936;0.057584;0.00976;70;-63;-21;1
861376395;0.982831936;0.051728;0.000976;112;-112;-28;1
861389306;0.98576;0.045872;-0.008784;133;-112;-35;1
861400329;0.98771196;0.047824;-0.015616;154;-105;-49;1
861416424;0.984784;0.0488;-0.023424;203;-63;-77;1
861440727;0.986736;0.057584;-0.016592;252;-14;-91;1
861456547;0.981856;0.065392;-0.006832;154;7;-84;1
861467563;0.979904;0.071247992;-0.000976;119;0;-70;1
861498193;0.986736;0.065392;0.001952;56;-56;-21;1
861531356;0.98576;0.050752;-0.023424;0;-63;0;1
861556421;0.983808;0.050752;-0.027328;0;28;-63;1
861568921;0.981856;0.049776;-0.018544;14;56;-70;1
861608807;0.983808;0.067343992;0.00488;-7;49;-70;1
861620398;0.979904;0.071247992;0.00488;35;28;-49;1
861635353;0.986736;0.066368;-0.005856;-49;-14;-21;1
861645836;0.982831936;0.06832;-0.012688;-91;-14;-7;1
861669910;0.984784;0.060512;-0.020496;-147;7;28;1
861681175;0.98576;0.046848;-0.0244;-140;35;21;1
861696336;0.982831936;0.0488;-0.013664;-147;84;-21;1
861708025;0.983808;0.0488;-0.008784;-91;98;-28;1
861728389;0.980879936;0.050752;0.006832;0;91;-49;1
861741389;0.983808;0.051728;0.012688;-14;56;-63;1
861766520;0.983808;0.066368;0.00488;98;-28;-42;1
861779484;0.983808;0.06832;0.0;49;-56;-35;1
861798984;0.983808;0.062464;-0.017568;7;-49;0;1
861809905;0.98576;0.057584;-0.021472;-7;-28;7;1
861830031;0.983808;0.054656;-0.013664;-28;21;-7;1
861840894;0.983808;0.050752;-0.00976;-28;35;-21;1
861854273;0.980879936;0.052704;0.000976;0;42;-28;1
861883372;0.983808;0.050752;0.013664;112;-14;-49;1
861898247;0.981856;0.055632;0.003904;196;-77;-70;1
861908826;0.982831936;0.056608;-0.007808;203;-91;-63;1
861926309;0.983808;0.057584;-0.020496;147;-70;-70;1
861937579;0.98576;0.064416;-0.021472;91;-49;-77;1
861948972;0.98576;0.065392;-0.021472;105;-28;-56;1
861963607;0.983808;0.061488;-0.021472;126;-7;-42;1
861979538;0.983808;0.060512;-0.00976;0;28;-42;1
862003400;0.983808;0.057584;0.002928;7;28;-28;1
862014160;0.981856;0.054656;0.00488;21;0;-35;1
862024948;0.986736;0.0075.csv@862026044;1.7639999;0.244999984;-0.049;1
862036073;0.981856;0.052704;-0.00488;28;-28;-42;1
862054851;0.981856;0.052704;-0.012688;77;-42;-49;1
862091075;0.983808;0.062464;-0.021472;63;14;-70;1
862108001;0.984784;0.065392;-0.008784;0;42;-42;1
862125004;0.982831936;0.067343992;-0.007808;-21;49;-28;1
862136011;0.981856;0.06832;-0.00488;-42;42;-14;1
862147437;0.983808;0.064416;0.000976;-133;35;7;1
862160128;0.983808;0.0
862178713;0.983808;0.0488;0.0;-161;-14;21;1
862191567;0.981856;0.08-0.098;1
862202705;0.986736;0.047824;-0.011712;-63;-7;0;1
862225523;0.984784;0.047824;-0.008784;21;7;-21;1
862236614;0.984784;0.055632;-0.011712;42;7;-28;1
862254869;0.986736;0.056608;-0.006832;56;28;-35;1
862266026;0.981856;0.060512;-0.003904;42;28;-28;1
862285806;0.982831936;0.064416;0.000976;-7;14;-21;1
862304916;0.982831936;0.062464;-0.006832;-42;-7;-7;1
862318334;0.984784;0.052704;-0.003904;-35;-14;14;1
862329122;0.98576;0.050752;-0.006832;-42;-7;7;1
862341301;0.983808;0.0488;-0.005856;-70;-14;0;1
862351821;0.980879936;0.042944;-0.010736;-56;-14;-14;1
862363718;0.982831936;0.038064;-0.005856;28;-14;-28;1
862384805;0.984784;0.047824;-0.001952;147;0;-70;1
862416424;0.98576;0.066368;-0.003904;126;-28;-77;1
862434950;0.982831936;0.060512;-0.010736;91;-28;-49;1
862446095;0.981856;0.061488;-0.012688;84;-21;-42;1
862469973;0.984784;0.05368;-0.008784;0;7;-28;1
862482044;0.982831936;0.050752;-0.005856;-21;14;-28;1
862505000;0.980879936;0.047824;-0.000976;0;14;-56;1
862518466;0.982831936;0.049776;-0.002928;70;7;-63;1
862529395;0.98576;0.0488;-0.001952;133;-7;-70;1
862540962;0.983808;0.059536;-0.005856;77;-21;-91;1
862553498;0.984784;0.061488;-0.00976;98;-14;-91;1
862590992;0.98576;0.066368;-0.013664;21;14;-56;1
862608121;0.982831936;0.065392;-0.00976;-14;21;-42;1
862619097;0.983808;0.061488;-0.005856;-21;35;-21;1
862641070;0.984784;0.060512;-0.001952;-70;14;-14;1
862651982;0.984784;0.052704;0.0;-35;7;-7;1
862673700;0.984784;0.045872;-0.007808;7;-14;-21;1
862686711;0.983808;0.050752;-0.010736;21;-14;-42;1
862704970;0.984784;0.056608;-0.01464;105;7;-56;1
862716464;0.982831936;0.061488;-0.010736;70;14;-49;1
862726803;0.980879936;2@20000101_000006_898573_accel_adxl375.csv@862731013;1.7639999;0.294;0.0;1
862744829;0.981856;0.062464;-0.00488;42;28;-28;1
862764931;0.982831936;0.066368;-0.001952;-35;28;-21;1
862783895;0.983808;0.061488;0.002928;-56;7;14;1
862798304;0.983808;0.052704;0.005856;-63;-21;14;1
862815233;0.983808;0.045872;-0.00976;-7;-35;-7;1
862826907;0.983808;0.045872;-0.00976;56;-28;-21;1
862846350;0.986736;0.051728;-0.011712;49;-21;-63;1
862859705;0.986736;0.051728;-0.011712;91;0;-63;1
862881202;0.984784;0.057584;-0.00976;77;14;-70;1
862894883;0.982831936;0.064416;-0.006832;112;14;-56;1
862907641;0.98576;0.060512;-0.000976;77;0;-49;1
862924839;0.984784;0.060512;-0.001952;42;-7;-42;1
862936487;0.982831936;0.056608;-0.000976;21;-14;-42;1
862946982;0.982831936;0.056608;-0.003904;21;-28;-42;1
862961939;0.982831936;0.052704;-0.002928;63;-35;-35;1
862973043;0.98771196;0.050752;-0.013664;21;-28;-56;1
862987467;0.984784;0.050752;-0.016592;56;-14;-63;1
862999497;0.983808;0.049776;-0.012688;126;0;-63;1
863009777;0.981856;0.052704;-0.01464;126;7;-77;1
863026422;0.98576;0.062464;-0.00488;98;14;-77;1
863040204;0.983808;0.061488;-0.007808;70;21;-70;1
863056335;0.983808;0.062464;-0.000976;70;7;-49;1
863068729;0.981856;0.066368;-0.000976;70;0;-49;1
863108105;0.98576;0.05368;-0.008784;-28;-14;-14;1
863120563;0.984784;0.056608;-0.012688;-70;-14;-21;1
863138685;0.98576;0.055632;-0.011712;28;7;-28;1
863150204;0.982831936;0.054656;-0.00976;-7;14;-35;1
863171810;0.981856;0.062464;-0.005856;28;28;-28;1
863184892;0.980879936;0.056608;-0.000976;7;14;-28;1
863197700;0.981856;0.055632;-0.003904;14;14;-28;1
863209079;0.981856;0.056608;-0.002928;7;14;-28;1
863220636;0.983808;0.060512;-0.00488;-14;7;-28;1
863231413;0.98576;0.060512;-0.000976;-21;0;-14;1
863242627;0.982831936;0.060512;-0.002928;-28;-14;-14;1
863258632;0.98576;0.057584;-0.0@20000101_000006_898573_accel_adxl375.csv@863274824;1.7639999;0.294;-0.049;1
863276415;0.982831936;0.051728;-0.015616;-35;7;-7;1
863289094;0.983808;0.051728;-0.010736;-14;21;-14;1
863306322;0.981856;0.050752;-0.005856;-7;28;-42;1
863318708;0.983808;0.051728;0.0;49;28;-49;1
863335580;0.982831936;0.059536;0.0;35;7;-49;1
863347740;0.983808;0.054656;-0.000976;21;0;-49;1
863375264;0.984784;0.05856;-0.006832;84;-21;-42;1
863387499;0.982831936;0.054656;-0.011712;63;-21;-56;1
863398839;0.983808;0.059536;-0.010736;77;-14;-49;1
863411818;0.98576;0.056608;-0.011712;21;-14;-42;1
863435292;0.984784;0.050752;-0.00976;63;7;-42;1
863448949;0.98576;0.052704;-0.005856;56;14;-70;1
863463861;0.98576;0.05368;-0.00488;98;21;-77;1
863475323;0.984784;0.05856;-0.001952;119;7;-70;1
863496860;0.982831936;0.062464;-0.003904;119;-21;-84;1
863509130;0.984784;0.059536;-0.006832;105;-28;-84;1
863520110;0.986736;0.064416;-0.010736;126;-28;-70;1
863538286;0.982831936;0.054656;-0.010736;56;-21;-63;1
863549894;0.983808;0.056608;-0.015616;0;-14;-63;1
863564705;0.98576;0.05856;-0.012688;63;7;-35;1
863597039;0.983808;0.055632;-0.003904;-14;21;-56;1
863614904;0.980879936;0.056608;0.002928;49;7;-42;1
863644113;0.982831936;0.05856;-0.00488;91;-28;-35;1
863679550;0.982831936;0.061488;-0.015616;0;0;-28;1
863704861;0.98576;0.059536;-0.010736;-7;21;-14;1
863724945;0.984784;0.060512;-0.003904;-35;28;-14;1
863739992;0.988688;0.052704;0.000976;-35;7;-7;1
863750839;0.983808;0.055632;-0.002928;-35;-7;-7;1
863762734;0.981856;0.052704;-0.000976;-7;-14;-21;1
863784834;0.982831936;0.055632;-0.006832;21;-21;-21;1
863799356;0.98576;0.054656;-0.013664;28;-14;-28;1
863810144;0.986736;0.049776;-0.017568;42;0;-28;1
863820850;0.983808;0.049776;-0.01464;35;7;-35;1
863831965;0.981856;0.05368;-0.013664;35;28;-42;1
863843901;0.983808;0.05856;-0.008784;35;35;-42;1
863855089;0.981856;0.055632;-0.001952;21;42;-49;1
863865905;0.982831936;0.05856;0.001952;14;35;-49;1
863885286;0.982831936;18573_accel_adxl375.csv@863886421;1.7639999;0.294;-0.049;1
863904952;0.98771196;0.055632;-0.001952;63;-35;-28;1
863924925;0.982831936;0573_accel_adxl375.csv@863926072;1.813;0.244999984;-0.098;1
863937887;0.98771196;0.049776;-0.01464;56;-21;-49;1
863956597;0.98576;0.051728;-0.01464;42;7;-77;1
863972194;0.984784;0.062464;-0.003904;112;28;-84;1
863997033;0.986736;0.060512;0.000976;91;14;-70;1
864014916;0.981856;0.059536;0.001952;112;-7;-56;1
864027446;0.983808;0.05856;-0.000976;91;-21;-49;1
864046182;0.98576;0.059536;-0.005856;56;-35;-49;1
864057007;0.986736;0.05006_898573_accel_adxl375.csv@864058370;1.813;0.294;0.0;1
864070219;0.981856;0.05856;-0.010736;35;-28;-42;1
864082683;0.981856;0.05856;-0.011712;70;-14;-35;1
864104855;0.984784;0.05856;-0.011712;56;7;-42;1
864145633;0.982831936;0.061488;-0.000976;7;7;-42;1
864165193;0.984784;0.060512;-0.000976;49;-21;-21;1
864180198;0.984784;0.063439992;-0.002928;7;-28;-21;1
864208587;0.98576;0.055632;-0.016592;21;-21;-7;1
864221241;0.98771196;0.051728;-0.018544;-21;-7;-14;1
864239593;0.98576;0.05368;-0.011712;-7;42;-28;1
864254928;0.984784;0.055632;-0.00488;-28;42;-28;1
864266263;0.982831936;0.055632;-0.001952;-21;35;-28;1
864286494;0.980879936;0.056608;0.0;42;7;-21;1
864301023;0.98576;0.055632;0.001952;35;0;-21;1
864314833;0.98576;0.054656;-0.005856;-28;-21;-28;1
864325970;0.98576;0.05;-35;1
864344885;0.982831936;0.054656;-0.011712;7;0;-35;1
864356052;0.984784;0.054656;-0.013664;35;21;-42;1
864366911;0.981856;0.055632;-0.008784;35;28;-42;1
864377968;0.983808;0.055632;-0.008784;21;28;-42;1
864394836;0.982831936;0.05368;-0.002928;21;35;-49;1
864406041;0.980879936;0.05368;0.000976;0;28;-63;1
864424844;0.982831936;0.060512;0.005856;77;0;-63;1
864436353;0.984784;0.060512;0.003904;70;-28;-56;1
864448359;0.982831936;0.061488;0.0;77;-35;-49;1
864467783;0.982831936;0.055632;-0.012688;84;-35;-42;1
864480363;0.98576;0.056608;-0.01464;63;-28;-42;1
864494842;0.98576;0.05368;-0.011712;63;7;-56;1
864506393;0.984784;0.056608;-0.006832;28;14;-63;1
864524843;0.98576;0.060512;0.0;91;28;-56;1
864535997;0.982831936;0.061488;0.003904;84;7;-56;1
864546865;0.982831936;0.061488;0.000976;70;-14;-56;1
864557961;0.986736;0.05856;0.001952;105;-21;-42;1
864570187;0.980879936;0.059536;-0.003904;105;-35;-35;1
864583132;0.98576;0.05856;-0.005856;77;-42;-42;1
864605259;0.981856;0.05856;-0.012688;28;-14;-56;1
864615965;0.984784;0.062464;-0.010736;28;-14;-42;1
864626954;0.982831936;0.061488;-0.011712;63;-7;-28;1
864639252;0.983808;0.0794;-0.098;1
864670126;0.983808;0.057584;-0.006832;49;14;-21;1
864686087;0.984784;0.056608;-0.003904;0;7;-35;1
864697269;0.98576;0.057584;-0.002928;28;7;-35;1
864708459;0.984784;0.056608;-0.002928;28;-7;-35;1
864725324;0.98771196;0.056608;-0.003904;14;-14;-35;1
864736974;0.981856;0.059536;-0.011712;56;-14;-21;1
864747999;0.986736;0.05856;-0.015616;0;-7;-35;1
864758852;0.981856;0.0@20000101_000006_898573_accel_adxl375.csv@864765205;1.7639999;0.244999984;-0.049;1
864769883;0.980879936;0.056608;-0.013664;14;21;-21;1
864781037;0.983808;0.056608;-0.007808;7;35;-21;1
864796675;0.984784;0.05368;-0.00488;-56;35;-42;1
864814880;0.982831936;0.054656;-0.000976;-14;42;-42;1
864827964;0.982831936;0.052704;0.002928;0;14;-35;1
864838853;0.983808;0.052704;-0.000976;42;0;-35;1
864853007;0.982831936;0.056608;-0.00488;49;-14;-42;1
864874840;0.980879936;0.05368;-0.010736;56;-14;-49;1
864894924;0.986736;0.056608;-0.00976;21;7;-56;1
864913716;0.982831936;0.060512;-0.005856;42;14;-49;1
864934972;0.986736;0.060512;0.0;28;21;-42;1
864947234;0.981856;0.056608;-0.000976;21;7;-42;1
864970411;0.984784;0.056608;0.0;42;-7;-42;1
864980987;0.984784;0.054656;0.001952;77;-21;-42;1
864996105;0.983808;0.055632;-0.00488;56;-28;-49;1
865016739;0.98576;0.05856;-0.010736;105;-35;-49;1
865029635;0.982831936;0.05856;-0.012688;77;-21;-56;1
865045118;0.984784;0.057584;-0.00976;77;-7;-49;1
865055950;0.98576;0.05856;-0.007808;84;7;-49;1
865081868;0.984784;0.060512;-0.00488;42;0;-35;1
865093816;0.982831936;6-928;28;0;-28;1
865105820;0.983808;0.060512;-0.001952;21;-14;-21;1
865117752;0.983808;0.060512;0.0;35;-21;-21;1
865136292;0.981856;0.055632;-0.00976;35;-42;-21;1
865148034;0.98576;0.050752;-0.010736;42;-35;-21;1
865182324;0.986736;0.057584;-0.015616;42;21;-42;1
865197656;0.983808;0.060512;-0.011712;21;28;-42;1
865209442;0.981856;0.062464;-0.002928;21;35;-35;1
865237740;0.982831936;0.05856;0.001952;-42;14;-21;1
865250414;0.980879936;0.055632;-0.002928;-14;-14;-21;1
865274831;0.984784;0.052704;-0.00976;7;-21;-21;1
865286506;0.981856;0.05368;-0.011712;21;-14;-28;1
865306383;0.98576;0.051728;-0.018544;-14;14;-42;1
865318414;0.984784;0.05368;-0.016592;21;35;-42;1
865337802;0.98576;0.054656;-0.006832;21;56;-56;1
865352431;0.981856;0.056608;0.00488;49;35;-56;1
865366469;0.979904;0.060512;0.006832;42;21;-49;1
865398168;0.984784;0.05856;-0.000976;49;-35;-49;1
865416416;0.98576;0.054656;-0.00976;77;-35;-42;1
865436583;0.981856;0.055632;-0.012688;7;-7;-49;1
865450449;0.984784;0.055632;-0.01464;35;7;-49;1
865475977;0.982831936;0.057584;-0.003904;49;21;-56;1
865503691;0.980879936;0.059536;0.00488;63;-7;-56;1
865515191;0.982831936;0.060512;0.00488;70;-35;-49;1
865530150;0.983808;0.063439992;0.002928;105;-49;-49;1
865545289;0.984784;0.059536;-0.008784;98;-63;-35;1
865584863;0.98576;0.05856;-0.01464;77;-7;-49;1
865597881;0.984784;0.059536;-0.00976;77;14;-56;1
865616323;0.983808;0.060512;-0.002928;35;21;-49;1
865636679;0.983808;0.060512;0.0;35;-7;-35;1
865649982;0.984784;0.056608;0.0;21;-21;-35;1
865664331;0.983808;0.056608;-0.006832;56;-28;-28;1
865674871;0.979904;0.05856;-0.008784;7;-28;-28;1
865696343;0.98771196;0.057584;-0.018544;-7;-14;-21;1
865708767;0.983808;0.054656;-0.016592;-14;7;-21;1
865738432;0.981856;0.055632;-0.00488;14;49;-42;1
865754613;0.983808;0.055632;-0.001952;0;35;-42;1
865769997;0.981856;0.059536;-0.000976;7;28;-42;1
865781732;0.982831936;0.059536;0.000976;-7;14;-42;1
865804325;0.984784;0.059536;-0.00976;28;-21;-28;1
865824843;0.984784;0.056608;-0.015616;0;7;-35;1
865838131;0.98576;0.05856;-0.011712;0;28;-42;1
865849697;0.983808;0.055632;-0.00976;0;28;-42;1
865867569;0.982831936;0.05368;-0.003904;14;35;-42;1
865884863;0.986736;0.06865890958;335.0625;7543;17075;0.9513953;-0.0377295;-0.2447319
865896131;0.984784;0.061488;0.005856;42;14;-49;1
865914875;0.981856;0.060512;0.0;56;-28;-42;1
865926179;0.984784;0.056608;-0.003904;49;-35;-42;1
865936772;0.983808;0.054656;-0.00976;77;-35;-42;1
865950106;0.982831936;0.05856;-0.012688;63;-28;-35;1
865961993;0.984784;0.05856;-0.008784;49;-21;-49;1
865977024;0.98576;0.057584;-0.008784;42;0;-49;1
865989302;0.983808;0.057584;-0.00488;42;7;-42;1
866014835;0.983808;0.05368;0.002928;77;-7;-42;1
866038440;0.983808;0.056608;-0.000976;91;-28;-49;1
866049342;0.982831936;0.05856;-0.006832;84;-35;-49;1
866064857;0.982831936;0.05856;-0.008784;70;-35;-49;1
866076860;0.983808;0.059536;-0.008784;84;-28;-42;1
866096380;0.983808;0.059536;-0.016592;49;-14;-35;1
866115014;0.983808;0.060512;-0.013664;63;7;-35;1
866126721;0.982831936;0.059536;-0.005856;14;21;-42;1
866138018;0.984784;0.056608;-0.000976;35;14;-42;1
866149244;0.981856;0.057584;-0.002928;35;14;-35;1
866161615;0.982831936;0.057584;-0.002928;14;0;-35;1
866184935;0.983808;0.060512;-0.003904;42;-7;-35;1
866221054;0.983808;0.05856;-0.017568;7;0;-35;1
866244616;0.984784;0.060512;-0.011712;-14;28;-35;1
866256167;0.984784;0.0808;0;28;-28;1
866267064;0.981856;0.061488;-0.003904;-28;42;-28;1
866279436;0.982831936;0.05856;-0.002928;-14;42;-21;1
866293952;0.983808;0.059536;0.0;-28;35;-21;1
866306412;0.98576;0.057584;0.002928;-49;21;-28;1
866341770;0.981856;0.055632;-0.00488;42;-7;-42;1
866354495;0.983808;0.059536;-0.006832;42;-7;-42;1
866365312;0.983808;0.05856;-0.00976;21;-7;-42;1
866386202;0.983808;0.05856;-0.010736;42;14;-35;1
866397700;0.984784;0.060512;-0.003904;-14;35;-35;1
866409908;0.984784;0.062464;0.002928;7;28;-28;1
866423502;0.981856;0.056608;0.005856;14;14;-28;1
866434715;0.981856;0.05856;0.00488;-7;-7;-21;1
866446985;0.983808;0.055632;0.005856;7;-28;-28;1
866458042;0.986736;0.004;335.125;7543;17081;0.952415;-0.04078865;-0.237593884
866469194;0.983808;0.05368;-0.007808;63;-49;-35;1
866481201;0.98771196;0.056608;-0.011712;98;-49;-42;1
866492804;0.982831936;@20000101_000006_898573_baro_bmp280.csv@866495106;-36.833296;38.3;101768.22;4.2183916
866504195;0.983808;0.051728;-0.015616;91;-28;-56;1
866515514;0.980879936;0.057584;-0.01464;70;0;-56;1
866537860;0.984784;0.061488;-0.006832;77;14;-49;1
866549780;0.980879936;0.057584;-0.000976;77;0;-42;1
866568331;0.982831936;0.057584;0.001952;77;-7;-42;1
866583144;0.983808;0.05856;-0.000976;28;-28;-42;1
866595850;0.980879936;0.056608;-0.000976;77;-49;-42;1
866614907;0.983808;0.050752;-0.013664;63;-49;-49;1
866635446;0.982831936;0.054656;-0.017568;98;-14;-56;1
866646524;0.980879936;0.056608;-0.01952;91;7;-56;1
866664980;0.982831936;0.059536;-0.013664;49;28;-70;1
866684928;0.986736;0.062464;-0.000976;42;42;-56;1
866737089;0.986736;0.05368;-0.005856;28;-14;-28;1
866751703;0.98771196;0.057584;-0.011712;7;-14;-35;1
866780195;0.984784;0.055632;-0.012688;21;7;-35;1
866794939;0.983808;0.057584;-0.011712;7;42;-42;1
866806047;0.981856;0.062464;-0.008784;0;56;-42;1
866819040;0.983808;0.066368;-0.002928;-7;63;-42;1
866829894;0.983808;0.063439992;0.0;-14;49;-28;1
866842575;0.984784;0.059536;0.003904;-42;14;-21;1
866855221;0.984784;0.056608;0.003904;-49;0;-14;1
866876321;0.980879936;0.05368;0.0;7;-21;-7;1
866895518;0.983808;0.052704;-0.008784;14;-35;-28;1
866905965;0.98576;0.05368;-0.011712;21;-21;-42;1
866925255;0.98576;0.054656;-0.011712;63;7;-49;1
866937337;0.986736;0.057584;-0.00976;56;7;-56;1
866948301;0.981856;0.05856;-0.002928;63;14;-63;1
866962583;0.981856;0.064416;-0.001952;42;7;-56;1
866972991;0.979904;0.062464;0.000976;63;-7;-49;1
866984543;0.982831936;0.05856;0.00488;91;-28;-35;1
867005488;0.982831936;0.060512;-0.005856;49;-49;-35;1
867015904;0.983808;0.057584;-0.011712;49;-42;-35;1
867028562;0.98576;0.052704;-0.016592;49;-35;-28;1
867040163;0.984784;0.047824;-0.011712;56;-21;-42;1
867050718;0.98771196;0.0488;-0.012688;105;-14;-49;1
867063906;0.981856;0.055632;-0.011712;105;0;-84;1
867075786;0.982831936;0.056608;-0.005856;140;0;-77;1
867092433;0.981856;0.05856;-0.003904;168;7;-77;1
867105252;0.981856;0.059536;-0.001952;119;-21;-91;1
867117447;0.982831936;0.062464;-0.003904;126;-35;-84;1
867129422;0.982831936;0.065392;-0.006832;147;-35;-63;1
867145634;0.984784;0.063439992;-0.012688;77;-28;-49;1
867156090;0.984784;0.062464;-0.015616;7;-21;-42;1
867167016;0.98771196;0.059536;-0.016592;0;-7;-42;1
867178409;0.983808;0.056608;-0.015616;28;7;-35;1
867189227;0.984784;0.056608;-0.01464;14;28;-35;1
867214829;0.979904;0.05856;0.001952;7;42;-42;1
867273578;0.98576;0.061488;-0.005856;21;-7;-35;1
867294966;0.986736;0.057584;-0.012688;-21;7;-28;1
867305990;0.983808;0.059536;-0.013664;-28;21;-28;1
867324746;0.98576;0.056608;-0.006832;-28;35;-14;1
867336693;0.981856;0.055632;-0.00488;-28;42;-21;1
867347792;0.98576;0.057584;-0.000976;-21;42;-28;1
867362810;0.986736;0.056608;0.0;-14;35;-28;1
867384862;0.981856;0.01l_adxl375.csv@867385907;1.7149999;0.294;-0.049;1
867397945;0.982831936;0.056608;-0.001952;0;-14;-14;1
867415218;0.982831936;0.05368;-0.007808;14;-21;-28;1
867426018;0.983808;0.00000101_000006_898573_accel_adxl375.csv@867427178;1.813;0.294;-0.098;1
867436896;0.98576;0.052704;-0.00976;49;-14;-35;1
867448237;0.98576;0.057584;-0.006832;35;0;-42;1
867464892;0.983808;0.05368;-0.006832;42;0;-49;1
867482814;0.984784;0.055632;0.0;77;0;-49;1
867503148;0.983808;0.056608;0.001952;98;-21;-56;1
867522212;0.986736;0.056608;-0.002928;98;-42;-56;1
867536274;0.980879936;0.055632;-0.00976;105;-49;-56;1
867546840;0.982831936;0.056608;-0.012688;105;-42;-56;1
867558259;0.986736;0.05368;-0.013664;1--@20000101_000006_898573_accel_adxl375.csv@867560268;1.7639999;0.294;-0.049;1
867574804;0.982831936;0.055632;-0.01464;119;-21;-63;1
867588113;0.98576;0.055632;-0.00976;84;0;-70;1
867598920;0.983808;0.055632;-0.005856;98;7;-77;1
867614943;0.981856;0.061488;-0.005856;105;7;-70;1
867640969;0.984784;0.063439992;-0.001952;84;-7;-70;1
867652505;0.983808;0.060512;-0.002928;91;-21;-63;1
867664650;0.981856;0.059536;-0.005856;77;-28;-63;1
867684820;0.98576;0.066_000006_898573_accel_adxl375.csv@867685875;1.7639999;0.294;-0.098;1
867696826;0.983808;0.059536;-0.013664;49;-21;-49;1
867716570;0.984784;0.061488;-0.013664;35;7;-42;1
867728820;0.981856;0.062464;-0.00976;14;28;-42;1
867740004;0.983808;0.062464;-0.007808;0;35;-42;1
867751006;0.986736;0.064416;-0.003904;-7;42;-35;1
867782803;0.982831936;0.060512;-0.002928;-21;14;-14;1
867803271;0.984784;0.059536;-0.003904;-28;0;-14;1
867817760;0.983808;0.05856;-0.00488;-28;-7;-7;1
867836970;0.98576;0.056608;-0.008784;-28;0;-14;1
867848829;0.983808;0.05368;-0.011712;-21;14;-14;1
867864905;0.984784;0.057584;-0.00976;0;28;-14;1
867876538;0.984784;0.057584;-0.006832;-14;28;-21;1
867894811;0.98771196;0.059536;-0.000976;-21;21;-21;1
867910637;0.983808;0.057584;0.001952;7;7;-14;1
867921080;0.983808;0.05856;0.0;7;-7;-14;1
867931915;0.983808;0.057584;-0.000976;0;-14;-14;1
867943025;0.98576;0.052704;-0.00488;0;-21;-21;1
867954111;0.98576;0.056608;-0.00488;21;-28;-21;1
867964932;0.983808;0.05368;-0.007808;42;-28;-21;1
867981612;0.982831936;0.055632;-0.011712;56;-14;-49;1
868004854;0.982831936;0.054656;-0.006832;98;-7;-56;1
868016468;0.981856;0.05368;-0.00488;98;-7;-56;1
868030151;0.983808;0.05856;-0.002928;98;-7;-63;1
868043177;0.98576;0.059536;-0.00488;98;-14;-63;1
868056159;0.986736;0.060512;-0.00488;105;-14;-63;1
868071255;0.981856;0.056608;-0.006832;84;-21;-49;1
868086418;0.981856;0.057584;-0.006832;63;-21;-49;1
868106510;0.984784;0.05368;-0.008784;70;-21;-49;1
868121136;0.984784;0.057584;-0.00976;77;-14;-56;1
868131940;0.984784;0.052704;-0.008784;77;-14;-63;1
868143079;0.981856;0.056608;-0.00976;98;-14;-63;1
868154362;0.982831936;0.055632;-0.007808;119;-14;-63;1
868167170;0.982831936;0.059536;-0.006832;105;-7;-70;1
868177980;0.980879936;0.060512;-0.007808;84;-7;-70;1
868190271;0.984784;0.061488;-0.00976;77;0;-63;1
868206283;0.982831936;0.064416;-0.00976;42;0;-49;1
868226602;0.98576;0.064416;-0.012688;0;14;-21;1
868241826;0.983808;0.060512;-0.006832;-63;21;-7;1
868255305;0.984784;0.057584;-0.00488;-63;21;-7;1
868296159;0.981856;0.054656;-0.003904;-7;7;-28;1
868310533;0.98576;0.05368;-0.002928;14;0;-28;1
868323352;0.981856;0.059536;-0.008784;56;-7;-35;1
868335519;0.984784;0.062464;-0.010736;56;0;-35;1
868346370;0.982831936;0.065392;-0.013664;21;7;-35;1
868362220;0.986736;0.067343992;-0.012688;-49;35;-7;1
868372741;0.98576;0.064416;-0.00976;-91;42;7;1
868384485;0.98576;0.060512;-0.00488;-119;35;14;1
868413355;0.983808;0.049776;0.00488;-77;14;7;1
868428976;0.982831936;0.045872;0.002928;-42;7;-7;1
868440720;0.983808;0.04392;0.003904;7;-14;-21;1
868452675;0.982831936;0.046848;-0.006832;98;-35;-56;1
868465166;0.982831936;0.054656;-0.012688;119;-28;-77;1
868477383;0.983808;0.054656;-0.012688;140;-21;-84;1
868489305;0.982831936;0.060512;-0.013664;147;-7;-84;1
868501521;0.98576;0.063439992;-0.013664;112;0;-77;1
868513121;0.982831936;0.066368;-0.008784;63;21;-56;1
868524769;0.984784;0.066368;-0.002928;35;21;-35;1
868539175;0.981856;0.02@20000101_000006_898573_airspeed_sdp810.csv@868561177;52;93;3943
868563755;0.984784;0.049776;-0.000976;7;-21;-28;1
868576134;0.98576;0.047824;-0.003904;35;-28;-35;1
868590037;0.981856;0.04392;-0.005856;77;-35;-49;1
868601030;0.984784;0.050752;-0.011712;119;-35;-70;1
868616474;0.984784;0.055632;-0.012688;161;-21;-91;1
868629587;0.983808;0.05856;-0.011712;161;-7;-91;1
868647016;0.984784;0.065392;-0.008784;140;7;-91;1
868657792;0.982831936;0.070272;-0.00488;126;7;-70;1
868669710;0.984784;0.069296;-0.001952;84;7;-56;1
868687163;0.982831936;0.069296;-0.002928;-7;-7;-21;1
868739240;0.983808;0.049776;-0.012688;7;-7;-21;1
868751987;0.984784;0.030006_898573_accel_adxl375.csv@868753542;1.7639999;0.294;-0.049;1
868765430;0.98576;0.05856;-0.011712;63;21;-49;1
868784920;0.984784;0.062464;-0.006832;56;28;-49;1
868796027;0.98576;0.063439992;-0.000976;28;21;-35;1
868807185;0.981856;0.065392;-0.002928;21;14;-21;1
868824954;0.982831936;410000101_000006_898573_accel_adxl375.csv@868826207;1.7639999;0.294;0.0;1
868837114;0.980879936;0.064416;-0.001952;-49;-7;0;1
868849790;0.983808;0.060512;-0.007808;-63;-7;14;1
868862633;0.986736;0.055632;-0.010736;-70;0;14;1
868884850;0.983808;0.0488;-0.013664;-63;14;7;1
868904861;0.98576;0.047824;-0.007808;-21;28;-21;1
868916219;0.986736;0.054656;0.0;28;28;-42;1
868927151;0.982831936;0.05856;0.002928;21;14;-49;1
868937834;0.98576;0.059536;0.000976;35;0;-49;1
868950952;0.981856;0.057584;-0.001952;56;-7;-42;1
868964058;0.984784;0.059536;-0.006832;56;-7;-35;1
868975027;0.98576;0.061488;-0.008784;35;-7;-35;1
868985964;0.983808;0.061488;-0.013664;7;-7;-28;1
869002852;0.983808;0.057584;-0.010736;-56;7;-14;1
869015979;0.981856;0.052704;-0.007808;-49;7;-14;1
869026921;0.982831936;0.047824;-0.001952;7;14;-35;1
869037803;0.988688;0.04392;-0.000976;21;7;-49;1
869048909;0.98576;0.0488;-0.003904;63;0;-63;1
869063331;0.982831936;0.046848;-0.005856;105;-14;-63;1
869077799;0.98576;0.054656;-0.007808;119;-14;-84;1
869088805;0.98576;0.062464;-0.00976;119;-14;-84;1
869101592;0.983808;0.063439992;-0.008784;133;-7;-77;1
869113102;0.981856;0.064416;-0.007808;133;0;-63;1
869134926;0.983808;0.064416;-0.006832;77;-7;-49;1
869145965;0.983808;0.064416;-0.005856;42;-7;-42;1
869157315;0.981856;0.061488;-0.008784;28;-7;-35;1
869170399;0.983808;0.05856;-0.005856;-7;-14;-28;1
869194823;0.98576;0.052704;-0.010736;56;-7;-21;1
869228111;0.982831936;0.051728;-0.008784;56;7;-49;1
869241921;0.984784;0.054656;-0.005856;84;7;-63;1
869254613;0.984784;0.05856;-0.006832;56;7;-70;1
869266026;0.983808;0.059536;-0.003904;84;7;-70;1
869276893;0.984784;0.066368;-0.001952;112;7;-56;1
869289589;0.984784;0.06832;-0.005856;-14;-7;-35;1
869301186;0.982831936;0.066368;-0.007808;-42;-7;-28;1
869315416;0.986736;0.061488;-0.007808;-14;-7;-7;1
869336846;0.983808;0.057584;-0.013664;-28;0;-14;1
869348817;0.981856;0.056608;-0.010736;-77;7;-21;1
869370780;0.984784;0.051728;-0.00488;21;35;-35;1
869385371;0.983808;0.052704;-0.002928;0;35;-56;1
869397047;0.981856;0.055632;0.0;35;28;-56;1
869417955;0.984784;0.062464;0.0;70;0;-42;1
869436818;0.986736;0.059536;-0.003904;35;-7;-49;1
869449344;0.983808;0.064416;-0.008784;42;-7;-42;1
869460070;0.98576;0.0601
869476196;0.984784;0.059536;-0.011712;-28;7;-7;1
869501405;0.983808;0.05368;-0.002928;-14;21;-28;1
869517217;0.981856;0.050752;0.0;14;14;-35;1
869536454;0.983808;0.0488;0.002928;56;0;-49;1
869547980;0.983808;0.05368;-0.000976;84;-14;-63;1
869566635;0.983808;0.055632;-0.007808;133;-35;-70;1
869580326;0.98576;0.062464;-0.007808;161;-28;-63;1
869601682;0.983808;0.066368;-0.013664;42;-7;-49;1
869613690;0.984784;0.061488;-0.013664;56;7;-35;1
869627190;0.986736;0.059536;-0.007808;35;21;-35;1
869638480;0.984784;0.057584;-0.00488;0;14;-35;1
869650850;0.981856;0.059536;-0.002928;0;14;-35;1
869661928;0.982831936;0.054656;0.000976;28;-7;-28;1
869675801;0.98576;0.0488;0.0;49;-21;-42;1
869693414;0.983808;0.057584;-0.006832;77;-35;-63;1
869707114;0.98576;0.054656;-0.007808;98;-28;-56;1
869726364;0.984784;0.061488;-0.012688;63;-21;-56;1
869739663;0.983808;0.0@20000101_000006_898573_baro_icp10111.csv@869763322;-10.468689;38.43048;101450.8;2.0444604
869767976;0.983808;0.063439992;-0.011712;49;28;-35;1
869783743;0.97892796;0.061488;0.0;-42;35;-28;1
869799157;0.981856;0.060512;0.002928;-42;21;-14;1
869816631;0.984784;0.057584;0.002928;0;-14;-14;1
869839495;0.980879936;0.051728;-0.005856;21;-21;-28;1
869850423;0.984784;0.054656;-0.007808;35;-28;-35;1
869866435;0.986736;0.054656;-0.016592;28;0;-42;1
869880301;0.981856;0.059536;-0.01464;21;21;-49;1
869896232;0.983808;0.064416;-0.008784;28;42;-42;1
869907890;0.981856;0.064416;-0.000976;-21;42;-35;1
869926362;0.980879936;0.059536;0.002928;-28;21;-14;1
869938593;0.984784;0.056608;0.00488;-35;0;-14;1
869949607;0.983808;0.052704;0.002928;-35;-14;-14;1
869963121;0.983808;0.054656;-0.00488;-14;-28;-14;1
869976403;0.982831936;0.047824;-0.011712;14;-28;-21;1
869987457;0.98576;0.051728;-0.011712;21;-14;-35;1
870004148;0.984784;0.054656;-0.016592;56;14;-63;1
870014780;0.984784;0.056608;-0.011712;84;28;-63;1
870029220;0.988688;0.062464;-0.006832;98;35;-63;1
870042508;0.984784;0.062464;-0.00488;84;35;-63;1
870055738;0.988688;0.065392;0.00488;42;14;-49;1
870066996;0.98771196;0.063439992;0.00488;42;-7;-35;1
870078365;0.984784;0.05856;0.001952;7;-28;-35;1
870088748;0.983808;0.059536;-0.001952;7;-35;-28;1
870108267;0.983808;0.055632;-0.012688;56;-42;-14;1
870125309;0.986736;0.049776;-0.015616;28;-21;-42;1
870138533;0.98576;0.05368;-0.017568;70;0;-49;1
870149070;0.984784;0.054656;-0.012688;91;14;-56;1
870160036;0.984784;0.050752;-0.010736;91;21;-70;1
870174891;0.984784;0.056608;0.0;105;28;-84;1
870187418;0.986736;0.066368;0.001952;84;7;-70;1
870206698;0.984784;0.067343992;0.000976;63;-21;-49;1
870219039;0.98576;0.064416;-0.00488;35;-42;-35;1
870244359;0.986736;0.05856;-0.012688;42;-42;-14;1
870262327;0.981856;0.051728;-0.018544;-21;-14;-21;1
870274096;0.986736;0.052704;-0.017568;14;7;-28;1
870285202;0.98576;0.05368;-0.012688;14;21;-42;1
870299266;0.981856;0.056608;-0.002928;49;35;-56;1
870312851;0.983808;0.056608;0.000976;84;35;-56;1
870334909;0.98576;0.061488;0.0;42;14;-63;1
870345853;0.981856;0.062464;0.003904;70;-7;-49;1
870360758;0.982831936;0.061488;-0.002928;49;-35;-35;1
870373435;0.983808;0.063439992;-0.00976;21;-35;-21;1
870387921;0.980879936;0.055632;-0.01464;-7;-21;-;-10.606088;38.43849;101452.47;1.9070616
870399281;0.984784;0.0488;-0.020496;21;-7;-14;1
870430890;0.98576;0.054656;-0.006832;7;42;-49;1
870446410;0.981856;0.051728;-0.001952;49;49;-49;1
870475267;0.983808;0.055632;0.00488;77;-7;-56;1
870494847;0.984784;0.061488;-0.002928;98;-35;-49;1
870512497;0.98576;0.059536;-0.013664;28;-42;-49;1
870522984;0.984784;0.059536;-0.016592;21;-28;-42;1
870533957;0.98576;0.060512;-0.015616;28;-14;-35;1
870544767;0.98576;0.059536;-0.01464;21;0;-35;1
870557802;0.984784;0.05856;-0.007808;7;28;-28;1
870575541;0.98576;0.060512;-0.00488;7;28;-35;1
870586596;0.982831936;0.052704;0.0;-7;21;-42;1
870607319;0.984784;0.05368;0.003904;91;0;-49;1
870618072;0.982831936;0.060512;0.001952;98;-21;-56;1
870631060;0.983808;0.05856;-0.003904;56;-49;-56;1
870641758;0.982831936;0.062464;-0.00976;105;-42;-42;1
870658074;0.98576;0.059536;-0.011712;98;-42;-42;1
870668705;0.981856;0.060512;-0.016592;56;-7;-49;1
870688123;0.981856;0.055632;-0.016592;49;14;-35;1
870699544;0.98576;0.054656;-0.010736;0;35;-28;1
870741579;0.984784;0.054656;0.00488;70;-7;-28;1
870755100;0.98771196;0.05368;-0.000976;28;-28;-35;1
870771232;0.983808;0.055632;-0.00976;63;-42;-42;1
870794960;0.98576;0.055632;-0.016592;77;-21;-49;1
870808781;0.98576;0.060512;-0.017568;42;-7;-56;1
870824849;0.986736;0.064416;-0.016592;7;28;-35;1
870836017;0.984784;0.060512;-0.00976;-35;42;-28;1
870856778;0.983808;0.060512;0.0;-35;35;-21;1
870868144;0.984784;0.057584;0.00488;-21;21;-14;1
870884866;0.983808;0.05368;0.000976;-7;-14;-14;1
870896131;0.980879936;0.050752;-0.005856;-7;-28;-21;1
870914849;0.986736;0.052704;-0.01464;42;-21;-35;1
870925900;0.983808;0.0@20000101_000006_898573_accel_adxl375.csv@870928836;1.7639999;0.294;-0.049;1
870944883;0.984784;0.054656;-0.008784;56;21;-49;1
870970773;0.984784;0.062464;-0.000976;49;21;-56;1
870981813;0.980879936;0.063439992;-0.002928;77;14;-42;1
870995653;0.981856;0.064416;-0.001952;42;7;-35;1
871008981;0.983808;0.062464;-0.002928;-7;-7;-42;1
871021030;0.986736;0.056608;-0.005856;0;-14;-35;1
871032060;0.98576;0.051728;-0.007808;35;-14;-21;2
871045006;0.986736;0.054656;-0.00976;7;-14;-42;1
871064858;0.980879936;0.051728;-0.00976;84;7;-49;1
871076092;0.980879936;0.051728;-0.00976;126;7;-49;1
871089667;0.983808;0.00573_imu_bno055.csv@871092936;335.5625;7550;17100;0.9513953;-0.04078865;-0.24677134
871099941;0.982831936;0.055632;-0.005856;77;0;-84;1
871111175;0.979904;0.061488;-0.003904;77;0;-84;1
871122052;0.983808;0.062464;-0.001952;133;-14;-63;1
871144461;0.983808;0.064416;-0.002928;42;-21;-56;1
871154864;0.981856;0.062464;-0.005856;35;-28;-49;1
871165970;0.981856;0.056608;-0.00976;56;-28;-35;1
871185427;0.983808;0.01accel_adxl375.csv@871186536;1.7639999;0.196;-0.049;1
871204935;0.982831936;0.051728;-0.008784;91;-21;-70;1
871251594;0.981856;0.059536;-0.007808;98;0;-84;1
871265375;0.982831936;0.069296;-0.006832;77;-7;-56;1
871279156;0.980879936;0.070272;-0.005856;91;0;-35;1
871290830;0.98576;0.069296;-0.005856;35;-7;-21;1
871314857;0.98576;0.054656;-0.008784;14;-14;-7;1
871325999;0.98576;0.046848;-0.00976;28;-21;-7;1
871336816;0.982831936;0.040992;-0.006832;14;-14;-35;1
871348643;0.983808;0.045872;-0.007808;14;-7;-63;1
871364877;0.981856;0.052704;-0.005856;126;-14;-70;1
871378011;0.979904;0.061488;-0.00488;168;-14;-70;1
871389148;0.984784;0.06832;-0.010736;126;-14;-77;1
871404870;0.982831936;0.072224;-0.011712;91;-7;-42;1
871421765;0.986736;0.071247992;-0.01464;91;-7;-14;1
871444991;0.983808;0.060512;-0.007808;-91;21;7;1
871464946;0.98576;0.045872;-0.005856;-63;14;14;1
871477693;0.983808;0.041968;-0.00488;-28;14;-7;1
871495503;0.98576;0.049776;-0.00488;14;7;-42;1
871510632;0.984784;0.05368;-0.005856;42;0;-49;1
871523943;0.982831936;0.054656;-0.00488;98;0;-49;1
871534814;0.982831936;0.062464;-0.005856;63;-7;-70;1
871546368;0.983808;0.065392;-0.010736;35;-7;-56;1
871564860;0.984784;0.067343992;-0.00976;21;-7;-42;1
871584875;0.983808;0.064416;-0.010736;-21;7;-7;1
871597056;0.984784;0.061488;-0.013664;-91;14;0;1
871614813;0.986736;0.055632;-0.010736;-98;21;0;1
871634965;0.982831936;0.047824;-0.005856;-77;28;-7;1
871648375;0.982831936;0.047824;-0.001952;-28;21;-42;1
871665258;0.982831936;0.050752;0.001952;77;7;-49;1
871684898;0.981856;0.05368;0.001952;84;-28;-77;1
871697120;0.983808;0.061488;-0.011712;112;-35;-70;1
871714820;0.98576;0.063439992;-0.015616;105;-21;-63;1
871726308;0.986736;0.06832;-0.01952;49;14;-42;1
871736913;0.984784;0.06832;-0.013664;-14;28;-21;1
871780511;0.983808;0.049776;0.005856;-91;28;0;1
871800957;0.982831936;0.045872;0.010736;28;-14;-21;1
871814951;0.984784;0.044896;0.005856;56;-35;-42;1
871839921;0.982831936;0.055632;-0.010736;224;-63;-84;1
871853823;0.986736;0.059536;-0.021472;224;-56;-84;1
871872144;0.98576;0.070272;-0.0244;154;7;-63;1
871883093;0.986736;0.075151992;-0.022448;63;28;-49;1
871896008;0.984784;0.075151992;-0.015616;-21;56;-28;1
871910251;0.98576;0.066368;0.000976;-105;63;14;1
871920750;0.981856;0.060512;0.008784;-119;42;21;1
871932126;0.984784;0.04392;0.012688;-98;7;21;1
871947932;0.980879936;0.03416;0.006832;0;-49;-21;1
871961872;0.982831936;0.03416;-0.001952;98;-70;-42;1
871976338;0.983808;0.036112;-0.012688;189;-77;-77;1
871988007;0.98576;0.05368;-0.026352;231;-63;-112;1
871998753;0.983808;0.069296;-0.027328;203;-7;-133;1
872013266;0.984784;0.075151992;-0.023424;161;21;-112;1
872037658;0.982831936;0.081984;-0.011712;28;56;-56;1
872049655;0.984784;0.0732;0.000976;-63;49;14;1
872061036;0.980879936;0.063439992;0.003904;-84;35;35;1
872072565;0.981856;0.054656;0.007808;-140;14;35;1
872096321;0.979904;0.037088;0.0;-147;-28;0;1
872116679;0.98576;0.038064;-0.00488;70;-49;-56;1
872130161;0.984784;0.050752;-0.018544;182;-42;-105;1
872142033;0.983808;0.056608;-0.022448;238;-21;-112;1
872153471;0.981856;0.061488;-0.026352;238;0;-105;1
872163858;0.984784;0.06832;-0.022448;224;35;-98;1
872177490;0.983808;0.075151992;-0.017568;147;63;-91;1
872196255;0.98576;0.085888;0.001952;-70;70;-42;1
872216477;0.984784;0.0732;0.013664;-196;14;42;1
872229242;0.982831936;0.055632;0.00976;-203;-14;63;1
872241222;0.982831936;0.037088;-0.003904;-63;-63;42;1
872278187;0.983808;0.035136;-0.026352;112;-14;-56;1
872303018;0.983808;0.065392;-0.007808;203;42;-119;1
872325053;0.98576;0.07808;0.0;140;35;-56;1
872339187;0.982831936;0.075151992;0.003904;35;14;-35;1
872354912;0.983808;0.065392;0.003904;-14;-14;21;1
872369670;0.982831936;0.061488;-0.002928;-42;-28;21;1
872384823;0.984784;0.0@99;0.244999984;-0.098;1
872400441;0.98576;0.0488;-0.012688;-175;-35;7;1
872416355;0.98576;0.038064;-0.015616;28;-14;-14;1
872429114;0.988688;0.037088;-0.017568;105;0;-42;1
872440015;0.983808;0.044896;-0.016592;175;21;-77;1
872451352;0.981856;0.055632;-0.006832;203;35;-105;1
872475808;0.984784;0.070272;0.002928;77;28;-98;1
872498982;0.983808;0.07808;0.0;7;-7;-49;1
872516564;0.979904;0.06832;-0.005856;7;-42;28;1
872532790;0.984784;0.04392;-0.01952;-133;-35;14;1
872544273;0.983808;0.040016;-0.026352;-28;-7;0;1
872556464;0.983808;0.038064;-0.021472;49;14;-28;1
872566711;0.983808;0.040992;-0.018544;35;42;-70;1
872578104;0.98771196;0.04392;-0.00976;70;63;-105;1
872596336;0.983808;0.059536;0.005856;105;49;-112;1
872617081;0.984784;0.067343992;0.011712;217;0;-77;1
872632459;0.983808;0.071247992;0.005856;168;-35;-70;1
872652100;0.981856;0.074176;-0.01517112;0.9513953;-0.025492906;-0.24575162
872664803;0.983808;0.069296;-0.027328;-49;-35;0;1
872680871;0.984784;0.065392;-0.025376;-91;-7;7;1
872696719;0.982831936;0.055632;-0.01952;-84;49;14;1
872716540;0.984784;0.041968;-0.003904;-21;70;0;1
872729924;0.979904;0.03416;0.005856;0;70;-35;1
872747973;0.97892796;0.046848;0.01464;147;14;-98;1
872785377;0.983808;0.076128;-0.017568;140;-84;-70;1
872802817;0.98576;0.081008;-0.028304;98;-63;-35;1
872827152;0.98576;0.06832;-0.02928;-147;56;35;1
872843656;0.98771196;0.057584;-0.01464;-217;91;42;1
872857967;0.982831936;0.044896;0.012688;-238;91;35;1
872868781;0.98576;0.03416;0.021472;-126;70;14;1
872888195;0.982831936;0.031232;0.023424;70;-28;-56;1
872898811;0.98576;0.038064;0.008784;175;-77;-91;1
872917025;0.981856;0.055632;-0.015616;308;-98;-112;1
872927945;0.981856;0.067343992;-0.027328;273;-84;-119;1
872940857;0.98576;0.076128;-0.03416;175;-49;-112;1
872952716;0.984784;0.083936;-0.037088;91;-7;-84;1
872971258;0.984784;0.077104;-0.01952;-35;77;-14;1
872982099;0.982831936;0.070272;-0.008784;-154;91;7;1
872993902;0.981856;0.064416;0.002928;-231;98;21;1
873014818;0.982831936;0.045872;0.020496;-112;42;35;1
873026008;0.983808;0.033184;0.01464;-42;-42;-28;1
873038474;0.982831936;0.036112;0.008784;49;-77;-56;1
873051214;0.981856;0.03904;-0.003904;168;-91;-77;1
873074886;0.98771196;0.049776;-0.022448;308;-77;-126;1
873094985;0.982831936;0.074176;-0.031232;245;-14;-133;1
873106010;0.983808;0.081984;-0.028304;210;35;-105;1
873124839;0.983808;0.083936;-0.006832;-56;84;-42;1
873135944;0.983808;0.080032;0.001952;-126;77;-7;1
873148727;0.982831936;0.057584;0.01464;-147;28;42;1
873173710;0.981856;0.042944;0.010736;-77;-42;28;1
873185063;0.983808;0.032208;0.0;-7;-70;0;1
873196456;0.982831936;0.031232;-0.006832;42;-84;-28;1
873207602;0.984784;0.03904;-0.020496;175;-56;-98;1
873219261;0.984784;0.049776;-0.023424;245;-28;-119;1
873233388;0.986736;0.062464;-0.022448;259;0;-119;1
873244784;0.98576;0.074176;-0.018544;189;21;-119;1
873257193;0.981856;0.083936;-0.010736;147;42;-98;1
873291865;0.980879936;0.069296;0.005856;-154;28;35;2
873309016;0.983808;0.047824;0.005856;-147;-14;49;1
873335793;0.983808;0.035136;-0.003904;-84;-49;0;1
873353126;0.98576;0.03416;-0.020496;119;-35;-49;1
873377599;0.984784;0.044896;-0.021472;182;0;-112;1
873396486;0.980879936;0.067343992;-0.012688;203;42;-126;1
873408607;0.980879936;0.082959992;0.0;63;49;-84;1
873423652;0.983808;0.085888;0.005856;0;28;-42;1
873436197;0.982831936;0.077104;0.0;-49;7;0;1
873447353;0.981856;0.069296;0.0;-84;-14;28;1
873459726;0.984784;0.0@20000101_000006_898573_accel_adxl375.csv@873470052;1.813;0.294;-0.049;1
873477069;0.983808;0.042944;-0.011712;-98;-21;28;1
873492092;0.979904;0.05;1
873504090;0.983808;0.035136;-0.008784;35;7;-70;1
873526542;0.980879936;0.045872;-0.005856;203;14;-112;1
873540785;0.982831936;0.067343992;-0.00488;259;7;-126;1
873553755;0.980879936;0.074176;-0.00488;238;0;-112;1
873564887;0.982831936;0.079055992;-0.001952;168;0;-98;1
873579632;0.982831936;0.077104;-0.00488;-21;-21;-35;1
873591110;0.98576;0.084@20000101_000006_898573_imu_bno055.csv@873601236;335.875;7543;17112;0.952415;-0.017335176;-0.2447319
873602998;0.982831936;0.072224;-0.011712;-119;-35;35;1
873613738;0.980879936;0.056608;-0.015616;-154;-28;49;1
873631246;0.984784;0.03416;-0.015616;-77;0;35;1
873642025;0.980879936;0.031232;-0.016592;-7;14;0;1
873656055;0.981856;0.03416;-0.012688;28;28;-42;1
873666870;0.982831936;0.036112;-0.006832;70;35;-84;1
873681821;0.981856;0.05368;0.003904;196;35;-112;1
873704892;0.980879936;0.071247992;0.00488;210;-21;-119;1
873716327;0.98576;0.080032;0.000976;217;-42;-84;1
873728517;0.983808;0.082959992;-0.008784;175;-49;-49;1
873738995;0.982831936;0.082959992;-0.017568;63;-56;-21;1
873749798;0.983808;0.076128;-0.020496;-42;-49;7;1
873790673;0.98771196;0.04392;-0.015616;-168;63;21;1
873809968;0.97892796;0.03904;0.002928;-49;63;-21;1
873822886;0.980879936;0.040992;0.008784;98;14;-70;1
873834078;0.982831936;0.047824;0.006832;154;-14;-98;1
873846019;0.984784;0.055632;0.002928;203;-42;-105;1
873856858;0.981856;0.063439992;-0.001952;245;-49;-98;1
873867906;0.983808;0.067343992;-0.011712;210;-56;-91;1
873885263;0.984784;0.079055992;-0.022448;35;-35;-70;1
873896451;0.982831936;0.077104;-0.022448;7;-7;-28;1
873915639;0.98576;0.061488;-0.01464;-105;42;14;1
873928049;0.98576;0.052704;-0.011712;-140;56;14;1
873939009;0.980879936;0.047824;-0.001952;-133;56;14;1
873950037;0.982831936;0.042944;0.001952;-98;49;7;1
873961297;0.982831936;0.040992;0.006832;-56;35;-28;1
873973018;0.981856;0.045872;0.008784;98;-7;-63;1
873984030;0.981856;0.051728;0.000976;147;-42;-77;1
873996989;0.980879936;0.057584;-0.001952;182;-56;-84;1
874016367;0.983808;0.067343992;-0.017568;168;-49;-84;1
874031372;0.984784;0.071247992;-0.018544;112;-35;-77;1
874045230;0.986736;0.0732;-0.015616;42;0;-42;1
874057264;0.983808;0.0732;-0.011712;-7;21;-14;1
874074320;0.986736;0.062464;-0.00488;-98;35;14;1
874084788;0.983808;0.051728;-0.002928;-112;28;14;1
874103255;0.982831936;0.047824;0.0;-77;21;14;1
874115272;0.983808;0.047824;0.002928;7;-7;-21;1
874133128;0.982831936;0.0488;-0.000976;21;-14;-42;1
874144547;0.979904;0.054656;-0.005856;126;-35;-63;1
874158229;0.980879936;@20000101_000006_898573_imu_lsm6dso32.csv@874169911;0.982831936;0.059536;-0.016592;126;-28;-70;1
874194924;0.98576;0.070272;-0.015616;49;28;-42;1
874206977;0.984784;0.064416;-0.012688;0;35;-21;1
874225267;0.983808;0.060512;-0.002928;-105;35;0;1
874236100;0.983808;0.054656;0.0;-105;28;7;1
874247822;0.982831936;0.051728;0.002928;-63;21;0;1
874286747;0.98576;0.045872;-0.008784;63;-21;-49;1
874308023;0.982831936;0.05368;-0.010736;112;-7;-77;1
874319381;0.983808;0.05856;-0.00976;126;7;-84;1
874333119;0.983808;0.064416;-0.012688;91;14;-84;1
874349785;0.981856;0.071247992;-0.008784;70;35;-63;1
874364977;0.982831936;0.069296;-0.003904;28;28;-42;1
874376434;0.986736;0.062464;-0.003904;-49;14;-14;1
874387699;0.982831936;0.057584;-0.001952;-77;7;-7;1
874405481;0.983808;0.044896;-0.000976;-91;0;-7;1
874426968;0.986736;0.041968;-0.001952;14;-14;-49;1
874440076;0.983808;0.044896;-0.002928;56;-21;-70;1
874453232;0.983808;0.0488;-0.010736;140;-28;-84;1
874464010;0.982831936;0.049776;-0.011712;217;-21;-84;1
874476409;0.980879936;0.063439992;-0.013664;154;0;-98;1
874488519;0.983808;0.070272;-0.011712;98;7;-91;1
874499078;0.982831936;0.074176;-0.005856;77;7;-63;1
874514655;0.982831936;0.075151992;-0.00488;56;7;-42;1
874544322;0.983808;0.063439992;-0.003904;-42;-7;14;1
874560602;0.983808;0.045872;-0.008784;-35;-21;14;1
874576621;0.981856;0.044896;-0.008784;-35;-14;-7;1
874588896;0.983808;0.04392;-0.007808;91;-7;-56;1
874599875;0.98576;0.045872;-0.00976;112;-14;-70;1
874615394;0.981856;0.054656;-0.006832;119;-7;-84;1
874632076;0.98771196;0.064416;-0.008784;168;-7;-70;1
874643703;0.986736;0.067343992;-0.006832;133;-7;-70;1
874672632;0.981856;0.06832;-0.007808;-7;14;-14;1
874701018;0.983808;0.056608;-0.005856;-112;0;14;1
874712582;0.984784;0.0488;-0.006832;-77;7;14;1
874723925;0.98771196;0@20000101_000006_898573_imu_bno055.csv@874728780;336.0625;7531;17112;0.9483361;-0.046906948;-0.247791052
874735209;0.982831936;0.04392;-0.006832;-28;7;-21;1
874765161;0.982831936;0.054656;-0.010736;98;14;-70;1
874780553;0.980879936;0.064416;-0.007808;63;21;-77;1
874793035;0.982831936;0.06832;-0.005856;77;28;-63;1
874803998;0.983808;0.069296;-0.00488;56;14;-49;1
874816322;0.981856;0.067343992;-0.002928;21;0;-42;1
874827670;0.984784;0.065392;-0.003904;-7;-7;-28;1
874839067;0.980879936;0.057584;-0.008784;-28;0;-7;1
874851614;0.982831936;0.056608;-0.00976;-49;-7;0;1
874874918;0.981856;0.049776;-0.011712;-21;0;-21;1
874888924;0.983808;0.050752;-0.010736;7;14;-28;1
874904896;0.980879936;0.05368;-0.007808;7;28;-49;1
874916282;0.984784;0.056608;-0.002928;42;21;-56;1
874940125;0.983808;0.061488;-0.001952;56;-14;-56;1
874950970;0.984784;0.067343992;-0.001952;63;-14;-49;1
874963028;0.983808;0.063439992;-0.00488;56;-21;-35;1
874973967;0.982831936;0.062464;-0.006832;21;-28;-21;1
875014880;0.982831936;0.054656;-0.011712;49;0;-14;1
875034940;0.983808;0.0488;-0.007808;14;0;-42;1
875050559;0.986736;0.05368;-0.002928;77;0;-49;1
875061521;0.982831936;0.054656;-0.003904;98;0;-63;1
875072937;0.984784;0.05856;-0.001952;98;-7;-63;1
875094809;0.984784;0.066368;-0.007808;119;-21;-49;1
875107005;0.983808;0.063439992;-0.010736;70;-21;-35;1
875124151;0.984784;0.062464;-0.01464;14;0;-21;1
875134890;0.984784;0.055632;-0.016592;-7;14;-21;1
875145947;0.98576;0.059536;-0.011712;-28;21;-21;1
875162147;0.98771196;0.049776;-0.007808;14;21;-28;1
875184835;0.98576;0.049776;-0.00488;21;14;-49;1
875196127;0.983808;0.050752;-0.001952;49;7;-56;1
875214932;0.982831936;0.05856;-0.003904;105;0;-63;1
875225997;0.986736;0.059536;-0.00976;91;-7;-70;1
875236832;0.982831936;0.062464;-0.00976;77;-7;-63;1
875249587;0.98576;0.067343992;-0.012688;56;0;-63;1
875291048;0.991616;0.0820000101_000006_898573_accel_adxl375.csv@875292687;1.7639999;0.244999984;-0.049;1
875302422;0.984784;0.057584;-0.00488;-56;42;-14;1
875314542;0.984784;0.049776;0.000976;-35;35;-14;1
875334874;0.982831936;0.052704;0.0;-21;7;-35;1
875345971;0.980879936;0.054656;0.001952;14;0;-42;1
875365522;0.980879936;0.055632;-0.005856;105;-14;-63;1
875384949;0.984784;0.063439992;-0.00976;77;-7;-63;1
875401338;0.984784;0.063439992;-0.00976;98;0;-49;1
875418525;0.980879936;064416;-0.005856;-7;7;-35;1
875430510;0.984784;0.061488;-0.005856;-28;14;-28;1
875440816;0.98576;0.062464;-0.008784;0;14;-7;1
875453290;0.980879936;0.055632;-0.000976;-49;0;-7;1
875464022;0.984784;0.052704;-0.000976;-42;-7;-14;1
875479544;0.982831936;0.049776;0.0;0;-21;-14;1
875493700;0.983808;0.0-35;1
875505037;0.984784;0.047824;-0.00976;84;-21;-56;1
875518967;0.983808;0.05368;-0.00976;91;-21;-63;1
875532659;0.98576;0.055632;-0.010736;119;-14;-70;1
875548825;0.983808;0.061488;-0.011712;105;0;-63;1
875563965;0.982831936;0.064416;-0.003904;77;14;-49;1
875575312;0.981856;0.063439992;-0.00488;56;14;-35;1
875585863;0.98771196;0.063439992;-0.003904;21;7;-35;1
875604827;0.982831936;0.057584;-0.00488;-14;-7;-21;1
875616161;0.981856;0.051728;-0.006832;0;-7;-21;1
875626944;0.986736;0.052704;-0.006832;14;-7;-28;1
875639259;0.983808;0.051728;-0.007808;7;-7;-35;1
875650192;0.982831936;0.049776;-0.011712;21;-14;-49;1
875664748;0.982831936;0.052704;-0.012688;77;7;-70;1
875675973;0.98576;0.054656;-0.008784;84;14;-77;1
875695302;0.98576;0.064416;-0.003904;84;21;-77;1
875709088;0.981856;0.066368;-0.003904;56;14;-63;1
875720047;0.98576;0.064416;-0.00488;21;14;-49;1
875734347;0.986736;0.059536;-0.002928;-7;7;-42;1
875745076;0.982831936;0.061488;-0.001952;-14;7;-35;1
875782372;0.980879936;0.050752;-0.011712;7;-7;-35;1
875794331;0.984784;0.051728;-0.011712;28;7;-42;1
875810419;0.983808;0.054656;-0.00976;49;7;-63;1
875821562;0.981856;0.059536;-0.008784;77;14;-70;1
875834750;0.983808;0.061488;-0.00488;98;14;-63;1
875846025;0.980879936;0.066368;-0.000976;49;7;-56;1
875857727;0.984784;0.064416;0.0;63;0;-42;1
875869138;0.984784;0.064416;-0.001952;63;-14;-28;1
875880198;0.980879936;0.064416;-0.002928;21;-28;-21;1
875896326;0.984784;0.057584;-0.003904;0;-21;-7;1
875909335;0.982831936;0.05856;-0.007808;-21;-21;-14;1
875928937;0.983808;0.054656;-0.008784;49;-21;-28;1
875940026;0.982831936;0.052704;-0.010736;70;-21;-28;1
875953447;0.983808;0.052704;-0.010736;56;-7;-35;1
875964462;0.984784;0.0488;-0.007808;70;0;-42;1
875976137;0.983808;0.05368;-0.006832;77;0;-49;1
875988732;0.981856;0.059536;-0.005856;91;-14;-56;1
876001953;0.984784;0.061488;-0.00488;105;-14;-49;1
876024834;0.984784;0.065392;-0.007808;14;-14;-35;1
876037301;0.983808;0.063439992;-0.011712;14;-14;-14;1
876047892;0.984784;0.059536;-0.013664;-28;-14;-7;1
876058975;0.979904;0.065.csv@876060081;1.7639999;0.244999984;-0.098;1
876069775;0.98576;0.050752;-0.013664;7;14;-21;1
876082374;0.98576;0.050752;-0.011712;14;21;-28;1
876092981;0.984784;0.0;101_00006_898573_accel_adxl375.csv@876094097;1.7639999;0.294;-0.098;1
876104311;0.98576;0.047824;-0.00488;28;21;-49;1
876125295;0.983808;0.056608;-0.00488;77;14;-70;1
876138576;0.98576;0.062464;-0.001952;105;7;-70;1
876148990;0.982831936;0.064416;-0.006832;77;0;-63;1
876171546;0.986736;0.064416;-0.011712;14;7;-49;1
876182036;0.98576;0.066368;-0.012688;-21;14;-35;1
876192994;0.982831936;@20000101_000006_898573_imu_bno055.csv@876199305;336.25;7531;17118;0.952415;-0.030591488;-0.2508502
876205165;0.983808;0.05856;-0.007808;-28;28;-28;1
876266492;0.98576;0.054656;-0.000976;21;14;-56;1
876279985;0.982831936;0.059536;-0.00488;91;-7;-70;1
876294886;0.984784;0.059536;-0.001952;98;-14;-63;1
876306196;0.983808;0.063439992;-0.006832;98;-14;-49;1
876328164;0.983808;0.063439992;-0.010736;70;-14;-42;1
876339540;0.980879936;0.061488;-0.012688;14;0;-28;1
876349863;0.982831936;0.060512;-0.006832;-14;7;-21;1
876372741;0.986736;0.055632;-0.001952;-7;0;-14;1
876388387;0.983808;0.05368;-0.000976;28;-7;-14;1
876408142;0.98771196;0.050752;-0.000976;49;-21;-28;1
876419363;0.983808;0.051728;-0.00488;77;-21;-35;1
876430401;0.983808;0.056608;-0.00488;91;-28;-63;1
876442019;0.983808;0.059536;-0.00488;119;-21;-63;1
876454470;0.981856;0.0900006_898573_imu_bno055.csv@876460467;336.3125;7531;17125;0.94935584;-0.036709784;-0.24677134
876467744;0.981856;0.06832;-0.010736;77;-21;-56;1
876498195;0.982831936;0.063439992;-0.012688;21;-7;-21;1
876518443;0.983808;0.059536;-0.013664;-7;7;-21;1
876529754;0.983808;0.056608;-0.007808;-14;14;-28;1
876541145;0.986736;0.05368;-0.00488;7;0;-28;1
876558058;0.983808;0.052704;-0.007808;28;-7;-35;1
876585229;0.98576;0.054656;-0.006832;98;7;-56;1
876605098;0.982831936;0.059536;-0.008784;35;7;-70;1
876617347;0.98576;0.063439992;-0.007808;42;14;-63;1
876636446;0.98576;0.063439992;-0.00488;7;21;-42;1
876649450;0.986736;0.061488;-0.003904;0;21;-42;1
876659975;0.981856;0.0@20000101_000006_898573_imu_bno055.csv@876662842;336.3125;7531;17125;0.9513953;-0.031611204;-0.24677134
876671181;0.981856;0.056608;-0.00488;-28;14;-21;1
876699100;0.981856;0.055632;-0.003904;-14;14;-35;1
876710539;0.980879936;0.056608;0.0;7;14;-42;1
876721069;0.983808;0.054656;-0.001952;28;-7;-42;1
876735897;0.983808;0.059536;-0.006832;70;-7;-49;1
876799005;0.980879936;0.062464;-0.006832;-21;0;-28;1
876811496;0.980879936;0.061488;-0.007808;-14;7;-28;1
876822144;0.983808;0.05856;-0.001952;28;0;-14;1
876833545;0.98576;0.05368;-0.001952;14;-28;-14;1
876846124;0.984784;0.052704;-0.00488;21;-28;-21;1
876856960;0.983808;0.052704;-0.007808;35;-28;-28;1
876869617;0.982831936;0.052704;-0.007808;35;-28;-35;1
876899272;0.983808;0.05856;-0.00976;105;-14;-49;1
876909878;0.984784;0.05856;-0.00976;98;-14;-49;1
876922170;0.984784;0.061488;-0.011712;84;-7;-49;1
876933545;0.984784;0.060512;-0.007808;70;0;-42;1
876945174;0.986736;0.05856;-0.008784;35;0;-35;1
876956863;0.98576;0.057584;-0.007808;42;0;-28;1
876972730;0.983808;0.062464;-0.006832;21;0;-28;1
876986513;0.984784;0.057584;-0.007808;7;7;-28;1
877015533;0.98771196;0.05368;-0.007808;49;-7;-35;1
877034885;0.983808;0.05856;-0.010736;28;7;-56;1
877048317;0.983808;0.057584;-0.00976;7;14;-56;1
877064921;0.983808;0.059536;-0.005856;35;21;-49;1
877084925;0.981856;0.062464;-0.006832;0;7;-49;1
877096637;0.984784;0.065392;-0.00488;35;21;-35;1
877129020;0.980879936;0.054656;-0.003904;-42;14;-35;1
877139900;0.981856;0.052704;-0.003904;-21;7;-35;1
877154496;0.986736;0.05856;-0.005856;0;14;-42;1
877166804;0.981856;0.060512;-0.003904;7;7;-42;1
877178009;0.98576;0.057584;-0.005856;-7;7;-42;1
877194831;0.981856;0.055632;-0.005856;28;7;-35;1
877207907;0.984784;0.057584;-0.00976;35;7;-49;1
877245989;0.984784;0.062464;-0.001952;35;14;-28;1
877259097;0.982831936;@20000101_000006_898573_accel_adxl375.csv@877262891;1.7639999;0.294;-0.049;1
877272302;0.984784;0.057584;-0.00488;28;-7;-14;1
877293640;0.984784;0.056608;-0.00488;14;-14;-14;1
877314967;0.982831936;0.054656;-0.010736;7;-21;-14;1
877334959;0.982831936;0.055632;-0.008784;35;-7;-21;1
877349270;0.982831936;0.055632;-0.005856;63;0;-42;1
877366687;0.981856;0.056608;-0.00488;84;0;-35;1
877384984;0.986736;0.057584;-0.005856;63;-21;-42;1
877399134;0.983808;0.063439992;-0.00488;70;-7;-42;1
877415201;0.981856;0.05856;-0.005856;98;-14;-35;1
877435002;0.984784;0.059536;-0.01464;0;-14;-35;1
877450417;0.98576;0.05368;-0.017568;14;14;-28;1
877486559;0.986736;0.05368;-0.00488;28;28;-49;1
877497866;0.981856;0.05368;-0.000976;14;21;-49;1
877512968;0.98576;0.05856;-0.000976;56;7;-56;2
877534930;0.984784;0.05856;-0.003904;56;-14;-70;1
877548632;0.98576;0.065392;-0.01464;77;-14;-56;1
877562437;0.98771196;0.063439992;-0.01464;7;-7;-49;1
877573900;0.984784;0.061488;-0.011712;-28;14;-49;1
877586419;0.984784;0.059536;-0.012688;0;28;-35;1
877598880;0.983808;0.059536;-0.007808;-7;35;-42;1
877611211;0.982831936;0.057584;-0.003904;14;35;-35;1
877634927;0.983808;0.05856;0.0;-28;35;-42;1
877649027;0.982831936;0.057584;0.000976;-35;21;-42;1
877676208;0.98576;0.057584;-0.002928;28;-14;-35;1
877688445;0.98576;0.05856;-0.001952;28;-7;-35;1
877704868;0.984784;0.059536;-0.007808;35;-14;-28;1
877724947;0.980879936;0.05856;-0.008784;63;-14;-28;1
877739097;0.981856;0.059536;-0.00976;28;0;-35;1
877749900;0.984784;0.057584;-0.008784;14;21;-21;1
877788025;0.982831936;0.05368;-0.000976;-56;7;-14;1
877803537;0.979904;0.052704;0.006832;56;-7;-7;1
877815808;0.98576;0.051728;0.005856;35;-28;-14;1
877835171;0.98576;0.052704;-0.006832;63;-63;-28;1
877849494;0.984784;0.05368;-0.015616;112;-56;-35;1
877870557;0.983808;0.056608;-0.012688;70;-14;-56;1
877882141;0.982831936;0.059536;-0.011712;77;-7;-42;1
877906086;0.984784;0.056608;-0.011712;56;28;-49;1
877917446;0.984784;0.05856;0.0;7;42;-56;1
877934944;0.984784;0.057584;0.005856;56;7;-42;1
877949728;0.986736;0.052704;0.003904;35;-21;-35;1
877963166;0.984784;0.05368;-0.007808;63;-14;-49;1
877974471;0.982831936;0.051728;-0.006832;105;-14;-56;1
877985056;0.979904;0.049776;-0.00976;84;-21;-70;1
878001772;0.982831936;0.05368;-0.015616;112;-14;-84;1
878012850;0.986736;0.055632;-0.012688;105;14;-91;1
878034901;0.98771196;0.061488;-0.003904;112;35;-84;1
878048729;0.98576;0.066368;0.0;98;21;-70;1
878062951;0.982831936;0.065392;-0.007808;7;7;-49;1
878075580;0.98576;0.066368;-0.006832;14;14;-35;1
878085742;0.982831936;0.064416;0.001952;0;14;-28;1
878100926;0.981856;0.065392;0.001952;-49;0;-21;1
878112066;0.983808;0.059536;0.000976;-56;-21;-7;1
878135850;0.98576;0.049776;-0.008784;7;-7;-7;1
878159750;0.983808;0.051728;-0.006832;28;-14;-42;1
878181968;0.984784;0.05368;-0.00976;70;0;-49;1
878193266;0.986736;0.057584;-0.001952;84;21;-56;1
878203961;0.982831936;0.062464;0.000976;119;14;-56;1
878221162;0.981856;0.067343992;-0.001952;140;-7;-49;1
878317666;0.983808;0.04392;-0.002928;28;7;-21;1
878329850;0.981856;0.046848;0.0;77;-14;-42;1
878341170;0.981856;0.045872;-0.000976;112;-28;-56;1
878355008;0.986736;0.054656;-0.006832;119;-14;-77;1
878366118;0.980879936;0.059536;-0.005856;84;-7;-84;1
878376815;0.98576;0.064416;-0.003904;56;-14;-84;1
878388458;0.98576;0.067343992;-0.011712;77;-14;-63;1
878404372;0.98771196;0.067343992;-0.013664;91;-7;-49;1
878427153;0.981856;0.056608;-0.005856;-49;35;-14;1
878438100;0.983808;0.047824;-0.003904;-42;35;-14;1
878450076;0.984784;0.044896;-0.000976;-63;21;-28;1
878460783;0.983808;0.04392;-0.001952;-42;21;-49;1
878477900;0.981856;0.0488;0.007808;91;21;-77;1
878489064;0.981856;0.055632;0.005856;119;-14;-84;1
878524841;0.98576;0.065392;-0.016592;196;-21;-91;1
878536992;0.984784;0.070272;-0.016592;77;14;-84;1
878548058;0.983808;0.074176;-0.013664;21;35;-63;1
878558962;0.98576;0.072224;-0.008784;7;35;-28;1
878573178;0.98576;0.070272;-0.006832;-35;35;-14;1
878583826;0.983808;0.065392;0.0;-126;49;-7;1
878597268;0.982831936;0.057584;0.007808;-21;28;14;1
878608998;0.982831936;0.05368;0.007808;-56;0;14;1
878626383;0.982831936;0.047824;-0.002928;-56;-28;-14;1
878642272;0.984784;0.045872;0.001952;21;-21;-21;1
878657730;0.986736;0.050752;-0.00488;119;-56;-42;1
878669187;0.983808;0.05856;-0.013664;133;-63;-49;1
878682686;0.982831936;0.060512;-0.021472;119;-35;-42;1
878696759;0.983808;0.062464;-0.012688;49;14;-35;1
878708207;0.984784;0.06832;-0.006832;28;28;-35;1
878720193;0.983808;0.066368;-0.007808;7;21;-14;1
878732203;0.98576;0.069296;-0.007808;-28;14;7;1
878744152;0.984784;0.062464;-0.00488;-56;21;21;1
878758785;0.979904;0.00@20000101_000006_898573_accel_adxl375.csv@878768260;1.7639999;0.244999984;-0.049;1
878769878;0.982831936;0.04392;0.006832;-70;-14;7;1
878803569;0.98576;0.041968;-0.013664;63;-49;-42;1
878820664;0.983808;0.049776;-0.015616;119;0;-77;1
878835203;0.986736;0.052704;-0.012688;105;0;-84;1
878847994;0.983808;0.063439992;-0.011712;105;14;-98;1
878863867;0.982831936;0.067343992;-0.005856;98;35;-77;1
878897506;0.983808;0.060512;0.000976;0;-14;-35;1
878916443;0.983808;0.051728;-0.013664;-7;-21;-35;1
878928787;0.98576;0.047824;-0.010736;7;21;-56;1
878941159;0.98771196;0.051728;-0.011712;56;21;-70;1
878954781;0.983808;0.054656;-0.012688;105;21;-70;1
878974047;0.982831936;0.062464;-0.011712;42;70;-98;1
878985016;0.98576;0.067343992;0.001952;7;84;-91;1
879015233;0.984784;0.065392;0.007808;28;-21;-35;1
879037839;0.982831936;0.061488;-0.003904;-7;-35;-14;1
879050517;0.983808;0.056608;-0.013664;-63;-35;7;1
879060782;0.98576;0.05349;-35;0;1
879076661;0.982831936;0.0488;-0.027328;-35;-7;-14;1
879094816;0.982831936;0.047824;-0.007808;0;77;-42;1
879106984;0.980879936;0.055632;0.005856;49;84;-49;1
879126732;0.979904;0.059536;0.017568;63;-7;-49;1
879146627;0.984784;0.064416;0.007808;119;-49;-35;1
879172274;0.983808;0.060512;-0.01464;7;-105;-14;1
879198826;0.984784;0.0488;-0.031232;77;-35;-7;1
879210167;0.986736;0.051728;-0.025376;42;21;-28;1
879226436;0.983808;0.052704;-0.00488;14;56;-42;1
879237928;0.984784;0.050752;0.006832;56;35;-28;1
879263693;0.984784;0.05368;0.012688;112;-7;-70;1
879274434;0.981856;0.057584;0.011712;168;-42;-63;1
879298789;0.983808;0.054656;-0.010736;154;-112;-49;1
879336016;0.981856;0.055632;-0.031232;56;-49;-70;1
879353713;0.982831936;0.05856;-0.013664;-7;42;-63;1
879368958;0.982831936;0.05856;-0.008784;14;63;-56;1
879381197;0.983808;0.05368;-0.000976;14;84;-49;1
879399438;0.982831936;0.05856;0.012688;7;28;-70;1
879416795;0.984784;0.061488;-0.002928;56;-49;-63;1
879430056;0.98576;0.060512;-0.006832;49;-42;-56;1
879442203;0.983808;0.062464;-0.01464;35;-14;-63;1
879454612;0.981856;0.063439992;-0.016592;56;-21;-56;1
879465782;0.982831936;0.061488;-0.0244;91;-14;-42;1
879477906;0.98576;0.059536;-0.027328;63;28;-42;1
879496769;0.982831936;0.062464;-0.006832;-63;112;-56;1
879508595;0.982831936;0.065392;0.003904;-7;105;-21;1
879519929;0.981856;0.065392;0.010736;-14;70;-7;1
879534611;0.983808;0.061488;0.008784;-84;35;-7;1
879545509;0.981856;0.059536;0.00976;-49;28;7;1
879560054;0.981856;0.055632;0.011712;-63;0;14;1
879573376;0.98576;0.052704;-0.00488;-21;-84;0;1
879586880;0.98771196;0.056608;-0.01952;14;-77;0;1
879606008;0.986736;0.056608;-0.018544;21;14;-14;1
879639504;0.982831936;0.05368;-0.00976;7;28;-7;1
879650561;0.981856;0.056608;-0.001952;42;42;-14;1
879661446;0.980879936;0.062464;0.005856;-28;56;-28;1
879676376;0.979904;0.056608;0.01952;7;0;7;1
879688540;0.982831936;0.05368;0.012688;21;-63;21;1
879708281;0.983808;0.044896;-0.010736;63;-91;-14;1
879738917;0.983808;0.049776;-0.01952;42;-35;-56;1
879756142;0.983808;0.052704;-0.01952;77;7;-56;1
879767146;0.984784;0.056608;-0.012688;56;42;-70;1
879779992;0.982831936;0.055632;-0.003904;84;63;-77;1
879819749;0.982831936;0.05368;0.002928;98;-49;-70;1
879834222;0.98576;0.054656;-0.000976;70;-49;-84;1
879845413;0.98576;0.056608;-0.008784;140;-63;-77;1
879857737;0.981856;0.0;@20000101_000006_898573_airspeed_sdp810.csv@879859130;-250;0;3945
879870929;0.98771196;0.05856;-0.027328;98;-42;-77;1
879881812;0.98771196;0.059536;-0.02928;70;0;-77;1
879897709;0.981856;0.060512;-0.01464;77;70;-77;1
879914989;0.984784;0.061488;-0.008784;56;70;-70;1
879931199;0.98576;0.06832;0.000976;-56;63;-70;1
879942004;0.984784;0.065392;0.010736;-49;56;-56;1
879954239;0.983808;0.063439992;0.017568;21;35;-35;1
879980951;0.982831936;0.05856;-0.006832;0;-77;-21;1
880004894;0.982831936;0.054656;-0.0244;49;-42;-7;1
880024913;0.983808;0.056608;-0.022448;-14;21;-35;1
880038362;0.986736;0.069296;-0.018544;-49;63;-35;1
880048728;0.98576;0.065392;-0.006832;-56;91;-14;1
880060994;0.980879936;0.064416;0.007808;-35;98;7;1
880073293;0.980879936;0.064416;0.015616;-56;70;14;1
880086931;0.980879936;0.057584;0.00976;-119;-14;14;1
880104824;0.981856;0.054656;0.005856;-35;-35;28;1
880124901;0.979904;0.0_;1.7639999;0.294;-0.049;1
880138111;0.981856;0.051728;-0.015616;14;-77;-14;1
880148990;0.98576;0.050752;-0.027328;84;-49;-7;1
880184850;0.982831936;0.050752;-0.007808;7;56;-70;1
880204982;0.980879936;0.055632;0.008784;98;42;-70;1
880215935;0.983808;0.055632;0.012688;98;14;-63;1
880226809;0.983808;0.0;;-7;-63;1
880241710;0.984784;0.056608;0.006832;98;-77;-63;1
880254295;0.983808;0.05368;-0.003904;126;-112;-56;1
880266642;0.984784;0.047824;-0.018544;245;-105;-49;1
880277569;0.986736;0.049776;-0.030256;266;-63;-63;1
880308006;0.984784;0.057584;-0.01952;147;56;-84;1
880325252;0.981856;0.054656;-0.000976;35;56;-84;1
880342305;0.980879936;0.064416;0.012688;49;56;-98;1
880361573;0.98576;0.05856;0.017568;140;-42;-49;1
880371961;0.981856;0.057584;0.003904;84;-91;-70;1
880384130;0.980879936;0.059536;-0.012688;42;-98;-84;1
880404862;0.984784;0.060512;-0.028304;245;-35;-56;1
880426069;0.983808;0.06832;-0.027328;56;21;-77;1
880438723;0.98771196;0.069296;-0.027328;-112;56;-77;1
880451556;0.983808;0.074176;-0.00488;-63;119;-14;1
880462160;0.980879936;0.067343992;0.010736;-84;105;0;1
880484893;0.984784;0.067343992;0.01952;-133;28;14;1
880504990;0.982831936;0.057584;0.003904;-154;-49;49;1
880524981;0.981856;0.0@573_accel_adxl375.csv@880526047;1.7639999;0.294;-0.049;1
880537102;0.983808;0.0488;-0.018544;-49;-56;-7;1
880548281;0.983808;0.051728;-0.0244;-7;-42;-21;1
880561664;0.983808;0.05368;-0.022448;91;42;7;1
880574757;0.98771196;0.057584;-0.013664;-28;77;-21;1
880585961;0.982831936;0.062464;-0.005856;-119;77;-42;1
880604871;0.982831936;0.067343992;0.007808;49;56;14;1
880616036;0.982831936;0.060512;0.013664;21;35;35;1
880628965;0.986736;0.060512;0.012688;-140;14;28;1
880640166;0.983808;0.055632;0.010736;-231;-21;21;1
880650901;0.981856;0.040016;-0.002928;7;-70;42;1
880664770;0.98576;0.036112;-0.011712;63;-77;21;1
880677909;0.98771196;0.035136;-0.021472;49;-56;-28;1
880695002;0.984784;0.041968;-0.023424;91;7;-70;1
880716133;0.983808;0.047824;-0.011712;154;49;-98;1
880737323;0.982831936;0.05856;0.006832;175;56;-140;1
880750721;0.983808;0.067343992;0.012688;196;28;-126;1
880764784;0.982831936;0.063439992;0.012688;119;-42;-84;1
880785223;0.984784;0.00ael_adxl375.csv@880786245;1.7639999;0.294;-0.098;1
880804890;0.984784;0.055632;-0.021472;112;-70;-77;1
880837596;0.986736;0.049776;-0.01952;70;0;-91;1
880851732;0.986736;0.050752;-0.020496;70;35;-119;1
880867277;0.980879936;0.05856;0.001952;217;70;-105;1
880884914;0.983808;0.06006_898573_accel_adxl375.csv@880886003;1.813;0.244999984;0.0;1
880895869;0.983808;0.072224;0.011712;56;-14;-112;1
880914831;0.983808;0.0732;0.002928;238;-56;-35;1
880926596;0.98771196;0.070272;-0.006832;112;-56;-42;1
880937972;0.982831936;0.06832;-0.013664;-91;-63;-49;1
880948955;0.984784;0.06832;-0.021472;-63;-56;-21;1
880960569;0.983808;0.064416;-0.0244;56;-28;21;1
880974721;0.984784;0.055632;-0.018544;-119;28;-7;1
880985810;0.981856;0.063439992;-0.01464;-147;56;-14;1
880996930;0.984784;0.059536;-0.007808;-49;63;21;1
881014848;0.98576;0.057584;-0.000976;-84;63;21;1
881026664;0.983808;0.05856;0.005856;-175;42;-14;1
881038013;0.979904;0.063439992;0.013664;-133;35;-7;1
881050737;0.982831936;0.064416;0.013664;-14;-7;21;1
881062923;0.983808;0.05856;0.005856;0;-49;35;1
881075436;0.984784;0.05856;-0.010736;-91;-63;28;1
881095292;0.98576;0.051728;-0.028304;-35;-21;28;1
881106087;0.984784;0.052704;-0.030256;-42;-7;14;1
881124824;0.982831936;0.052704;-0.021472;-56;70;-7;1
881138127;0.98576;0.05368;-0.011712;-77;105;-14;1
881150112;0.97892796;0.054656;0.002928;-77;112;-21;1
881162661;0.980879936;0.0488;0.013664;-70;91;-21;1
881185255;0.983808;0.049776;0.011712;14;-28;-49;1
881195932;0.983808;0.050752;0.002928;-7;-49;-63;1
881206896;0.982831936;0.052704;-0.002928;70;-63;-63;1
881219300;0.982831936;0.051728;-0.012688;189;-63;-49;1
881236334;0.98576;0.051728;-0.028304;21;-35;-84;1
881249156;0.98771196;0.05368;-0.025376;35;0;-91;1
881274260;0.988688;0.054656;-0.00976;168;63;-77;1
881296977;0.983808;0.064416;0.010736;84;42;-91;1
881308766;0.982831936;0.061488;0.013664;196;14;-56;1
881328063;0.98576;0.060512;0.00976;49;-56;-91;1
881367612;0.986736;0.051728;-0.020496;189;-70;-84;1
881401137;0.988688;0.06832;-0.020496;252;21;-49;1
881413257;0.98576;0.066368;-0.01464;112;35;-49;1
881426971;0.98576;0.071247992;0.0;-7;63;-49;1
881439869;0.982831936;0.072224;0.00976;77;42;-14;1
881450926;0.983808;0.06832;0.012688;42;14;7;1
881463662;0.984784;0.063439992;0.011712;-42;-28;7;1
881476816;0.982831936;0.055632;-0.007808;-42;-70;21;1
881490810;0.98576;0.055632;-0.015616;7;-70;28;1
881509020;0.982831936;0.05368;-0.025376;-21;-35;7;1
881521437;0.981856;0.05856;-0.030256;-49;0;7;1
881533279;0.984784;0.056608;-0.028304;-35;35;14;1
881543925;0.98576;0.062464;-0.021472;-77;70;14;1
881556621;0.98576;0.063439992;-0.010736;-147;98;0;1
881568820;0.981856;0.062464;0.00976;-105;91;28;1
881580547;0.983808;0.062464;0.013664;-126;63;35;1
881593368;0.@20000101_000006_898573_accel_adxl375.csv@881604767;1.7149999;0.294;-0.049;1
881606305;0.984784;0.05368;0.006832;-154;0;28;1
881626521;0.984784;0.044896;-0.006832;-84;-28;35;1
881641325;0.984784;0.046848;-0.01952;-77;-7;-7;1
881663459;0.983808;0.045872;-0.020496;7;56;-28;1
881674028;0.982831936;0.049776;-0.012688;-21;91;-42;1
881686388;0.983808;0.050752;-0.003904;-56;98;-63;1
881697622;0.982831936;0.056608;0.005856;-70;91;-70;1
881716348;0.983808;0.056608;0.006832;56;35;-49;1
881736113;0.982831936;0.052704;0.007808;0;0;-63;1
881748325;0.982831936;0.05368;0.005856;35;-21;-63;1
881766512;0.984784;0.0488;-0.008784;63;-63;-63;1
881786577;0.982831936;0.047824;-0.012688;161;-21;-84;1
881821867;087-119;1
881840853;0.982831936;0.065392;0.00488;161;14;-126;1
881852604;0.982831936;0.067343992;0.013664;168;0;-112;1
881868912;0.979904;0.070272;0.013664;154;-49;-84;1
881884979;0.984784;0.062464;0.0;280;-98;-28;1
881896140;0.984784;0.059536;-0.00976;224;-105;-49;1
881916405;0.983808;0.054656;-0.021472;63;-70;-63;1
881931093;0.982831936;0.055632;-0.025376;175;-21;-35;1
881941873;0.984784;0.059536;-0.021472;-14;-7;-70;1
881953181;0.98576;0.065392;-0.011712;21;28;-77;1
881963936;0.980879936;0.064416;-0.002928;175;63;-42;1
881977011;0.981856;0.066368;0.007808;182;35;-21;1
881987994;0.983808;0.063439992;0.010736;63;-7;-28;1
882010710;0.982831936;0.05856;-0.003904;105;-63;28;1
882021925;0.986736;0.056608;-0.011712;112;-63;28;1
882033541;0.984784;0.055632;-0.01952;-49;-63;-7;1
882043924;0.981856;0.05856;-0.028304;-161;-42;-14;1
882074818;0.984784;0.054656;-0.026352;-105;98;0;1
882094933;0.980879936;0.062464;0.002928;-189;126;-14;1
882107831;0.980879936;0.057584;0.00976;-112;105;21;1
882124940;0.98576;0.050752;0.016592;-98;42;7;1
882136061;0.981856;0.050752;0.01952;-133;7;-14;1
882146845;0.981856;0.052704;0.007808;-119;-21;-28;1
882158046;0.982831936;0.05368;-0.001952;-42;-56;-7;1
882174824;0.984784;0.04392;-0.027328;7;-42;-14;1
882186629;0.984784;0.042944;-0.03416;-14;14;-56;1
882207773;0.982831936;0.055632;-0.015616;-7;105;-84;1
882228383;0.981856;0.060512;0.003904;49;112;-63;1
882239472;0.983808;0.064416;0.01464;-7;105;-70;1
882250654;0.981856;0.06832;0.018544;-91;77;-84;1
882264958;0.97892796;0.059536;0.0244;105;-14;-14;1
882286410;0.984784;0.050752;-0.000976;7;-98;-49;1
882306463;0.979904;0.0488;-0.016592;98;-77;-63;1
882338327;0.98771196;0.050752;-0.018544;84;-28;-112;1
882353574;0.98576;0.062464;-0.006832;217;35;-91;1
882366923;0.98576;0.061488;0.005856;357;56;-70;1
882388710;0.979904;0.072224;0.018544;7;-28;-105;1
882406580;0.982831936;0.06832;0.002928;252;-98;0;1
882421245;0.98771196;0.060512;-0.00488;133;-112;0;1
882437030;0.983808;0.054656;-0.016592;42;-98;-28;1
882452114;0.98576;0.054656;-0.032208;126;-84;-21;1
882472038;0.98771196;0.051728;-0.027328;91;-14;-35;1
882486418;0.981856;0.052704;-0.011712;77;56;-63;1
882497688;0.982831936;0.05856;-0.001952;112;63;-56;1
882517938;0.982831936;0.063439992;0.000976;35;21;-56;1
882538121;0.98576;0.070272;0.002928;105;14;-14;1
882551096;0.983808;0.067343992;-0.005856;-49;-14;-14;1
882566371;0.980879936;0.05856;-0.010736;-42;-42;21;1
882602485;0.986736;0.046848;-0.020496;-259;28;-21;1
882616698;0.984784;0.044896;-0.012688;63;77;-7;1
882640531;0.986736;0.051728;-0.00976;-63;77;-63;1
882654081;0.982831936;0.05368;-0.003904;-98;91;-77;1
882679876;0.983808;0.064416;0.012688;35;35;-56;1
882696386;0.979904;0.0732;0.001952;-28;-21;-42;1
882707916;0.98576;0.065392;-0.001952;77;-21;14;1
882719391;0.988688;0.059536;-0.00488;-63;-28;14;1
882730782;0.982831936;0.052704;-0.013664;-210;-28;-7;1
882742033;0.981856;0.049776;-0.018544;-105;-21;-7;1
882753182;0.980879936;0.041968;-0.018544;21;0;-14;1
882763934;0.984784;0.042944;-0.011712;21;28;-35;1
882774925;0.984784;0.04392;0.0;35;49;-63;1
882796352;0.98576;0.052704;0.013664;154;0;-84;1
882808820;0.983808;0.056608;0.012688;280;-21;-91;1
882858510;0.98576;0.065392;-0.018544;112;-112;-56;1
882879336;0.984784;0.064416;-0.0244;112;-42;-14;1
882897329;0.98576;0.051728;-0.012688;7;-7;-21;1
882907919;0.98576;0.045872;-0.007808;-49;-7;-42;1
882935527;0.981856;0.046848;0.00488;147;7;-49;1
882945926;0.982831936;0.049776;0.008784;140;-7;-63;1
882956889;0.979904;0.056608;0.010736;154;-35;-77;1
882973526;0.984784;0.061488;-0.006832;245;-84;-77;1
882984712;0.98576;0.063439992;-0.018544;245;-84;-70;1
882997313;0.984784;0.067343992;-0.022448;189;-70;-77;1
883008382;0.981856;0.067343992;-0.032208;14;0;-49;1
883019060;0.98576;0.066368;-0.031232;70;35;-14;1
883031557;0.98576;0.064416;-0.028304;-14;63;-14;1
883044648;0.984784;0.065392;-0.016592;-168;84;-21;1
883064839;0.982831936;0.062464;0.006832;-77;105;7;1
883075818;0.981856;0.057584;0.010736;-168;63;7;1
883097681;0.982831936;0.050752;0.002928;-84;14;0;1
883114952;0.984784;0.050752;-0.011712;-35;-28;-21;1
883126702;0.988688;0.0@20000101_000006_898573_accel_adxl375.csv@883128897;1.813;0.294;-0.098;1
883137969;0.981856;0.05368;-0.028304;-14;7;-35;1
883150299;0.984784;0.056608;-0.027328;-49;70;-42;1
883162024;0.98576;0.05856;-0.016592;-35;112;-49;1
883175045;0.97892796;0.064416;-0.006832;-105;119;-49;1
883195204;0.982831936;0.066368;0.013664;-91;105;0;1
883206495;0.983808;0.059536;0.018544;-98;70;7;1
883226563;0.982831936;0.056608;0.01464;-140;0;7;1
883236911;0.980879936;0.051728;0.008784;-14;-35;14;1
883247959;0.98576;0.052704;-0.000976;21;-56;7;1
883259226;0.986736;0.0_898573_accel_adxl375.csv@883260411;1.813;0.244999984;-0.049;1
883274808;0.984784;0.047824;-0.01464;14;-28;-49;1
883286864;0.982831936;0.046848;-0.012688;56;-14;-49;1
883305201;0.984784;0.054656;-0.00488;203;28;-70;1
883316780;0.982831936;0.059536;0.000976;147;28;-77;1
883328564;0.983808;0.064416;0.010736;105;7;-70;1
883362727;0.981856;0.057584;0.001952;126;-105;-42;1
883385047;0.984784;0.05368;-0.01464;133;-119;-28;1
883401183;0.98576;0.044896;-0.027328;140;-70;-42;1
883412279;0.984784;0.045872;-0.023424;168;-35;-63;1
883425574;0.981856;0.0;@20000101_000006_898573_accel_adxl375.csv@883429975;1.813;0.294;-0.147;1
883442423;0.983808;0.056608;-0.003904;217;14;-105;1
883453037;0.983808;0.062464;0.00488;210;14;-105;1
883464689;0.98576;0.063439992;0.005856;196;0;-98;1
883485480;0.982831936;101_000006_898573_accel_adxl375.csv@883486678;1.7149999;0.294;-0.098;1
883497100;0.981856;0.069296;-0.000976;154;-77;-49;1
883512511;0.98576;0.063439992;-0.01952;-21;-77;-28;1
883524027;0.982831936;0.056608;-0.032208;-133;-49;-28;1
883555942;0.986736;0.05368;-0.026352;-49;63;-42;1
883588478;0.984784;0.054656;0.000976;-42;133;-42;1
883599256;0.982831936;0.05368;0.012688;-42;119;-56;1
883610319;0.981856;0.060512;0.017568;-21;84;-70;1
883628678;0.980879936;0.070272;0.008784;14;7;-49;1
883643248;0.984784;0.066368;-0.008784;-119;-42;0;1
883674818;0.982831936;0.057584;-0.023424;-42;14;21;1
883688048;0.980879936;0.054656;-0.022448;-126;35;7;1
883725057;0.98576;0.049776;0.010736;-168;105;-21;1
883738304;0.98576;0.05368;0.016592;-21;84;-35;1
883749060;0.97892796;0.057584;0.021472;21;49;-42;1
883765962;0.98576;0.055632;0.01464;119;-28;-14;1
883778026;0.983808;0.056608;0.006832;35;-56;-28;1
883790717;0.973072;0.016_898573_accel_adxl375.csv@883791780;1.7639999;0.294;-0.049;1
883805204;0.983808;0.056608;-0.016592;126;-63;-35;1
883817494;0.975024;0.059536;-0.016592;-49;-42;-63;1
883831196;0.986736;0.061488;-0.007808;-119;-42;-56;1
883867344;0.979904;0.049776;-0.003904;175;-7;-56;1
883880975;0.981856;0.045872;-0.00488;189;-42;-42;1
883895068;0.984784;0.035136;-0.00976;231;-35;-70;1
883915002;0.982831936;3337.0625;7531;17081;0.9585333;-0.047926664;-0.242692468
883928755;0.975024;0.066368;0.000976;189;-35;-161;1
883940037;0.989663936;0.07808;0.00488;329;-56;-98;1
883950918;0.975999936;0.077104;-0.005856;427;-70;-70;1
883964888;0.979904;0.061488;-0.0244;126;-77;-42;1
883977594;0.986736;0.055632;-0.027328;224;-49;-77;1
883988070;0.976976;0.056608;-0.026352;259;-14;-49;1
884000273;0.992592;0.051728;-0.025376;231;28;-35;1
884016472;1.056032;0.031232;-0.042944;1043;189;35;1
884028860;1.1741279;0.033184;-0.025376;1379;322;-49;1
884044955;1.26392;0.033184;-0.020496;1666;224;-91;1
884056026;1.619184;0.035136;-0.033184;2002;399;-98;1
884067429;1.86416;0.05368;0.040992;1953;546;-91;1
884079981;2.151104;0.055632;0.015616;2541;336;-259;1
884095269;2.423408;0.059536;-0.010736;3318;350;-189;1
884106649;3.0988;0.040992;0.040016;3822;91;-420;1
884119558;3.490176;0.045872;-0.050752;3535;182;-490;1
884130488;3.810304;0.077104;-0.06832;3150;-35;-651;1
884140917;4.005504;0.13176;-0.062464;2002;49;-574;1
884152230;4.268048;0.159088;-0.089792;707;84;-581;1
884174825;4.749216;0.0732;-0.007808;1792;-70;-126;1
884201751;5.368;0.152256;-0.000976;4893;-203;-49;1
884224927;5.8364796;0.120048;-0.084912;4830;7;203;1
884238892;6.492352;0.11224;-0.082959992;3773;133;343;1
884273733;8.245248;0.149328;-0.15616;-322;119;336;1
884286481;8.094944;0.21959999;-0.040992;-1547;-91;-231;1
884301023;7.8363037;0.15030399;-0.121024;-1799;-588;595;1
884313806;7.996368;0.281088;-0.262544;-2268;-126;539;1
884337284;7.7709116;0.28401598;-0.243999984;-5901;2198;518;1
884348352;7.659648;0.31524798;-0.201056;-7147;1435;728;1
884374172;7.322928;0.35624;-0.324032;-10962;3367;994;1
884404291;6.649488;0.425535968;-0.368928;-15862;5145;1925;1
884415001;6.4406236;0.455791968;-0.368928;-18081;5229;2268;1
884434889;6.0267996;0.509472;-0.350384;-22190;6482;3220;1
884446353;5.888208;0.511424;-0.294752;-25046;6601;3570;1
884464920;5.71448;0.503616;-0.3416;-29911;7098;4739;1
884476314;5.622736;0.53875196;-0.411872;-32179;7455;5012;1
884494809;5.497808;0.61;-0.388448;-37156;7847;6398;1
884506381;5.400208;0.674416;-0.366976;-4
