854065313;334.0;7556;17100;0.9483361;-0.03263092;-0.247791052
854101233;334.0;7556;17100;0.952415;-0.034670352;-0.24677134
854122684;334.0;7556;17100;0.952415;-0.042828084;-0.24677134
854144676;334.0;7556;17100;0.94935584;-0.0438478;-0.24983048
854171598;334.0;7556;17106;0.950375536;-0.046906948;-0.24371218
854201395;334.0;7556;17112;0.9513953;-0.036709784;-0.248810768
854231870;333.9375;7562;17112;0.952415;-0.02753234;-0.248810768
854253752;333.9375;7562;17112;0.9513953;-0.02753234;-0.25186992
854275642;333.9375;7562;17112;0.9534347;-0.036709784;-0.24677134
854301759;333.9375;7562;17112;0.950375536;-0.04588723;-0.24677134
854332029;333.9375;7562;17112;0.952415;-0.044867516;-0.24167276
854356497;333.9375;7562;17112;0.94935584;-0.031611204;-0.25390936
854392283;333.9375;7562;17112;0.952415;-0.02447319;-0.2579882
854425675;333.9375;7562;17106;0.950375536;-0.0387492184;-0.2508502
854452563;334.0;7562;17100;0.952415;-0.04078865;-0.242692468
854483093;334.0;7562;17100;0.9534347;-0.04588723;-0.24677134
854513078;334.0;7562;17100;0.952415;-0.0377295;-0.248810768
854542741;334.0;7562;17100;0.9513953;-0.02753234;-0.2579882
854587395;334.0625;7562;17093;0.950375536;-0.029571772;-0.242692468
854613860;334.0625;7562;17087;0.952415;-0.05710411;-0.23351502
854636196;334.0625;7562;17087;0.9513953;-0.05200553;-0.2447319
854662337;334.0625;7562;17093;0.9483361;-0.036709784;-0.25594878
854692091;334.0;7562;17100;0.9513953;-0.022433758;-0.25186992
854718135;334.0;7562;17100;0.9534347;-0.028552056;-0.24677134
854743887;334.0625;7562;17106;0.952415;-0.0377295;-0.23453474
854767103;334.0625;7562;17106;0.9513953;-0.04894638;-0.24677134
854794062;334.0;7562;17112;0.9483361;-0.05200553;-0.25492908
854815474;334.0;7562;17118;0.9544544;-0.026512622;-0.2508502
854844105;334.0;7562;17125;0.9513953;-0.017335176;-0.2508502
854865842;334.0;7562;17131;0.9544544;-0.018354892;-0.24983048
854890545;334.0;7562;17131;0.94935584;-0.028552056;-0.25288964
854915037;334.0625;7562;17118;0.9513953;-0.044867516;-0.247791052
854936798;334.0625;7556;17118;0.94935584;-0.049966096;-0.25390936
854958867;334.0625;7556;17118;0.950375536;-0.047926664;-0.2508502
854985099;334.0;7556;17118;0.950375536;-0.029571772;-0.24371218
855007918;334.0625;7556;17118;0.9544544;-0.021414042;-0.24677134
855038283;334.0625;7556;1806_898573_airspeed_sdp810.csv@855040065;207;187;3943
855072629;334.125;7556;17106;0.9473164;-0.047926664;-0.25288964
855097158;334.125;7556;17100;0.950375536;-0.05506468;-0.24065304
855122374;334.125;7556;17100;0.952415;-0.04690;3939
855157238;334.0625;7556;17106;0.950375536;-0.03263092;-0.24983048
855179171;334.0625;7556;17106;0.9513953;-0.025492906;-0.25390936
855205691;334.0625;7556;17106;0.9513953;-0.028552056;-0.25288964
855229947;334.125;7556;17112;0.9513953;-0.047926664;-0.24167276
855256089;334.0625;7556;1-001_000006_898573_imu_lsm6dso32.csv@855257289;0.979904;0.049776;-0.001952;231;-70;-98;1
855280724;334.0625;7556;17112;0.950375536;-0.044867516;-0.24677134
855316982;334.0;7550;17125;0.952415;-0.023453474;-0.25492908
855339617;334.0;7550;17131;0.94935584;-0.022433758;-0.2630868
855363337;334.0625;7550;17131;0.9513953;-0.026512622;-0.25390936
855386807;334.0625;7550;17131;0.9513953;-0.039768936;-0.237593884
855410914;334.0625;7550;17125;0.950375536;-0.04894638;-0.2447319
855437190;334.0625;7550;17125;0.9513953;-0.042828084;-0.25492908
855480666;334.0625;7550;17131;0.9513953;-0.017335176;-0.25594878
855517837;334.125;7550;17125;0.9544544;-0.029571772;-0.24677134
855571479;334.125;7550;17112;0.94935584;-0.05200553;-0.24983048
855598092;334.125;7550;17106;0.9473164;-0.044867516;-0.25594878
855628982;334.125;7550;17112;0.9534347;-0.022433758;-0.247791052
855651587;334.125;7550;17112;0.95547416;-0.02753234;-0.237593884
855680194;334.1875;7550;17112;0.952415;-0.047926664;-0.23555446
855708485;334.1875;7550;17106;0.950375536;-0.053025244;-0.247791052
855731344;334.125;7550;17106;0.94935584;-0.04588723;-0.25594878
855758539;334.125;7550;17118;0.94935584;-0.036709784;-0.2579882
855782446;334.125;7550;17125;0.95649384;-0.018354892;-0.2386136
855809063;334.125;7550;17125;0.9544544;-0.025492906;-0.23963332
855831356;334.125;7550;17125;0.950375536;-0.044867516;-0.25288964
855868883;334.125;7550;17125;0.94935584;-0.050985812;-0.2579882
855899309;334.125;7543;17131;0.950375536;-0.0387492184;-0.24983048
855929468;334.0625;7543;17137;0.9544544;-0.0193746092;-0.242692468
855952514;334.125;7543;17137;0.952415;-0.026512622;-0.2508502
855973494;334.125;7543;17137;0.9483361;-0.036709784;-0.25288964
855994721;334.125;7543;17131;0.950375536;-0.047926664;-0.25492908
856020239;334.125;7543;17125;0.9483361;-0.04894638;-0.25288964
856062819;334.125;7543;17125;0.9534347;-0.030591488;-0.24167276
856090008;334.1875;7543;17125;0.9513953;-0.025492906;-0.24167276
856113543;334.1875;7543;17125;0.9513953;-0.03569007;-0.25492908
856140271;334.1875;7543;17118;0.94935584;-0.042828084;-0.25288964
856170827;334.25;7543;17118;0.9513953;-0.04894638;-0.24371218
856200463;334.1875;7543;17112;0.952415;-0.04078865;-0.237593884
856221672;334.1875;7543;17118;0.952415;-0.031611204;-0.24371218
856244282;334.1875;7543;17118;0.9513953;-0.026512622;-0.25288964
856271038;334.1875;7543;17125;0.9483361;-0.033650636;-0.2579882
856300890;334.1875;7543;17125;0.9513953;-0.039768936;-0.25186992
856329380;334.1875;7543;17125;0.9513953;-0.044867516;-0.23657418
856352304;334.1875;7543;17125;0.9513953;-0.0387492184;-0.2508502
856373683;334.1875;7543;17125;0.9513953;-0.033650636;-0.2569685
856401216;334.1875;7543;17125;0.9513953;-0.028552056;-0.25594878
856425635;334.1875;7543;17125;0.950375536;-0.03263092;-0.25186992
856451404;334.1875;7543;17125;0.950375536;-0.03569007;-0.2508502
856472513;334.1875;7543;17118;0.9513953;-0.0438478;-0.242692468
856502211;334.1875;7543;17125;0.952415;-0.042828084;-0.2447319
856528949;334.1875;7543;17125;0.9513953;-0.0377295;-0.25390936
856589997;334.25;7543;17118;0.952415;-0.033650636;-0.2447319
856612705;334.25;7543;17112;0.9513953;-0.04078865;-0.2447319
856635149;334.25;7543;17112;0.952415;-0.04894638;-0.23657418
856662316;334.3125;7543;17112;0.9513953;-0.049966096;-0.24575162
856683691;334.25;7543;17112;0.950375536;-0.039768936;-0.24983048
856712904;334.25;7543;17112;0.9513953;-0.029571772;-0.25594878
856742959;334.25;7543;17112;0.952415;-0.031611204;-0.242692468
856764655;334.25;7543;17112;0.952415;-0.04588723;-0.242692468
856792964;334.25;7543;17112;0.94935584;-0.05200553;-0.24167276
856844663;334.1875;7543;17131;0.950375536;-0.030591488;-0.2579882
856877123;334.1875;7543;17137;0.9534347;-0.021414042;-0.25186992
856903654;334.1875;7543;17137;0.952415;-0.026512622;-0.247791052
856930358;334.1875;7543;17137;0.9513953;-0.042828084;-0.248810768
856954017;334.1875;7543;17137;0.9534347;-0.046906948;-0.24983048
856976256;334.1875;7543;17137;0.9483361;-0.0377295;-0.25288964
857007113;334.1875;7543;17137;0.952415;-0.025492906;-0.25492908
857029724;334.1875;7543;17137;0.9513953;-0.0193746092;-0.247791052
857054259;334.25;7543;17131;0.9534347;-0.02447319;-0.24371218
857146777;334.3125;7543;17112;0.952415;-0.041808368;-0.24371218
857174863;334.3125;7543;17112;0.9544544;-0.031611204;-0.23657418
857196867;334.3125;7543;17112;0.9534347;-0.030591488;-0.2386136
857229600;334.3125;7543;17112;0.950375536;-0.041808368;-0.24983048
857254981;334.3125;7543;17118;0.950375536;-0.049966096;-0.24983048
857282102;334.3125;7543;17118;0.9483361;-0.04894638;-0.24677134
857311028;334.3125;7543;17125;0.9513953;-0.0387492184;-0.247791052
857332779;334.3125;7543;17131;0.9534347;-0.028552056;-0.2386136
857355832;334.25;7543;17137;0.9534347;-0.026512622;-0.2447319
857379106;334.25;7543;17137;0.9483361;-0.03263092;-0.25492908
857405996;334.25;7543;17137;0.9483361;-0.0377295;-0.25390936
857427552;334.25;7543;17137;0.9513953;-0.0387492184;-0.24983048
857455775;334.25;7543;17137;0.952415;-0.034670352;-0.24575162
857478399;334.25;7543;17137;0.9513953;-0.02753234;-0.24575162
857499499;334.25;7543;17137;0.952415;-0.025492906;-0.248810768
857526616;334.25;7543;17130591488;-0.25186992
857578427;334.3125;7543;17118;0.9534347;-0.039768936;-0.2447319
857617287;334.375;7543;173-7;1
857639830;334.375;7543;17112;0.952415;-0.04078865;-0.24065304
857666834;334.375;7543;17112;0.9483361;-0.036709784;-0.248810768
857689227;334.375;7543;17112;0.952415;-0.0377295;-0.24983048
857718468;334.375;7543;17112;0.9513953;-0.041808368;-0.242692468
857748774;334.375;7543;17112;0.950375536;-0.047926664;-0.2386136
857777943;334.375;7543;17118;0.9513953;-0.046906948;-0.2447319
857799572;334.3125;7543;17125;0.950375536;-0.0387492184;-0.25288964
857829745;334.3125;7543;17131;0.94935584;-0.033650636;-0.24575162
857879679;334.3125;7543;17143;0.94935584;-0.031611204;-0.2508502
857908737;334.3125;7543;17143;0.950375536;-0.033650636;-0.25288964
857939917;334.25;7543;17137;0.9513953;-0.030591488;-0.25288964
857968209;334.25;7543;17137;0.952415;-0.030591488;-0.24677134
857991442;334.3125;7543;17813;0.294;-0.049;1
858029069;334.3125;7543;17143;0.950375536;-0.031611204;-0.247791052
858051650;334.3125;7543;17137;0.950375536;-0.0377295;-0.25492908
858085016;334.375;7543;17131;0.9513953;-0.0387492184;-0.24677134
858119741;334.375;7543;17131;0.9544544;-0.03569007;-0.24065304
858142201;334.375;7543;17131;0.9513953;-0.0387492184;-0.24167276
858169140;334.375;7543;17125;0.952415;-0.04078865;-0.24983048
858219794;334.4375;7543;17125;0.9513953;-2000006_898573_laser_agl.csv@858223672;0.027;0
858242049;334.375;7543;17125;0.9544544;-0.041808368;-0.23963332
858269443;334.375;7543;17125;0.9534347;-0.0387492184;-0.237593884
858299946;334.375;7543;17131;0.9513953;-0.036709784;-0.247791052
858322361;334.375;7543;17125;0.94935584;-0.036709784;-0.25492908
858343839;334.375;7543;17125;0.952415;-0.036709784;-0.25288964
858369932;334.3125;7543;17125;0.9513953;-0.0377295;-0.24677134
858400464;334.3125;7543;17125;0.952415;-0.03569007;-0.24371218
858432088;334.3125;7543;17125;0.9513953;-0.030591488;-0.25492908
858454106;334.3125;7543;17125;0.94935584;-0.031611204;-0.25594878
858485565;334.3125;7543;17125;0.94935584;-0.031611204;-0.2508502
858511250;334.3125;7543;17125;0.9513953;-0.03263092;-0.2447319
858541015;334.3125;7543;17125;0.952415;-0.0377295;-0.24371218
858593005;334.375;7543;17112;0.94935584;-0.034670352;-0.25186992
858621211;334.375;7543;17112;0.950375536;-0.0377295;-0.25186992
858642668;334.375;7543;17112;0.950375536;-0.0377295;-0.24371218
858676892;334.4375;7543;17106;0.952415;-0.04078865;-0.242692468
858701783;334.4375;7543;17106;0.9513953;-0.041808368;-0.24371218
858731981;334.4375;7543;17106;0.952415;-0.042828084;-0.24983048
858755715;334.4375;7543;17106;0.952415;-0.04078865;-0.24371218
858782122;334.4375;7543;17106;0.9513953;-0.039768936;-0.24677134
858812331;334.4375;7543;17112;0.9513953;-0.036709784;-0.24167276
858838137;334.4375;7543;17112;0.9513953;-0.036709784;-0.25186992
858862534;334.4375;7543;17112;0.950375536;-0.0377295;-0.25186992
858888411;334.375;7543;17112;0.950375536;-0.031611204;-0.25186992
858912871;334.375;7543;17112;0.9544544;-0.03263092;-0.2447319
858937634;334.375;7543;17112;0.9534347;-0.03263092;-0.2447319
858963043;334.375;7543;17112;0.952415;-0.031611204;-0.24677134
858984845;334.375;7543;17112;0.9513953;-0.030591488;-0.25288964
859022827;334.375;7543;17112;0.950375536;-0056;-0.25390936
859047835;334.4375;7543;17106;0.952415;-0.034670352;-0.24575162
859073358;334.4375;7543;17100;0.952415;-0.0387492184;-0.2447319
859113870;334.4375;7543;17093;0.952415;-0.041808368;-0.24371218
859138081;334.4375;7543;17087;0.9534347;-0.0377295;-0.24677134
859163698;334.5;7543;17081;0.952415;-0.0377295;-0.247791052
859187632;334.5;7543;17081;0.9513953;-0.0438478;-0.24677134
859213813;334.5;7543;17081;0.9513953;-0.0438478;-0.242692468
859236257;334.5;7543;17081;0.9513953;-0.0438478;-0.2386136
859258038;334.5;7543;17081;0.952415;-0.04078865;-0.23963332
859287985;334.5;7543;17087;0.950375536;-0.0377295;-0.247791052
859314093;334.5;7543;17087;0.950375536;-0.0377295;-0.248810768
859337282;334.5;7543;17093;0.9534347;-0.034670352;-0.24575162
859363482;334.4375;7543;17100;0.952415;-0.03569007;-0.24575162
859388142;334.4375;7543;17106;0.9513953;-0.033650636;-0.24983048
859416724;334.4375;7543;17106;0.9544544;-0.03263092;-0.25390936
859445104;334.375;7543;17106;0.950375536;-0.031611204;-0.25288964
859466563;334.375;7543;17106;0.9534347;-0.029571772;-0.24983048
859488755;334.4375;7543;17106;0.9513953;-0.028552056;-0.24065304
859519150;334.4375;7543;17106;0.94935584;-0.03263092;-0.25288964
859554929;334.4375;7543;17100;0.94935584;-0.036709784;-0.2630868
859588184;334.4375;7543;17093;0.952415;-0.0377295;-0.247791052
859626053;334.5;7550;17087;0.9544544;-0.031611204;-0.23351502
859648700;334.5;7550;17081;0.952415;-0.041808368;-0.24575162
859676175;334.5;7550;17075;0.94935584;-0.046906948;-0.2579882
859699982;334.5625;7550;17075;0.94935584;-0.047926664;-0.26002764
859726133;334.5625;7550;17075;0.9513953;-0.041808368;-0.24677134
859747547;334.5625;7550;17075;0.9534347;-0.04078865;-0.22841644
859774433;334.5625;7550;17075;0.95547416;-0.036709784;-0.2314756
859797687;334.5625;7543;17081;0.950375536;-0.039768936;-0.25390936
859820288;334.5625;7543;17081;0.9473164;-0.04078865;-0.26206708
859843062;334.5625;7543;17087;0.950375536;-0.0377295;-0.25390936
859877400;334.5625;7543;17093;0.9544544;-0.034670352;-0.23351502
859901226;334.5625;7543;17100;0.9534347;-0.03569007;-0.232495316
859927439;334.5;7543;17106;0.952415;-0.03263092;-0.24677134
859957766;334.5;7543;17106;0.94935584;-0.031611204;-0.26716566
859979738;334.5;7543;17106;0.9513953;-0.028552056;-0.26104736
860007389;334.5;7543;17106;0.9534347;-0.029571772;-0.24371218
860028632;334.5;7543;17100;0.9544544;-0.03263092;-0.237593884
860050626;334.5;7543;17100;0.952415;-0.034670352;-0.2447319
860088421;334.5;7543;17093;0.9462967;-0.0377295;-0.26716566
860110688;334.5625;7543;17087;0.950375536;-0.036709784;-0.25594878
860136983;334.5625;7543;17087;0.952415;-0.0377295;-0.24575162
860158883;334.625;7543;17@20000101_000006_898573_imu_lsm6dso32.csv@860162838;0.982831936;0.057584;0.002928;-84;-7;7;1
860180532;334.625;7543;17075;0.952415;-0.04078865;-0.24371218
860208370;334.625;7543;17075;0.94935584;-0.044867516;-0.25390936
860239462;334.625;7543;17081;0.950375536;-0.042828084;-0.25390936
860268997;334.625;7550;17075;0.952415;-0.041808368;-0.237593884
860290721;334.625;7550;17075;0.9534347;-0.0377295;-0.226377008
860319466;334.625;7543;17075;0.9513953;-0.0387492184;-0.24575162
860343997;334.625;7543;17075;0.9513953;-0.039768936;-0.25900792
860369594;334.5625;7543;17081;0.950375536;-0.03569007;-0.2569685
860391705;334.5625;7543;1;0.9513953;-0.03263092;-0.2447319
860419648;334.5625;7543;17081;0.9534347;-0.03263092;-0.237593884
860445681;334.5;7543;17081;0.952415;-0.031611204;-0.24371218
860469706;334.5;7543;17081;0.9483361;-0.034670352;-0.2569685
860491903;334.5;7543;1708@20000101_000006_898573_imu_lsm6dso32.csv@860505261;0.986736;0.064416;-0.013664;7;35;-35;1
860513520;334.5;7543;17081;0.94935584;-0.029571772;-0.25390936
860539836;334.5;7543;17081;0.9513953;-0.029571772;-0.24677134
860581273;334.5;7543;17080csv@860587942;1.7639999;0.244999984;-0.098;1
860610691;334.5625;7537;17068;0.950375536;-0.0387492184;-0.25900792
860632542;334.5625;7543;17068;0.9483361;-0.036709784;-0.2569685
860654763;334.625;7543;17062;0.9513953;-0.039768936;-0.2447319
860680648;334.625;7543;17068;0.9534347;-0.036709784;-0.24065304
860710759;334.6875;7543;17068;0.952415;-0.039768936;-0.237593884
860733387;334.6875;7543;17068;0.9513953;-0.044867516;-0.25288964
860760722;334.6875;7543;17068;0.950375536;-0.0438478;-0.25492908
860814843;334.6875;7543;17075;0.9534347;-0.036709784;-0.23351502
860843129;334.6875;7543;17075;0.9544544;-0.033650636;-0.23657418
860871299;334.625;7543;17075;0.9513953;-0.036709784;-0.247791052
860901550;334.625;7543;17068;0.950375536;-0.036709784;-0.2569685
860923630;334.625;7543;1701_000006_898573_airspeed_sdp810.csv@860925494;42;84;3943
860946511;334.625;7543;17075;0.952415;-0.031611204;-0.2386136
860971627;334.5625;7543;17075;0.952415;-0.034670352;-0.24575162
860993671;334.5625;7537;17075;0.9513953;-0.030591488;-0.2569685
861022137;334.5625;7537;156@20000101_000006_898573_accel_adxl375.csv@861023902;1.7639999;0.294;-0.049;1
861052223;334.5625;7537;17075;0.950375536;-0.030591488;-0.25288964
861092987;334.625;7543;17075;0.9544544;-0.0387492184;-0.23555446
861115617;334.625;7543;17068;0.950375536;-0.0387492184;-0.248810768
861142586;334.625;7543;17068;0.9473164;-0.036709784;-0.2630868
861163667;334.625;7543;17075;0.950375536;-0.03263092;-0.25492908
861185690;334.6875;7543;17075;0.9534347;-0.03263092;-0.248810768
861207936;334.6875;7550;17068;0.9544544;-0.03569007;-0.22841644
861233024;334.75;7550;17068;0.95547416;-0.039768936;-0.22841644
861262860;334.75;7550;17062;0.952415;-0.047926664;-0.2447319
861293157;334.75;7550;17062;0.9483361;-0.041808368;-0.25900792
861323270;334.75;7550;17062;0.9534347;-0.031611204;-0.2447319
861346424;334.75;7550;17062;0.9544544;-0.030591488;-0.22739672
861381823;334.75;7543;17068;0.952415;-0.039768936;-0.23657418
861404154;334.75;7543;17068;0.950375536;-0.044867516;-0.2508502
861435563;334.6875;7543;17068;0.9513953;-0.0387492184;-0.2630868
861459018;334.6875;7543;1@20000101_000006_898573_baro_bmp280.csv@861461950;-36.89143;38.3;101768.92;4.1602592
861489896;334.6875;7543;17075;0.9534347;-0.026512622;-0.23555446
861524039;334.6875;7543;17075;0.9513953;-0.03263092;-0.24983048
861558195;334.6875;7537;17081;0.9473164;-0.042828084;-0.26614594
861606104;334.6875;7543;17075;0.952415;-0.03263092;-0.23555446
861628002;334.6875;7543;17075;0.9544544;-0.026512622;-0.2386136
861649745;334.6875;7543;17081;0.952415;-0.02753234;-0.24677134
861675134;334.75;7543;17081;0.950375536;-0.028552056;-0.25390936
861699424;334.75;7543;17075;0.950375536;-0.041808368;-0.25900792
861734872;334.8125;7543;17075;0.952415;-0.046906948;-0.242692468
861768309;334.8125;7550;17068;0.95547416;-0.033650636;-0.23045588
861797204;334.8125;7543;17068;0.952415;-0.030591488;-0.248810768
861827158;334.8125;7543;17068;0.94935584;-0.039768936;-0.25900792
861850271;334.8125;7543;17068;0.950375536;-0.0438478;-0.248810768
861875804;334.8125;7543;17068;0.9544544;-0.04588723;-0.23555446
861900821;334.75;7543;17068;0.95547416;-0.041808368;-0.22841644
861928071;334.75;7543;17068;0.952415;-0.036709784;-0.25186992
861950720;334.75;7543;17068;0.94935584;-0.03263092;-0.2569685
861976229;334.75;7537;17068;0.9513953;-0.03263092;-0.25900792
862006773;334.75;7543;17068;0.950375536;-0.03569007;-0.24677134
862029235;334.75;7543;17068;0.952415;-0.04078865;-0.24167276
862058353;334.75;7543;17068;0.950375536;-0.042828084;-0.24575162
862102015;334.6875;7537;17068;0.950375536;-0.03263092;-0.26002764
862128336;334.75;7537;17075;0.952415;-0.028552056;-0.25186992
862149822;334.75;7537;17075;0.950375536;-0.026512622;-0.2447319
862177438;334.75;7537;17075;0.9544544;-0.031611204;-0.237593884
862199885;334.8125;7537;17068;0.9534347;-0.047926664;-0.24371218
862230825;334.8125;7537;17068;0.94935584;-0.044867516;-0.25288964
862258115;334.8125;7537;17068;0.9513953;-0.036709784;-0.247791052
862289258;334.8125;70898573_airspeed_sdp810.csv@862291076;60;100;3942
862314883;334.8125;7537;17068;0.952415;-0.031611204;-0.2447319
862338150;334.8125;7537;17062;0.9513953;-0.036709784;-0.24677134
862359659;334.8125;7537;1@20000101_000006_898573_airspeed_sdp810.csv@862362072;65;104;3942
862388519;334.8125;7537;17056;@20000101_000006_898573_imu_lsm6dso32.csv@862404956;0.983808;0.061488;-0.00488;126;-21;-98;1
862412313;334.8125;7537;17062;0.952415;-0.03569007;-0.242692468
862438732;334.8125;7537;17062;0.9513953;-0.03263092;-0.24983048
862488381;334.8125;7537;17062;0.950375536;-0.03569007;-0.25492908
862511054;334.8125;7537;17068;0.950375536;-0.047926664;-0.24677134
862532700;334.875;7537;17068;0.950375536;-0.0438478;-0.24371218
862579778;334.8125;7537;17062;0.9513953;-0.03263092;-0.2508502
862606294;334.8125;7537;17062;0.9513953;-0.028552056;-0.25492908
862639353;334.8125;7537;17062;0.9544544;-0.031611204;-0.24575162
862669101;334.875;7537;17068;0.9534347;-0.0387492184;-0.24167276
862691311;334.875;7537;17068;0.94935584;-0.0438478;-0.2508502
862712530;334.875;7537;17068;0.950375536;-0.0377295;-0.25186992
862739227;334.875;7537;17068;0.9513953;-0.031611204;-0.24983048
862769856;334.875;7537;17068;0.952415;-0.03263092;-0.2447319
862793099;334.875;7537;17068;0.9534347;-0.03569007;-0.23657418
862820153;334.875;7537;17062;0.950375536;-0.04588723;-0.2447319
862850529;334.875;7537;17062;0.950375536;-0.047926664;-0.25390936
862879991;334.875;7537;17062;0.9513953;-0.0377295;-0.25288964
862903955;334.875;7537;17062;0.9544544;-0.029571772;-0.24677134
862930670;334.875;7537;17062;0.9534347;-0.03569007;-0.24677134
862953351;334.875;7537;17062;0.950375536;-0.036709784;-0.24167276
862980373;334.875;7537;17062;0.950375536;-0.04078865;-0.24983048
863001646;334.875;7537;17062;0.950375536;-0.041808368;-0.25492908
863030973;334.875;7537;17062;0.950375536;-0.0377295;-0.25288964
863058139;334.875;7537;17062;0.9513953;-0.030591488;-0.24575162
863106006;334.875;7537;17062;0.9513953;-0.036709784;-0.24575162
863131444;334.875;7537;17062;0.950375536;-0.0387492184;-0.25288964
863153632;334.875;7537;17062;0.94935584;-0.0387492184;-0.25288964
863177517;334.875;7537;17062;0.952415;-0.033650636;-0.24677134
863202024;334.875;7537;17062;0.94935584;-0.0377295;-0.24677134
863223462;334.875;7537;17062;0.9534347;-0.034670352;-0.242692468
863251761;334.875;7537;17062;0.952415;-0.03569007;-0.2447319
863281955;334.875;7537;17062;0.950375536;-0.0377295;-0.25186992
863308053;334.9375;7537;17062;0.950375536;-0.041808368;-0.25390936
863332416;334.9375;7537;17062;0.94935584;-0.0438478;-0.24677134
863354922;334.9375;7537;17062;0.9534347;-0.04078865;-0.2386136
863382203;334.9375;7537;17062;0.950375536;-0.0377295;-0.24167276
863407543;334.9375;7537;17062;0.952415;-0.03569007;-0.2508502
863442482;334.9375;7537;17062;0.950375536;-0.041808368;-0.25390936
863468282;334.9375;7537;17062;0.9534347;-0.042828084;-0.247791052
863502930;334.875;7537;17062;0.9534347;-0.0377295;-0.2386136
863532903;334.875;7537;17062;0.9513953;-0.03263092;-0.2447319
863556424;334.875;7537;17062;0.94935584;-0.03263092;-0.25492908
863604058;334.875;7537;17062;0.952415;-0.036709784;-0.24983048
863642283;334.875;7537;17062;0.952415;-0.0377295;-0.242692468
863673794;334.875;7537;17062;0.9513953;-0.03263092;-0.247791052
863708247;334.875;7537;17062;0.950375536;-0.031611204;-0.25288964
863734151;334.9375;7537;17062;0.9513953;-0.033650636;-0.247791052
863756767;334.9375;7537;17068;0.9534347;-0.036709784;-0.24167276
863793265;334.9375;7537;17062;0.952415;-0.039768936;-0.24677134
863814831;334.9375;7537;17062;0.952415;-0.04078865;-0.25288964
863837361;334.9375;7537;17062;0.950375536;-0.041808368;-0.2579882
863858636;334.9375;7537;1.10768
863888285;334.99784;-0.237593884
863910003;334.9375;7537;17062;0.9534347;-0.036709784;-0.23963332
863934906;334.9375;7537;17062;0.952415;-0.0387492184;-0.24983048
863962021;334.9375;7537;17062;0.950375536;-0.04078865;-0.25900792
863995639;334.9375;7537;17068;0.9534347;-0.03263092;-0.24575162
864021685;334.9375;7537;17068;0.952415;-0.03263092;-0.24371218
864049332;334.9375;7537;17068;0.952415;-0.033650636;-0.24575162
864075920;334.9375;7537;17068;0.950375536;-0.034670352;-0.24983048
864137671;334.9375;7543;17062;0.9513953;-0.03263092;-0.247791052
864169447;334.9375;7543;17068;0.9534347;-0.030591488;-0.23657418
864206704;334.9375;7537;17068;0.950375536;-0.03569007;-0.25186992
864236089;334.9375;7537;17068;0.9483361;-0.04078865;-0.25900792
864296300;335.0;7537;17068;0.9534347;-0.036709784;-0.24065304
864319991;335.0;7537;17068;0.952415;-0.0377295;-0.2447319
864347724;335.0;7537;17068;0.950375536;-0.041808368;-0.2569685
864373092;335.0;7537;17068;0.9513953;-0.0387492184;-0.248810768
864399304;335.0;7537;17068;0.9513953;-0.0387492184;-0.24983048
864428318;335.0;7537;17068;0.95547416;-0.036709784;-0.2386136
864457236;335.0;7537;17068;0.9544544;-0.03569007;-0.237593884
864478534;335.0;7537;17068;0.9483361;-0.0377295;-0.2508502
864501348;335.0;7537;17068;0.950375536;-0.0387492184;-0.2579882
864528195;335.0;7537;17068;0.9513953;-0.0377295;-0.24065304
864551519;335.0;7537;17068;0.952415;-0.036709784;-0.23963332
864577784;335.0;7537;17068;0.952415;-0.03569007;-0.24371218
864609886;335.0;7537;17068;0.94935584;-0.034670352;-0.25390936
864631578;335.0;7537;17068;0.94935584;-0.03569007;-0.2508502
864678347;335.0;7537;17068;0.9534347;-0.039768936;-0.24677134
864700293;335.0;7537;17068;0.9534347;-0.0387492184;-0.24575162
864728779;335.0;7537;17068;0.9534347;-0.036709784;-0.2447319
864750849;335.0;7537;17068;0.94935584;-0.03569007;-0.25492908
864772641;335.0;7537;17068;0.94935584;-0.039768936;-0.25492908
864799232;335.0;7537;17075;0.952415;-0.036709784;-0.25390936
864822227;335.0625;7543;17075;0.952415;-0.0377295;-0.24371218
864848915;335.0625;7543;17075;0.9513953;-0.039768936;-0.242692468
864879336;335.0625;7543;17075;0.952415;-0.039768936;-0.2447319
864909413;335.0625;7543;17075;0.9513953;-0.03569007;-0.2508502
864939648;335.0625;7543;17075;0.952415;-0.031611204;-0.24677134
864963943;335.0625;7543;17075;0.950375536;-0.036709784;-0.24371218
864989603;335.0625;7543;17075;0.9513953;-0.0387492184;-0.24167276
865020058;335.0625;7543;17075;0.9544544;-0.0387492184;-0.247791052
865043938;335.0;7543;17075;0.9513953;-0.036709784;-0.25390936
865080183;335.0;7543;17075;0.94935584;-0.034670352;-0.24983048
865101921;335.0;7543;17075;0.952415;-0.03263092;-0.24677134
865130048;335.0;7543;17075;0.9513953;-0.036709784;-0.2447319
865151458;335.0;7543;17075;0.952415;-0.041808368;-0.25186992
865195817;335.0;7543;17075;0.94935584;-0.0387492184;-0.26002764
865222229;335.0;7543;17075;0.9534347;-0.03569007;-0.24677134
865243683;335.0;7543;17075;0.952415;-0.03569007;-0.24065304
865281037;335.0625;7543;17075;0.9513953;-0.036709784;-0.24371218
865311317;335.0625;7543;17075;0.9513953;-0.04078865;-0.25492908
865341470;335.0625;7543;17075;0.94935584;-0.039768936;-0.25390936
865363179;335.0625;7543;17075;0.9534347;-0.03569007;-0.2386136
865391445;335.0625;7543;17075;086136
865418201;335.0625;7543;17075;0.950375536;-0.0377295;-0.24677134
865442015;335.0625;7543;17075;0.952415;-0.0377295;-0.25492908
865464939;335.0625;7543;17075;0.9513953;-0.03569007;-0.2508502
865501589;335.0625;7543;17075;0.952415;-0.036709784;-0.24065304
865523978;335.0625;7543;17075;0.95547416;-0.036709784;-0.23555446
865551956;335.0625;7543;17075;0.9513953;-0.034670352;-0.24371218
865592241;335.0625;7543;17075;0.9483361;-0.0387492184;-0.2569685
865618649;335.0625;7543;17075;0.9513953;-0.034670352;-0.24983048
865642665;335.0625;7543;17075;0.95547416;-0.03569007;-0.24167276
865666189;335.0625;7543;17075;0.952415;-0.03569007;-0.24167276
865702659;335.0625;7543;17075;0.9513953;-0.034670352;-0.25594878
865743580;335.0625;7543;17075;0.94935584;-0.0387492184;-0.25186992
865767142;335.0625;7543;17075;0.952415;-0.0387492184;-0.24677134
865801386;335.0625;7543;17075;0.9534347;-0.034670352;-0.24371218
865833205;335.0625;7543;17075;0.9513953;-0.03569007;-0.2508502
865863522;335.0625;7543;17075;0.94935584;-0.039768936;-0.25492908
865918177;335.0625;7543;17075;0.9534347;-0.03569007;-0.237593884
865943781;335.0625;7543;17075;0.9534347;-0.03569007;-0.2447319
865965761;335.0625;7543;17075;0.94935584;-0.0387492184;-0.25390936
865987883;335.0625;7543;17075;0.9513953;-0.03569007;-0.247791052
866018653;335.0625;7543;17075;0.950375536;-0.0377295;-0.24677134
866044479;335.0625;7543;17075;0.94935584;-0.0387492184;-0.2447319
866068550;335.0625;7543;17075;0.950375536;-0.036709784;-0.24677134
866097948;335.0625;7543;17075;0.9513953;-0.03569007;-0.25492908
866120862;335.0625;7543;17075;0.94935584;-0.03569007;-0.25288964
866144932;335.0625;7543;17075;0.9513953;-0.036709784;-0.248810768
866166737;335.0625;7543;17075;0.950375536;-0.034670352;-0.24677134
866194936;335.0625;7543;17075;0.952415;-0.0377295;-0.24677134
866235339;335.0625;7543;17075;0.9483361;-0.031611204;-0.25186992
866258573;335.0625;7543;17075;0.952415;-0.033650636;-0.2508502
866285348;335.0625;7543;17075;0.952415;-0.036709784;-0.24983048
866308202;335.125;7543;17075;0.9513953;-0.0377295;-0.242692468
866335129;335.125;7543;17081;0.9534347;-0.039768936;-0.24167276
866357817;335.125;7543;17081;0.952415;-0.036709784;-0.248810768
866387964;335.125;7543;17081;0.9493062@20000101_000006_898573_airspeed_sdp810.csv@866389734;-25;0;3943
866415902;335.125;7543;17081;0.950375536;-0.034670352;-0.2508502
866438086;335.125;7543;17081;0.9534347;-0.03569007;-0.237593884
866486250;335.125;7543;17081;0.950375536;-0.04078865;-0.24677134
866507670;335.125;7543;17081;0.9513953;-0.0377295;-0.2569685
866539616;335.125;7543;17081;0.9513953;-0.033650636;-0.247791052
866566599;335.125;7543;17081;0.950375536;-0.0377295;-0.24065304
866590568;335.125;7543;17;3784;-0.24065304
866618195;335.125;7543;17081;0.9513953;-0.039768936;-0.25288964
866640160;335.125;7543;17081;0.950375536;-0.04078865;-0.25594878
866668558;335.125;7543;17081;0.950375536;-0.034670352;-0.2569685
866689717;335.125;7543;17081;0.9534347;-0.031611204;-0.24677134
866741063;335.125;7543;17081;0.952415;-0.0377295;-0.24575162
866777972;335.125;7543;17081;0.9513953;-0.036709784;-0.25288964
866799496;335.125;7543;17081;0.9483361;-0.034670352;-0.26104736
866822341;335.125;7543;17081;0.950375536;-0.033650636;-0.2508502
866848271;335.125;7543;17081;0.9544544;-0.03263092;-0.24065304
866879489;335.1875;7543;17081;0.9513953;-0.0387492184;-0.24065304
866900699;335.1875;7543;17081;0.9513953;-0.04078865;-0.25186992
866928757;335.1875;7543;17081;0.9473164;-0.039768936;-0.25492908
866955706;335.1875;7543;17081;0.9544544;-0.0387492184;-0.248810768
866979000;335.1875;7543;17081;0.9513953;-0.03263092;-0.24065304
867008977;335.1875;7543;17081;0.952415;-0.03569007;-0.242692468
867031981;335.1875;7543;17081;0.94935584;-0.0387492184;-0.25288964
867058901;335.1875;7543;11;-0.25594878
867088754;335.125;7543;1739810768
867110754;335.125;7543;17081;0.952415;-0.0377295;-0.24167276
867138946;335.125;7543;17081;0.9534347;-0.031611204;-0.247791052
867160678;335.125;7543;17081;0.94935584;-0.029571772;-0.25900792
867182656;335.125;7543;17081;0.9473164;-0.033650636;-0.25900792
867239483;335.125;7543;17081;0.9513953;-0.0377295;-0.2508502
867270095;335.125;7543;17081;0.9534347;-0.03569007;-0.24371218
867300323;335.125;7543;17081;0.950375536;-0.033650636;-0.248810768
867330251;335.125;7543;17087;0.950375536;-0.034670352;-0.25288964
867357983;335.1875;7543;17087;0.9513953;-0.03569007;-0.247791052
867390518;335.1875;7543;17087;0.952415;-0.036709784;-0.23963332
867420927;335.1875;7543;17087;0.952415;-0.04078865;-0.2447319
867442706;335.1875;7543;17087;0.950375536;-0.041808368;-0.247791052
867470959;335.1875;7543;17087;0.9513953;-0.0387492184;-0.24983048
867500658;335.1875;7543;17087;0.952415;-0.039768936;-0.24371218
867531197;335.1875;7543;17087;0.950375536;-0.036709784;-0.24167276
867554052;335.1875;7543;17087;0.950375536;-0.039768936;-0.24983048
867581536;335.1875;7543;17087;0.9513953;-0.0387492184;-0.2569685
867602847;335.1875;7543;17087;0.950375536;-0.03569007;-0.25390936
867637430;335.1875;7543;17087;0.952415;-0.03569007;-0.24371218
867661670;335.1875;7543;17087;0.950375536;-0.03569007;-0.24983048
867691978;335.1875;7543;17087;0.952415;-0.03569007;-0.24677134
867744965;335.1875;7543;17087;0.9513953;-0.031611204;-0.25186992
867792511;335.1875;7543;17087;0.952415;-0.034670352;-0.2447319
867815468;335.1875;7543;17093;0.9534347;-0.034670352;-0.24677134
867842594;335.25;7543;17093;0.94935584;-0.036709784;-0.248810768
867872511;335.25;7543;17093;0.9513953;-0.036709784;-0.25186992
867902532;335.25;7543;17093;0.9483361;-0.036709784;-0.2447319
867923822;335.25;7543;17093;0.9513953;-0.03569007;-0.24167276
867945888;335.25;7543;17093;0.9544544;-0.036709784;-0.24371218
867972932;335.25;7543;17093;0.950375536;-0.0387492184;-0.24575162
868006771;335.25;7543;17093;0.950375536;-0.04078865;-0.25186992
868033481;335.25;7543;17093;0.9513953;-0.04078865;-0.247791052
868054951;335.25;7543;17093;0.9513953;-0.03263092;-0.2508502
868083463;335.25;7543;17093;0.9544544;-0.034670352;-0.24677134
868113566;335.25;7543;17093;0.9513953;-0.0377295;-0.2508502
868135182;335.25;7543;17093;0.950375536;-0.036709784;-0.24983048
868161101;335.25;7543;17093;0.952415;-0.0377295;-0.247791052
868184841;335.25;7543;17093;0.9513953;-0.034670352;-0.248810768
868208979;335.25;7543;17093;0.9534347;-0.031611204;-0.2508502
868234266;335.25;7543;17093;0.950375536;-0.029571772;-0.2508502
868257803;335.3125;7543;17093;0.94935584;-0.034670352;-0.25288964
868304640;335.3125;7543;17093;0.950375536;-0.04078865;-0.24575162
868327449;335.3125;7543;17093;0.9534347;-0.0387492184;-0.2447319
868354468;335.3125;7543;10375.csv@868358070;1.7639999;0.294;-0.049;1
868375897;335.3125;7543;17093;0.9513953;-0.029571772;-0.2508502
868397574;335.375;7543;17087;0.952415;-0.034670352;-0.242692468
868424953;335.375;7543;17..2406504
868446558;335.375;7543;17087;0.9534347;-0.053025244;-0.23963332
868468237;335.375;7543;17087;0.950375536;-0.04588723;-0.24677134
868495216;335.375;7543;17081;0.9483361;-0.0377295;-0.25288964
868517239;335.375;7543;17087;0.950375536;-0.029571772;-0.25390936
868568074;335.375;7543;17087;0.9534347;-0.041808368;-0.24065304
868595692;335.375;7543;17087;0.952415;-0.046906948;-0.24575162
868618855;335.375;7543;17087;0.94935584;-0.041808368;-0.25186992
868645850;335.375;7543;17093;0.950375536;-0.0377295;-0.25186992
868667667;335.3125;7543;17093;0.9513953;-0.026512622;-0.25288964
868690006;335.3125;7543;17093;0.9544544;-0.025492906;-0.242692468
868731445;335.3125;7543;17093;0.94935584;-0.041808368;-0.24677134
868758144;335.3125;7543;17airspeed_sdp810.csv@868761363;133;150;3945
868810562;335.3125;7543;17093;0.9534347;-0.030591488;-0.242692468
868832743;335.3125;7543;17093;0.952415;-0.031611204;-0.242692468
868857179;335.375;7543;179204;-0.24677134
868888241;3358573_baro_icp10111.csv@868889588;-10.489827;38.443832;101451.05;2.02332101_000006_898573_airspeed_sdp810.csv@868891384;67;106;3943
868909559;335.375;7543;17081;0.950375536;-0.042828084;-0.25186992
868931851;335.375;7543;17081;0.9513953;-0.041808368;-0.242692468
868957495;335.375;7543;17;6;-0.24065304
868979993;335.375;7543;17081;0.952415;-0.031611204;-0.248810768
869007741;335.4375;7543;17087;0.950375536;-0.03569007;-0.25288964
869030976;335.4375;7543;17087;0.94935584;-0.042828084;-0.24677134
869057932;335.4375;7543;17087;0.9513953;-0.04588723;-0.242692468
869081053;335.4375;7543;17087;0.952415;-0.04078865;-0.24575162
869108003;335.4375;7543;17087;0.952415;-0.0377295;-0.2508502
869139225;335.4375;7543;17093;0.9544544;-0.030591488;-0.24575162
869198695;335.4375;7543;17093;0.9513953;-0.036709784;-0.248810768
869234783;335.4375;7543;17093;0.9513953;-0.042828084;-0.24677134
869261375;335.375;7543;17087;0.950375536;-0.036709784;-0.247791052
869283444;335.375;7543;17087;0.9513953;-0.030591488;-0.24677134
869308722;335.375;7543;17087;0.9534347;-0.026512622;-0.24575162
869339461;335.375;7543;17087;0.950375536;-0.036709784;-0.25186992
869369555;335.4375;7543;17087;0.94935584;-0.042828084;-0.25390936
869419937;335.4375;7543;17087;0.9513953;-0.034670352;-0.24575162
869441753;335.4375;7543;17087;0.952415;-0.034670352;-0.24575162
869469925;335.4375;7543;17087;0.950375536;-0.030591488;-0.24983048
869509662;335.4375;7543;17087;0.94935584;-0.0377295;-0.247791052
869540260;335.4375;7543;17087;0.952415;-0.042828084;-0.24371218
869570260;335.4375;7543;17087;0.952415;-0.041808368;-0.24677134
869600430;335.4375;7543;17087;0.950375536;-0.031611204;-0.25492908
869622221;335.4375;7543;17563092;-0.2508502
869643639;335.4375;7543;17087;0.952415;-0.033650636;-0.24677134
869670309;335.4375;7543;17087;0.952415;-0.036709784;-0.24371218
869700207;335.4375;7543;17087;0.9534347;-0.042828084;-0.24167276
869731075;335.4375;7543;17087;0.950375536;-0.0387492184;-0.25288964
869771635;335.4375;7543;17087;0.9513953;-0.033650636;-0.2579882
869793854;335.4375;7543;17087;0.9534347;-0.031611204;-0.242692468
869821285;335.5;7543;17087;0.9534347;-0.036709784;-0.23963332
869842520;335.5;7543;17087;0.9534347;-0.039768936;-0.24575162
869872213;335.5;7543;17087;0.950375536;-0.0377295;-0.2569685
869901600;335.5;7543;17087;0.950375536;-0.036709784;-0.25186992
869931854;335.5;7543;17087;0.952415;-0.033650636;-0.242692468
869953485;335.5;7543;17087;0.952415;-0.036709784;-0.24167276
869975223;335.5;7543;17093;0.94935584;-0.04078865;-0.2447319
870001923;335.5;7543;17093;0.94935584;-0.0438478;-0.25288964
870025394;335.5;7543;17093;0.9483361;-0.039768936;-0.25492908
870052174;335.5;7543;17093;0.9513953;-0.03569007;-0.24575162
870074025;335.5;7543;17093;0.9534347;-0.031611204;-0.2386136
870102410;335.5;7543;17093;0.952415;-0.03569007;-0.24167276
870132734;335.5;7543;17093;0.950375536;-0.0377295;-0.25492908
870155808;335.5;7543;17093;0.950375536;-0.042828084;-0.25288964
870182980;335.5;7543;17093;0.952415;-0.0387492184;-0.24677134
870212976;335.5;7543;17093;0.9534347;-0.029571772;-0.2386136
870253419;335.5;7543;17093;0.94937-57;0;3941
870276603;335.5;7543;17093;0.94935584;-0.0387492184;-0.25900792
870303591;335.5;7543;17093;0.950375536;-0.039768936;-0.25390936
870336806;335.5;7543;17093;0.9513953;-0.034670352;-0.23657418
870364655;335.5;7543;17093;0.952415;-0.030591488;-0.242692468
870391261;335.5;7543;17093;0.950375536;-0.033650636;-0.247791052
870423838;335.5;7543;17093;0.94935584;-0.04078865;-0.26104736
870449494;335.5625;7543;17093;0.9513953;-0.039768936;-0.2447319
870474127;335.5625;7543;17093;0.952415;-0.0377295;-0.2386136
870504108;335.5625;7543;17093;0.9534347;-0.03263092;-0.24167276
870525728;335.5625;7543;1@20000101_000006_898573_accel_adxl375.csv@870528056;1.7639999;0.244999984;-0.147;1
870547977;335.5625;7543;17093;0.94935584;-0.036709784;-0.2569685
870574333;335.5625;7543;17093;0.952415;-0.036709784;-0.2508502
870605319;335.5625;7543;17093;0.950375536;-0.0438478;-0.2386136
870627048;335.5625;7543;17093;0.9534347;-0.0377295;-0.242692468
870654364;335.5625;7543;17093;0.952415;-0.03263092;-0.248810768
870685183;335.5625;7543;17093;0.9483361;-0.034670352;-0.26002764
870736099;335.5625;7543;17093;0.94935584;-0.036709784;-0.2447319
870765282;335.5625;7550;17093;0.952415;-0.03569007;-0.23555446
870803592;335.5625;7550;17093;0.9483361;-0.0377295;-0.2508502
870827791;335.5625;7550;17093;0.9513953;-0.03263092;-0.2579882
870859768;335.5625;7550;17093;0.950375536;-0.03569007;-0.23963332
870887725;335.5625;7550;17d_sdp810.csv@870889496;42;84;3943
870916685;335.5625;7550;17100;0.9513953;-0.0387492184;-0.25390936
870946778;335.5625;7550;17100;0.950375536;-0.04078865;-0.25186992
870968553;335.5625;7550;17100;0.952415;-0.034670352;-0.247791052
870990759;335.5625;7550;17100;0.9513953;-0.033650636;-0.24575162
871016556;335.5625;7550;17100;0.9544544;-0.031611204;-0.24065304
871038655;335.5625;7550;17100;0.94935584;-0.039768936;-0.24983048
871070157;335.5625;7550;17100;0.950375536;-0.0438478;-0.25288964
871117237;335.5625;7550;17100;0.9513953;-0.036709784;-0.247791052
871139446;335.5625;7550;17093;0.9544544;-0.031611204;-0.242692468
871160747;335.5625;7550;103263092;-0.24677134
871188783;335.5625;7550;17093;3_laser_agl.csv@871191020;0.026;1
871217376;335.5625;7550;17093;0.94935584;-0.039768936;-0.24983048
871259894;335.5625;7550;17100;0.950375536;-0.03263092;-0.24983048
871287937;335.5625;7550;17100;0.9534347;-0.028552056;-0.24677134
871318627;335.5625;7550;17100;0.9513953;-0.036709784;-0.24983048
871342301;335.5625;7550;17100;0.9513953;-0.0438478;-0.248810768
871368617;335.5625;7550;17100;0.9483361;-0.046906948;-0.24677134
871391569;335.5625;7550;1;0000101_000006_898573_accel_adxl375.csv@871393249;1.7639999;0.294;-0.049;1
871418460;335.5625;7550;17100;0.950375536;-0.026512622;-0.248810768
871448474;335.5625;7550;17100;0.9513953;-0.028552056;-0.248810768
871469490;335.5625;7550;17093;0.9513953;-0.04078865;-0.25288964
871498961;335.5625;7550;17087;0.950375536;-0.047926664;-0.24677134
871520989;335.5625;7550;17087;0.950375536;-0.039768936;-0.248810768
871542672;335.5625;7550;17087;0.9513953;-0.036709784;-0.24677134
871569286;335.5625;7550;17087;0.9534347;-0.02753234;-0.2508502
871619587;335.625;7550;17087;0.9513953;-0.031611204;-0.25186992
871641663;335.625;7550;17087;0.952415;-0.042828084;-0.24575162
871669741;335.6875;7550;17087;0.9534347;-0.047926664;-0.242692468
871693347;335.6875;7550;17087;0.95547416;-0.0387492184;-0.24065304
871719989;335.6875;7550;17087;0.9483361;-0.031611204;-0.25288964
871743166;335.6875;7550;17087;0.9534347;-0.023453474;-0.2569685
871791528;335.6875;7550;17087;0.9534347;-0.047926664;-0.2386136
871820302;335.6875;7550;17087;0.952415;-0.04894638;-0.23453474
871842899;335.6875;7550;17087;0.9513953;-0.04588723;-0.24677134
871870395;335.6875;7550;17100;0.950375536;-0.031611204;-0.25900792
871891593;335.6875;7550;17093;0.950375536;-0.021414042;-0.2641065
871913603;335.6875;7550;17093;0.9513953;-0.025492906;-0.247791052
871940629;335.6875;7550;17087;0.9534347;-0.033650636;-0.23555446
871969275;335.6875;7550;17087;0.9513953;-0.06016326;-0.23555446
871991573;335.6875;7550;17087;0.9462967;-0.054044963;-0.25288964
872020862;335.6875;7550;17093;0.94935584;-0.02447319;-0.26104736
872042508;335.625;7550;17100;0.9544544;-0.015295744;-0.24983048
872063561;335.6875;7550;17093;0.95547416;-0.02447319;-0.24065304
872098069;335.6875;7550;17087;0.9513953;-0.050985812;-0.23555446
872122000;335.6875;7550;17087;0.94935584;-0.056084396;-0.2447319
872144476;335.6875;7550;17087;0.94935584;-0.044867516;-0.2579882
872171208;335.6875;7550;17093;0.950375536;-0.03263092;-0.2641065
872198371;335.6875;7550;17100;0.9534347;-0.015295744;-0.24677134
872222251;335.75;7550;17100;0.95649384;-0.017335176;-0.23045588
872263283;335.75;7550;17093;0.952415;-0.046906948;-0.23351502
872299619;335.8125;7550;17093;0.94935584;-0.044867516;-0.25900792
872332592;335.75;7550;17106;0.9534347;-0.02447319;-0.248810768
872362497;335.75;7550;17106;0.9534347;-0.021414042;-0.23963332
872392240;335.8125;7550;17106;0.950375536;-0.03263092;-0.24677134
872443454;335.8125;7550;17093;0.9483361;-0.054044963;-0.25900792
872464763;335.75;7550;17100;0.950375536;-0.0377295;-0.2508502
872496793;335.8125;7550;17106;0.95547416;-0.0193746092;-0.23453474
872546723;335.8125;7550;17106;0.9483361;-0.04588723;-0.25900792
872571500;335.8125;7543;17100;0.945277;-0.05506468;-0.26716566
872598098;335.8125;7543;17100;0.9513953;-0.039768936;-0.24677134
872623584;335.8125;7550;17106;0.95547416;-0.033650636;-0.23453474
872677565;335.8125;7543;17112;0.9513953;-0.025492906;-0.2579882
872699160;335.8125;7543;17112;0.9483361;-0.033650636;-0.2641065
872724115;335.875;7543;17106;0.94935584;-0.041808368;-0.2579882
872749787;335.8125;7543;17100;0.952415;-0.058123828;-0.2314756
872794542;335.8125;7543;17106;0.952415;-0.025492906;-0.23963332
872834326;335.8125;7543;17112;0.94935584;-0.0193746092;-0.27226424
872856487;335.8125;7543;17100;0.950375536;-0.039768936;-0.248810768
872887058;335.875;7550;17093;0.9534347;-0.061182976;-0.22229814
872914751;335.875;7550;17093;0.952415;-0.06016326;-0.2253573
872936868;335.8125;7543;17100;0.9483361;-0.029571772;-0.2630868
872964929;335.8125;7543;17106;0.9483361;-0.01631546;-0.27430368
872988762;335.8125;7543;17106;0.952415;-0.0193746092;-0.25900792
873018099;335.875;7550;17100;0.9513953;-0.046906948;-0.22841644
873045661;335.875;7550;17093;0.952415;-0.06016326;-0.22943616
873077855;335.875;7543;17093;0.94935584;-0.04078865;-0.26614594
873099466;335.8125;7543;17106;0.945277;-0.025492906;-0.26818538
873128144;335.8125;7543;17106;0.950375536;-0.012236595;-0.25288964
873152265;335.8125;7543;17106;0.95649384;-0.022433758;-0.23555446
873176460;335.875;7543;17100;0.9534347;-0.042828084;-0.23045588
873198886;335.875;7543;17093;0.9483361;-0.06016326;-0.248810768
873226063;335.875;7543;17100;0.94935584;-0.050985812;-0.2579882
873248584;335.8125;7543;17106;0.9513953;-0.025492906;-0.26104736
873297053;335.8125;7543;17112;0.9534347;-0.017335176;-0.24167276
873319484;335.875;7543;17106;0.9513953;-0.0438478;-0.23453474
873346822;335.875;7543;17100;0.950375536;-0.054044963;-0.2447319
873379520;335.875;7543;17093;0.9462967;-0.047926664;-0.26002764
873400503;335.8125;7543;17100;0.950375536;-0.028552056;-0.25288964
873427411;335.8125;7543;17100;0.9534347;-0.01631546;-0.242692468
873450179;335.8125;7543;17100;0.9544544;-0.021414042;-0.24065304
873475845;335.875;7543;17093;0.950375536;-0.042828084;-0.247791052
873500538;335.875;7543;17087;0.94935584;-0.05710411;-0.25492908
873530432;335.875;7543;17093;0.9513953;-0.047926664;-0.247791052
873551837;335.875;7543;17093;0.9513953;-0.029571772;-0.2447319
873577934;335.875;7543;17106;0.9513953;-0.020394326;-0.24371218
873628317;335.9375;7543;17112;0.950375536;-0.036709784;-0.25594878
873650192;335.9375;7543;17106;0.9462967;-0.059143544;-0.2579882
873677804;335.9375;7543;17100;0.950375536;-0.058123828;-0.25186992
873708186;335.9375;7543;17106;0.9544544;-0.03263092;-0.23555446
873731003;335.875;7543;17112;0.9534347;-0.01631546;-0.24167276
873753138;335.875;7543;17112;0.9513953;-0.017335176;-0.25492908
873799098;335.9375;7537;17112;0.9483361;-0.044867516;-0.25594878
873820770;335.9375;7543;17106;0.9513953;-0.05506468;-0.2386136
873842637;335.9375;7543;17100;0.952415;-0.050985812;-0.23351502
873889646;335.9136;-0.02447319;-0.2579882
873919795;335.9375;7537;17118;0.950375536;-0.020394326;-0.26002764
873941918;335.9375;7537;17112;0.950375536;-0.042828084;-0.24575162
873963765;336.0;7537;17106;0.9513953;-0.04894638;-0.23555446
873989635;335.9375;7537;17106;0.9534347;-0.049966096;-0.23555446
874020001;335.9375;7537;17324;-0.2447319
874043099;335.9375;7537;17112;0.952415;-0.02447319;-0.25594878
874069997;335.9375;7537;17112;0.9513953;-0.023453474;-0.25186992
874098336;336.0;7537;17112;0.9534347;-0.0387492184;-0.24371218
874128157;336.0;7537;17106;0.9513953;-0.04894638;-0.24065304
874150901;336.0;7537;17106;0.94935584;-0.0438478;-0.24371218
874173493;335.9375;7537;17106;0.950375536;-0.033650636;-0.25390936
874200976;335.9375;7537;17106;0.9513953;-0.028552056;-0.26002764
874230922;336.0;7537;17112;0.952415;-0.028552056;-0.25186992
874281134;336.0;7537;17106;0.9513953;-0.046906948;-0.23657418
874312495;336.0;7537;17106;0.94935584;-0.044867516;-0.25390936
874341441;336.0;7537;17106;0.9483361;-0.034670352;-0.2579882
874371179;336.0;7537;17112;0.9544544;-0.02447319;-0.247791052
874398974;336.0625;7537;17112;0.952415;-0.031611204;-0.2447319
874431685;336.0625;7537;17112;0.94935584;-0.04588723;-0.24371218
874456393;336.0625;7537;17112;0.950375536;-0.047926664;-0.24575162
874481946;336.0625;7537;17112;0.9513953;-0.039768936;-0.25186992
874507786;336.0625;7537;17118;0.950375536;-0.026512622;-0.25390936
874532251;336.0625;7531;17118;0.9534347;-0.025492906;-0.2447319
874557189;336.0625;7531;17118;0.9534347;-0.033650636;-0.24065304
874582303;336.0625;7531;17112;0.9513953;-0.047926664;-0.247791052
874608524;336.0625;7531;17112;0.950375536;-0.044867516;-0.248810768
874634420;336.0625;7531;17118;0.9513953;-0.034670352;-0.24677134
874683121;336.0625;7531;17118;0.952415;-0.023453474;-0.25186992
874705466;336.0625;7531;17112;0.952415;-0.034670352;-0.248810768
874773200;336.0625;7531;17106;0.9513953;-0.042828084;-0.247791052
874798980;336.0625;7531;17106;0.950375536;-0.031611204;-0.247791052
874823451;336.0625;7531;17106;0.952415;-0.02753234;-0.24371218
874845049;336.0625;7531;17106;0.952415;-0.031611204;-0.24983048
874880950;336.125;7531;17112;0.9513953;-0.042828084;-0.248810768
874907906;336.125;7531;17112;0.950375536;-0.0387492184;-0.25288964
874934031;336.125;7531;17112;0.9534347;-0.039768936;-0.24167276
874955955;336.125;7531;17112;0.9513953;-0.033650636;-0.246771341573_gnss_gga.csv@874958089;0.0;0.0;0;0;2550
874983803;336.125;7531;17112;0.952415;-0.028552056;-0.242692468
875016906;336.125;7531;17112;0.950375536;-0.0387492184;-0.25186992
875044323;336.125;7531;17112;0.94935584;-0.04078865;-0.24983048
875066130;336.125;7531;17112;0.950375536;-0.04078865;-0.24575162
875098669;336.125;7531;17112;0.952415;-0.034670352;-0.24677134
875127386;336.125;7531;17112;0.952415;-0.034670352;-0.24983048
875154832;336.125;7531;17112;0.94935584;-0.034670352;-0.25390936
875218351;336.125;7531;17112;0.950375536;-0.0387492184;-0.24677134
875245099;336.125;7531;17112;0.950375536;-0.033650636;-0.25288964
875285442;336.125;7531;17112;0.952415;-0.02753234;-0.2508502
875310063;336.125;7531;17112;0.9513953;-0.036709784;-0.24371218
875338232;336.1875;7531;17112;0.9513953;-0.042828084;-0.24065304
875368755;336.1875;7531;17112;0.9513953;-0.04078865;-0.242692468
875396057;336.1875;7531;17112;0.950375536;-0.03569007;-0.25288964
875426062;336.1875;7531;17112;0.9513953;-0.02753234;-0.24983048
875448167;336.1875;7531;17112;0.9513953;-0.03263092;-0.247791052
875476705;336.1875;7531;17112;0.952415;-0.041808368;-0.24167276
875498871;336.1875;7531;17112;0.9513953;-0.0438478;-0.2447319
875526388;336.1875;7531;10@20000101_000006_898573_airspeed_sdp810.csv@875529913;-102;0;3948
875556665;336.1875;7531;17112;0.94935584;-0.03263092;-0.25288964
875578811;336.1875;7531;17112;0.952415;-0.030591488;-0.247791052
875607668;336.1875;7531;17112;0.952415;-0.034670352;-0.2447319
875632292;336.1875;7531;17112;0.9513953;-0.04078865;-0.247791052
875657214;336.1875;7531;14052
875679540;336.1875;7531;17112;0.94935584;-0.041808368;-0.248810768
875705319;336.1875;7531;17112;0.950375536;-0.03263092;-0.24575162
875727602;336.1875;7531;17112;0.952415;-0.028552056;-0.24575162
875777489;336.1875;7531;17112;0.9534347;-0.036709784;-0.24677134
875800924;336.1875;7531;17112;0.9513953;-0.0438478;-0.25492908
875827573;336.1875;7531;17112;0.9513953;-0.0387492184;-0.24677134
875849882;336.1875;7531;17112;0.952415;-0.031611204;-0.2447319
875871627;336.1875;7531;17112;0.9534347;-0.030591488;-0.23963332
875898438;336.1875;7531;17112;0.9513953;-0.03569007;-0.247791052
875925942;336.1875;7531;17112;0.9513953;-0.039768936;-0.2447319
875948547;336.1875;7531;17118;0.950375536;-0.041808368;-0.25186992
875970743;336.1875;7531;17118;0.94935584;-0.041808368;-0.24983048
875997515;336.1875;7531;17118;0.9513953;-0.036709784;-0.24677134
876028918;336.1875;7531;17118;0.9534347;-0.029571772;-0.2447319
876052041;336.1875;7531;17118;0.952415;-0.031611204;-0.248810768
876078545;336.25;7531;17118;0.950375536;-0.04078865;-0.25492908
876100028;336.25;7531;17118;0.950375536;-0.0438478;-0.24677134
876129337;336.25;7531;17118;0.94935584;-0.044867516;-0.24575162
876151166;336.25;7531;17118;0.952415;-0.033650636;-0.24575162
876174511;336.25;7531;17118;0.950375536;-0.030591488;-0.25186992
876229743;336.25;7531;1711_000006_898573_laser_agl.csv@876253798;0.027;1
876272498;336.3125;7531;17125;0.950375536;-0.042828084;-0.24167276
876299960;336.3125;7531;17125;0.9534347;-0.036709784;-0.247791052
876330573;336.3125;7531;17125;0.9513953;-0.028552056;-0.24983048
876352763;336.3125;7531;17125;0.9513953;-0.030591488;-0.2508502
876379630;336.3125;7531;17125;0.9513953;-0.036709784;-0.24371218
876411407;336.3125;7531;17125;0.950375536;-0.041808368;-0.24575162
876433285;336.3125;7531;17125;0.950375536;-0.04078865;-0.24371218
876521185;336.3125;7531;17125;0.9513953;-0.03569007;-0.2508502
876543444;336.3125;7531;17125;0.9513953;-0.0387492184;-0.248810768
876580642;336.3125;7531;17125;0.950375536;-0.042828084;-0.24677134
876611370;336.3125;7531;17125;0.952415;-0.034670352;-0.247791052
876641206;336.3125;7531;17125;0.9513953;-0.030591488;-0.247791052
876691469;336.3125;7531;17125;0.952415;-0.041808368;-0.247791052
876712726;336.375;7531;17125;0.952415;-0.04078865;-0.24371218
876741526;336.375;7531;17125;0.9513953;-0.0377295;-0.24575162
876790619;336.375;75@20000101_000006_898573_accel_adxl375.csv@876794613;1.7149999;0.294;-0.049;1
876814007;336.375;7531;17125;0.9534347;-0.034670352;-0.24575162
876840129;336.375;7531;17125;0.9534347;-0.034670352;-0.24371218
876862693;336.375;7531;17125;0.9544544;-0.0387492184;-0.247791052
876892250;336.375;7531;17125;0.9513953;-0.04078865;-0.24677134
876913628;336.375;7531;17125;0.950375536;-0.036709784;-0.24983048
876935986;336.375;7531;17125;0.952415;-0.03263092;-0.247791052
876962863;336.375;7531;17125;0.952415;-0.034670352;-0.247791052
876984700;336.375;7531;17125;0.9513953;-0.039768936;-0.248810768
877013044;336.375;7531;17125;0.950375536;-0.036709784;-0.24575162
877042972;336.375;7531;17125;0.9513953;-0.0387492184;-0.25288964
877068155;336.375;7531;17125;0.950375536;-0.0377295;-0.248810768
877093127;336.375;7531;17125;0.9513953;-0.033650636;-0.248810768
877123543;336.375;7531;17131;0.950375536;-0.033650636;-0.2508502
877145370;336.375;7531;17131;0.94935584;-0.0377295;-0.247791052
877168689;336.375;7531;17131;0.9534347;-0.0387492184;-0.24371218
877196667;336.375;7531;17131;0.950375536;-0.0377295;-0.24575162
877243874;336.375;7531;17131;0.9513953;-0.033650636;-0.2447319
877266207;336.4375;7531;17131;0.952415;-0.033650636;-0.24371218
877296947;336.4375;7531;17131;0.9513953;-0.036709784;-0.24575162
877320059;336.4375;7531;17131;0.952415;-0.0377295;-0.248810768
877345078;336.4375;7531;17131;0.952415;-0.039768936;-0.2508502
877369948;336.4375;7531;17131;0.9513953;-0.036709784;-0.24575162
877394535;336.4375;7531;17131;0.952415;-0.0377295;-0.24677134
877418424;336.4375;7531;17131;0.950375536;-0.033650636;-0.24677134
877444567;336.4375;7531;17131;0.9513953;-0.034670352;-0.24983048
877466007;336.4375;7531;17131;0.9513953;-0.039768936;-0.2508502
877494938;336.4375;7531;17131;0.9483361;-0.04078865;-0.24677134
877517098;336.4375;7531;17131;0.9513953;-0.0387492184;-0.23555446
877545143;336.4375;7531;17131;0.94935584;-0.0377295;-0.24371218
877566799;336.4375;7531;17131;0.950375536;-0.030591488;-0.25390936
877595117;336.4375;7531;17131;0.9513953;-0.03569007;-0.25186992
877616573;336.4375;7531;17131;0.9513953;-0.034670352;-0.248810768
877645561;336.4375;7537;17131;0.950375536;-0.034670352;-0.24677134
877679503;336.4375;7537;17137;0.9534347;-0.034670352;-0.24371218
877706716;336.4375;7537;17137;0.950375536;-0.036709784;-0.24371218
877735798;336.4375;7537;17137;0.952415;-0.036709784;-0.247791052
877759236;336.4375;7537;17137;0.9513953;-0.03263092;-0.2508502
877796705;336.5;7537;17137;0.9544544;-0.036709784;-0.24371218
877820454;336.5;7537;17137;0.9544544;-0.0387492184;-0.23453474
877846645;336.5;7537;17137;0.9534347;-0.042828084;-0.242692468
877876417;336.5;7531;17137;0.9473164;-0.0377295;-0.25390936
877898734;336.5;7531;17137;0.950375536;-0.036709784;-0.25492908
877922034;336.5;7531;17137;0.9513953;-0.03569007;-0.2508502
877946878;336.5;7531;17137;0.952415;-0.036709784;-0.237593884
877970738;336.5;7531;17137;0.9534347;-0.041808368;-0.24575162
877996970;336.5;7531;17137;0.950375536;-0.042828084;-0.247791052
878019603;336.5;7531;17137;0.94935584;-0.036709784;-0.25594878
878046871;336.5;7531;17137;0.952415;-0.033650636;-0.248810768
878070940;336.5;7531;17137;0.9513953;-0.02753234;-0.24575162
878097586;336.5;7531;17137;0.950375536;-0.030591488;-0.24677134
878123668;336.5;7531;17143;0.952415;-0.034670352;-0.23963332
878157966;336.5;7531;17137;0.94935584;-0.042828084;-0.25186992
878218316;336.5;7531;17137;0.9513953;-0.033650636;-0.24371218
878249703;336.5;7531;17137;0.952415;-0.030591488;-0.2508502
878278786;336.5;7531;17131;0.952415;-0.031611204;-0.24983048
878349148;336.5;7531;17125;0.94935584;-0.049966096;-0.24575162
878371803;336.5;7531;17125;0.950375536;-0.036709784;-0.24677134
878398710;336.5;7531;17125;0.950375536;-0.033650636;-0.24983048
878429919;336.5;7531;17125;0.950375536;-0.031611204;-0.25186992
878452445;336.5;7531;17125;0.950375536;-0.042828084;-0.24677134
878479769;336.5625;7531;17131;0.952415;-0.04894638;-0.24065304
878503263;336.5625;7531;17131;0.9513953;-0.041808368;-0.24167276
878529852;336.5625;7531;17137;0.9513953;-0.036709784;-0.248810768
878552664;336.5625;7531;17137;0.9513953;-0.02447319;-0.25594878
878575093;336.5625;7531;17137;0.952415;-0.023453474;-0.248810768
878600230;336.5625;7531;17137;0.9544544;-0.030591488;-0.242692468
878628225;336.5625;7531;17131;0.9534347;-0.039768936;-0.2386136
878650485;336.625;7531;17131;0.9513953;-0.046906948;-0.24371218
878676035;336.625;7531;17131;0.9513953;-0.04078865;-0.242692468
878700610;336.5625;7531;17131;0.94935584;-0.031611204;-0.2579882
878722626;336.5625;7531;17131;0.950375536;-0.028552056;-0.24983048
878750447;336.5625;7531;17131;0.9534347;-0.028552056;-0.248810768
878772373;336.5625;7531;17125;0.9513953;-0.044867516;-0.23453474
878811008;336.5625;7531;17125;0.950375536;-0.049966096;-0.24983048
878833602;336.5625;7531;17125;0.9473164;-0.04588723;-0.2579882
878860522;336.5625;7531;17125;0.9513953;-0.03263092;-0.25288964
878891480;336.5625;7531;17131;0.9544544;-0.029571772;-0.23453474
878921521;336.625;7531;17131;0.9534347;-0.0387492184;-0.24677134
878944389;336.625;7531;17131;0.952415;-0.0438478;-0.25288964
878970706;336.625;7531;17131;0.9513953;-0.039768936;-0.25594878
878992666;336.625;7531;17@20000101_000006_898573_imu_lsm6dso32.csv@878996138;0.983808;0.0732;0.01464;0;63;-70;1
879021901;336.625;7531;17125;0.95649384;-0.029571772;-0.22841644
879043697;336.625;7531;17125;0.9534347;-0.031611204;-0.24575162
879070742;336.625;7531;17131;0.950375536;-0.036709784;-0.25288964
879101912;336.625;7531;17125;0.9513953;-0.042828084;-0.26104736
879128466;336.625;7531;17125;0.9544544;-0.036709784;-0.22739672
879152682;336.625;7531;17125;0.9544544;-0.034670352;-0.22739672
879174672;336.625;7531;17125;0.9513953;-0.031611204;-0.24575162
879202821;336.625;7531;17125;0.9483361;-0.04078865;-0.2692051
879228222;336.625;7531;17125;0.94935584;-0.04078865;-0.25900792
879262538;336.625;7531;17125;0.9534347;-0.042828084;-0.23453474
879295539;336.625;7531;17125;0.952415;-0.036709784;-0.23453474
879343555;336.5625;7525;17125;0.9462967;-0.036709784;-0.2641065
879367067;336.5625;7525;17125;0.950375536;-0.034670352;-0.25492908
879395575;336.5625;7531;17125;0.9534347;-0.0387492184;-0.232495316
879423666;336.5625;7531;17125;0.9544544;-0.0377295;-0.23351502
879446134;336.5625;7531;17125;0.950375536;-0.03263092;-0.2508502
879469138;336.5625;7531;17125;0.94935584;-0.03263092;-0.2579882
879502893;336.5625;7531;17125;0.950375536;-0.030591488;-0.26614594
879528594;336.625;7531;17125;0.95547416;-0.030591488;-0.23351502
879554000;336.625;7537;17__sdp810.csv@879557382;-143;0;3945
879577837;336.625;7537;17118;0.952415;-0.04078865;-0.232495316
879607529;336.625;7531;17112;0.94935584;-0.04078865;-0.26002764
879630914;336.625;7531;17112;0.94935584;-0.03569007;-0.25594878
879654962;336.625;7531;17118;0.950375536;-0.039768936;-0.2508502
879678096;336.6875;7531;17118;0.9544544;-0.036709784;-0.226377008
879707127;336.6875;7531;17112;0.9513953;-0.04588723;-0.24167276
879729437;336.625;7531;17112;0.950375536;-0.04588723;-0.25492908
879754910;336.625;7531;17112;0.9473164;-0.044867516;-0.25900792
879777348;336.625;7531;17112;0.9513953;-0.04078865;-0.2579882
879825745;336.625;7531;17112;0.9513953;-0.041808368;-0.23657418
879848291;336.625;7531;17112;0.950375536;-0.036709784;-0.24677134
879869601;336.5625;7531;17112;0.9483361;-0.03569007;-0.2569685
879896077;336.5625;7531;17112;0.950375536;-0.034670352;-0.2692051
879947770;336.625;7531;17112;0.952415;-0.031611204;-0.23453474
879975820;336.625;7531;17112;0.95547416;-0.031611204;-0.22943616
880008385;336.625;7531;17112;0.9473164;-0.03569007;-0.26002764
880031893;336.625;7531;17112;0.950375536;-0.0377295;-0.26104736
880056631;336.6875;7531;158;-0.2579882
880083074;336.6875;7531;17112;0.95547416;-0.031611204;-0.23045588
880108124;336.6875;7531;17106;0.9534347;-0.041808368;-0.23555446
880131691;336.6875;7531;17100;0.952415;-0.041808368;-0.24065304
880157023;336.6875;7531;17100;0.94935584;-0.04588723;-0.25390936
880189291;336.6875;7531;171191039;-380;0;3947
880210950;336.6875;7531;17100;0.950375536;-0.039768936;-0.24371218
880237498;336.6875;7531;17100;0.95547416;-0.039768936;-0.22841644
880259784;336.6875;7531;17100;0.9483361;-0.041808368;-0.2447319
880301444;336.625;7531;17100;0.9483361;-0.044867516;-0.26206708
880329866;336.625;7531;17106;0.9534347;-0.036709784;-0.24677134
880357024;336.625;7531;17106;0.9544544;-0.034670352;-0.23555446
880380291;336.625;7531;17106;0.9534347;-0.0377295;-0.23555446
880408745;336.625;7525;17106;0.94935584;-0.03569007;-0.2702248
880431697;336.5625;7525;17112;0.94935584;-0.026512622;-0.26818538
880458363;336.625;7531;170irspeed_sdp810.csv@880460382;-240;0;3945
880511201;336.6875;7531;17100;0.952415;-0.03569007;-0.23555446
880532584;336.6875;7531;17093;0.9513953;-0.04894638;-0.24983048
880558596;336.6875;7531;17093;0.9473164;-0.0438478;-0.26104736
880580730;336.6875;7531;17093;0.9534347;-0.036709784;-0.25594878
880609119;336.6875;7537;17093;0.9534347;-0.03263092;-0.24575162
880632873;336.6875;7537;17087;0.95649384;-0.029571772;-0.22943616
880659126;336.75;7531;170@20000101_000006_898573_airspeed_sdp810.csv@880662013;-195;0;3945
880681461;336.75;7531;17081;0.94935584;-0.053025244;-0.26104736
880702577;336.75;7531;17081;0.9483361;-0.050985812;-0.26614594
880735587;336.6875;7531;17081;0.952415;-0.041808368;-0.2447319
880759417;336.6875;7531;17087;0.9544544;-0.03263092;-0.23453474
880789724;336.6875;7531;1_000006_898573_airspeed_sdp810.csv@880791485;-253;0;3947
880831217;336.6875;7531;17093;0.9513953;-0.041808368;-0.26002764
880860279;336.6875;7525;17093;0.9473164;-0.042828084;-0.26002764
880890074;336.6875;7531;17ed_sdp810.csv@880892155;-180;0;3945
880943915;336.6875;7531;17112;0.9513953;-0.02447319;-0.24983048
880970244;336.6875;7531;17112;0.94935584;-0.031611204;-0.2630868
880991577;336.6875;7531;12573_airspeed_sdp810.csv@880994439;-247;0;3947
881020669;336.6875;16_898573_airspeed_sdp810.csv@881022902;-315;0;3946
881043701;336.75;7531;17100;0.9544544;-0.036709784;-0.23045588
881070653;336.75;7531;17100;0.95547416;-0.033650636;-0.23453474
881100899;336.75;7531;17087;0.950375536;-0.039768936;-0.25288964
881131119;336.75;7531;17081;0.9473164;-0.041808368;-0.26716566
881154338;336.75;7531;17075;0.950375536;-0.04078865;-0.24371218
881187057;336.8125;7531;17075;0.9513953;-0.046906948;-0.22433758
881211545;336.8125;7531;17075;0.9544544;-0.042828084;-0.23453474
881238085;336.75;7531;17075;0.950375536;-0.042828084;-0.25900792
881270812;336.75;7531;17075;0.9473164;-0.039768936;-0.2641065
881301879;336.75;7531;17081;0.9544544;-0.036709784;-0.24065304
881353006;336.75;7531;17075;0.9544544;-0.034670352;-0.23351502
881381856;336.6875;7531;17075;0.9513953;-0.0387492184;-0.2579882
881404140;336.6875;7531;17087;0.9473164;-0.028552056;-0.2630868
881432559;336.6875;7531;17087;0.95547416;-0.02447319;-0.25492908
881453759;336.6875;7531;17093;0.95649384;-0.025492906;-0.23045588
881482591;336.6875;7531;17093;0.95649384;-0.033650636;-0.23351502
881512910;336.6875;7531;17081;0.952415;-0.036709784;-0.2569685
881535672;336.75;7531;17081;0.94935584;-0.03569007;-0.26818538
881562908;336.75;7525;17081;0.952415;-0.033650636;-0.25594878
881584630;336.75;7531;17075;0.952415;-0.033650636;-0.23045588
881608041;336.8125;7531;17068;0.9534347;-0.039768936;-0.2314756
881633432;336.8125;7531;17056;0.9513953;-0.04588723;-0.24575162
881664951;336.8125;7531;17056;0.950375536;-0.04588723;-0.26206708
881688197;336.8125;7531;17056;0.950375536;-0.039768936;-0.25390936
881718478;336.875;7531;17062;0.95547416;-0.0377295;-0.23453474
881741479;336.875;7531;17062;0.95649384;-0.0377295;-0.2314756
881768740;336.875;7531;17062;0.9513953;-0.042828084;-0.24575162
881793769;336.875;7531;179@20000101_000006_898573_airspeed_sdp810.csv@881796146;-377;0;3947
881834671;336.875;7537;17068;0.9544544;-0.036709784;-0.24371218
881864247;336.875;7537;17075;0.95547416;-0.031611204;-0.23555446
881888683;336.875;7531;17081;0.9534347;-0.028552056;-0.22943616
881924256;336.75;7531;17081;0.950375536;-0.034670352;-0.2579882
881946815;336.75;7531;17081;0.9483361;-0.03569007;-0.26614594
881973575;336.75;7531;17081;0.9513953;-0.03569007;-0.25390936
882006148;336.75;7531;17075;0.9534347;-0.030591488;-0.23555446
882027471;336.75;7525;17081;0.950375536;-0.03569007;-0.25186992
882054812;336.6875;7525;17075;0.94935584;-0.033650636;-0.25900792
882078105;336.75;7525;17075;0.9483361;-0.034670352;-0.27124452
882102676;336.75;7525;17068;0.9534347;-0.034670352;-0.24575162
882128244;336.8125;7531;17062;0.95547416;-0.04078865;-0.2314756
882149660;336.8125;7531;17056;0.95547416;-0.041808368;-0.2253573
882176691;336.8125;7531;17056;0.9473164;-0.046906948;-0.26206708
882198692;336.8125;7531;17056;0.9473164;-0.047926664;-0.27226424
882230129;336.875;7531;17056;0.952415;-0.0387492184;-0.24371218
882256020;336.875;7531;17056;0.95547416;-0.034670352;-0.2314756
882288209;336.875;7537;17056;0.9534347;-0.042828084;-0.06_898573_airspeed_sdp810.csv@882290014;-340;0;3949
882309632;336.875;7531;17056;0.9513953;-0.04588723;-0.25186992
882344730;336.875;7531;17056;0.9513953;-0.041808368;-0.25900792
882369000;336.875;7531;17062;0.9544544;-0.033650636;-0.2447319
882391996;336.8125;7531;1@20000101_000006_898573_airspeed_sdp810.csv@882394528;-355;0;3944
882416781;336.8125;7531;17075;0.952415;-0.026512622;-0.232495316
882440141;336.8125;7531;17075;0.9513953;-0.036709784;-0.248810768
882467264;336.8125;7525;17075;0.9483361;-0.036709784;-0.26614594
882489805;336.8125;7525;17075;0.94935584;-0.041808368;-0.25594878
882519790;336.8125;7525;17075;0.9544544;-0.029571772;-0.24371218
882541695;336.8125;7525;17075;0.9544544;-0.030591488;-0.2386136
882568180;336.875;7525;17081;0.9534347;-0.034670352;-0.24983048
882619817;336.875;7525;17075;0.9483361;-0.049966096;-0.2569685
882643745;336.875;7525;17068;0.9513953;-0.044867516;-0.25390936
882678159;336.9375;7531;17068;0.9513953;-0.041808368;-0.24167276
882699526;336.9375;7531;17068;0.95547416;-0.030591488;-0.23351502
882721810;336.9375;7531;17075;0.952415;-0.02753234;-0.247791052
882743881;336.9375;7531;17068;0.9483361;-0.0438478;-0.25390936
882768313;337.0;7531;17068;0.950375536;-0.04894638;-0.26002764
882798885;336.9375;7531;17068;0.9544544;-0.046906948;-0.2386136
882822014;336.9375;7531;17068;0.95649384;-0.04078865;-0.23045588
882869153;336.875;7531;17075;0.95547416;-0.02447319;-0.24677134
882895709;336.875;7531;17081;0.950375536;-0.03263092;-0.26206708
882920377;336.875;7525;17081;0.950375536;-0.04894638;-0.2508502
882942227;336.875;7525;17081;0.94935584;-0.044867516;-0.24167276
882969007;336.875;7531;17081;0.950375536;-0.041808368;-0.23453474
882990814;336.8125;7525;17081;0.94935584;-0.034670352;-0.2508502
883012642;336.8125;7525;17087;0.9483361;-0.02753234;-0.26512624
883039724;336.8125;7525;17093;0.9473164;-0.028552056;-0.26512624
883069872;336.875;7525;17093;0.9513953;-0.03569007;-0.247791052
883100625;336.9375;7525;17087;0.9544544;-0.0438478;-0.232495316
883122661;336.9375;7525;17087;0.9513953;-0.042828084;-0.247791052
883144493;336.9375;7525;17087;0.950375536;-0.0387492184;-0.26104736
883169936;337.0;7525;17087;0.9483361;-0.0377295;-0.2630868
883200351;337.0;7531;17087;0.95649384;-0.030591488;-0.232495316
883230753;337.0625;7531;17081;0.95649384;-0.03569007;-0.22739672
883252878;337.0625;7531;17081;0.9513953;-0.042828084;-0.23963332
883280642;337.0625;7531;17081;0.952415;-0.04894638;-0.25594878
883310702;337.0625;7531;17075;0.9513953;-0.046906948;-0.25288964
883333624;337.0;7531;17075;0.9513953;-0.03263092;-0.23453474
883391387;337.0;7531;17075;0.952415;-0.034670352;-0.242692468
883414483;337.0;7525;17075;0.94935584;-0.04588723;-0.26002764
883440077;336.9375;7525;17075;0.9473164;-0.04588723;-0.26002764
883462562;336.9375;7525;17081;0.9534347;-0.03569007;-0.24371218
883491731;336.9375;7525;17093;0.9534347;-0.029571772;-0.237593884
883515754;336.875;7525;17093;0.952415;-0.028552056;-0.2508502
883547447;336.9375;7525;17093;0.94935584;-0.039768936;-0.2702248
883581567;336.9375;7525;17100;0.950375536;-0.036709784;-0.26512624
883603787;337.0;7531;17100;0.952415;-0.0387492184;-0.232495316
883632624;337.0;7531;17100;0.9534347;-0.026512622;-0.23045588
883656125;337.0;7531;1710600000_898573_imu_lsm6dso32.csv@883658014;0.986736;0.061488;-0.015616;-224;-28;7;1
883682274;337.0625;7531;17100;0.950375536;-0.0387492184;-0.26104736
883709691;337.0625;7531;17093;0.94935584;-0.04078865;-0.26206708
883733379;337.125;7531;17087;0.950375536;-0.04588723;-0.23963332
883761689;337.125;7537;17087;0.952415;-0.034670352;-0.22025872
883784932;337.125;7537;17087;0.95649384;-0.03569007;-0.2314756
883812729;337.125;7531;17087;0.950375536;-0.0387492184;-0.24677134
883863445;337.125;7531;17087;0.959553;-0.0377295;-0.248810768
883889966;337.125;7531;1705108368;-0.24371218
883944771;337.0625;7531;17093;0.96261216;-0.025492906;-0.23045588
883973434;337.0;7531;17100;0.9422178;-0.015295744;-0.24677134
884048254;336.5625;7531;17093;1.1757328;-0.088715316;-0.32936836
884074152;336.0;7531;17087;1.4796083;-0.10095191;-0.39666964
884099079;335.5625;7537;17087;2.267849;-0.14683914;-0.6281452
884124484;334.5625;7537;17112;2.7522142;-0.172332052;-0.6927airspeed_sdp810.csv@884127044;-23;0;3945
884146786;334.0625;7537;17150;3.769891;-0.221278432;-1.056426
884184345;333.8125;7537;17193;4.017682;-0.242692468;-1.225699
884205621;333.125;7537;17187;4.017682;-0.17845034;-1.2940199
884234817;331.5625;7518;17168;4.017682;-0.27736282;-1.4796083
884278129;330.25;7506;17100;4.017682;-0.42930056;-1.9966044
884303381;330.4375;7506;17112;4.017682;-0.49150324;-2.0027228
884335991;331.25;7518;17068;4.017682;-0.30387544;-2.1770942
884359052;332.375;7575;17@01_000006_898573_imu_lsm6dso32.csv@884360922;7.5376477;0.357216;-0.266448;-9401;2541;840;1
884385137;333.8125;7618;16900;4.017682;-0.1815095;-2.0832804
884407721;336.75;7731;16593;4.017682;-0.013256311;-2.0006832
884437656;340.9375;7875;15925;4.017682;0.0387492184;-1.81815408
884466881;346.3125;7981;14650;4.017682;0.088715316;-1.69884732
884496624;352.875;7956;12881;4.017682;0.25186992;-1.7365768
884532363;0.4375;7718;11331;4.017682;0.377295016;-1.6080926
884555144;6.25;7443;10793;4.017682;0.45581316;-1.5326336
884579526;16.625;6893;10731;4.017682;0.6067312;-1.1981666
884606811;30.5;6243;11393;4.017682;0.66077616;-0.9014292
884639180;52.375;5562;12762;4.017682;0.5832777;-0.088715316
884668318;91.375;4987;14862;4.017682;-0.07138014;0.50475956
884690223;132.0;4781;16550;4.017682;-0.87593624;0.72399852
884720617;194.5;4681;-17157;4.017682;-1.6284869;0.9422178
884747039;217.625;4587;-16294;4.017682;-1.7100642;1.0197163
884776821;185.5625;4218;-16294;4.017682;-1.5907574;1.6070728
884799510;175.6875;3612;-17732;4.017682;-0.4894638;2.0516692
884829912;164.5;3043;16300;4.017682;0.8096547;2.1964688
884857363;162.0;2725;15681;4.017682;1.1165893;2.6502426
884879644;167.9375;2268;16556;4.017682;0.10605049;3.0489516
884901949;175.125;2043;17981;4.017682;-0.7158408;3.3722016
884937967;183.0;1562;-16307;4.017682;-1.77430632;4.030938
884968494;180.5625;856;-17569;4.017682;0.017335176;4.007485
884989978;179.375;3714.459;1.372;6.125;1
885012102;180.875;-19;17287;4.017682;0.46193148;4.030938
885038981;186.0;-463;-17032;4.017682;-1.1380034;4.030938
885067975;188.75;-700;-15832;4.017682;-1.4867463;4.030938
885089725;190.875;-1325;-15744;4.017682;-0.5659425;4.030938
885120097;193.75;-2119;-16788;4.017682;0.07953787;4.030938
885149443;196.9375;-2757;-16038;4.017682;-0.387492184;4.030938
885179182;121.125;-3369;-14757;4.017682;-1.2838228;4.030938
885200735;132.9375;-3919;-14644;4.017682;-0.398709068;4.030938
885228978;146.0;-4500;-14588;4.017682;-0.58633684;4.030938
885259933;154.1875;-5569;-13132;4.017682;-1.1532991;4.030938
885289612;169.5;-6488;-11857;4.017682;-0.50577924;4.030938
885311793;178.6875;-6938;-10125;4.0095244;0.2070024;4.030938
885339830;177.25;-6707;-5769;4.017682;-0.12236595;4.030938
