854108566;0.025;1
854165290;0.025;0
854205494;0.028;1
854265970;0.028;0
854304645;0.026;1
854367128;0.026;0
854394434;0.027;1
854461443;0.027;0
854506883;0.025;1
854596912;0.027;1
854648426;0.027;0
854694592;0.026;1
854749537;0.026;0
854788148;0.027;1
854848853;0.027;0
854907800;0.026;1
854966140;0.026;0
855004096;0.027;1
855076759;0.027;0
855089038;0.026;1
855161780;0.026;0
855196908;0.027;1
855262643;0.027;0
855298768;0.025;1
855367421;0.025;0
855399583;0.026;1
855463630;0.026;0
855497450;0.025;1
855603459;0.027;1
855675454;0.026;0
855686621;0.026;1
855789431;0.027;1
855862378;0.027;0
855876420;0.025;1
855946421;0.025;0
855981813;0.026;1
856035431;0.026;0
856096423;0.026;1
856166839;0.026;0
856179822;0.027;1
856237294;0.027;0
856275149;0.026;1
856336533;0.026;0
856367546;0.025;1
856430786;0.025;0
856498639;0.027;1
856594755;0.027;1
856649785;0.027;0
856666330;0.026;1
856720736;0.026;0
856778905;0.026;1
856848114;0.026;0
856883014;0.027;1
856945630;0.027;0
856960340;0.026;1
857012398;0.026;0
857087551;0.026;1
857149080;0.026;0
857160528;0.028;1
857231867;0.028;0
857264091;0.027;1
857328256;0.027;0
857363663;0.026;1
857419809;0.026;0
857459679;0.025;1
857518079;0.025;0
857583033;0.026;1
857648873;0.026;0
857660387;0.027;1
857721776;0.027;0
857756157;0.026;1
857826570;0.026;0
857862278;0.028;1
857935536;0.028;0
857973979;0.026;1
858036036;0.026;0
858047394;0.024;1
858159522;0.027;1
858256414;0.025;1
858326988;0.025;0
858359457;0.027;1
858436636;0.027;0
858447527;0.023;1
858515261;0.023;0
858555425;0.025;1
858650072;0.026;1
858706601;0.026;0
858740541;0.025;1
858805432;0.025;0
858843588;0.027;1
858908148;0.027;0
858943184;0.027;1
858995647;0.027;0
859049584;0.026;1
859118303;0.026;0
859132771;0.026;1
859192865;0.026;0
859247645;0.027;1
859316399;0.027;0
859349237;0.027;1
859420064;0.027;0
859436727;0.026;1
859545427;0.025;1
859630915;0.027;1
859683504;0.027;0
859740630;0.026;1
859802241;0.026;0
859838047;0.025;1
859907476;0.025;0
859922906;0.028;1
859989234;0.028;0
860022385;0.026;1
860104296;0.026;0
860140316;0.026;1
860202309;0.026;0
860241735;0.025;1
860293580;0.025;0
860335457;0.029;1
860394239;0.029;0
860425923;0.025;1
860486179;0.025;0
860526114;0.028;1
860614027;0.028;1
860667645;0.028;0
860712969;0.026;1
860766599;0.026;0
860809934;0.028;1
860875458;0.028;0
860916112;0.028;1
860977259;0.028;0
861008828;0.027;1
861097364;0.027;0
861109580;0.028;1
861169982;0.028;0
861224101;0.026;1
861296439;0.026;0
861315381;0.027;1
861385141;0.027;0
861419422;0.026;1
861493315;0.026;0
861515397;0.027;1
861612074;0.026;1
861664672;0.026;0
861702478;0.026;1
861771963;0.026;0
861803337;0.027;1
861858076;0.027;0
861897174;0.027;1
861955368;0.027;0
862001762;0.026;1
862084402;0.026;0
862098709;0.027;1
862157694;0.027;0
862195694;0.025;1
862261482;0.025;0
862309944;0.027;1
862366009;0.027;0
862408191;0.027;1
862465989;0.027;0
862500866;0.028;1
862597186;0.025;1
862672558;0.025;0
862685607;0.027;1
862743709;0.027;0
862796521;0.027;1
862898123;0.026;1
862956885;0.026;0
862989798;0.026;1
863059836;0.026;0
863113102;0.028;1
863165443;0.028;0
863179295;0.025;1
863235404;0.025;0
863284253;0.028;1
863339742;0.028;0
863397779;0.026;1
863472927;0.026;0
863495397;0.027;1
863560551;0.027;0
863574078;0.025;1
863678321;0.027;1
863738737;0.027;0
863798123;0.027;1
863851600;0.027;0
863892137;0.028;1
863955433;0.028;0
863970224;0.028;1
864068401;0.027;1
864174405;0.026;1
864242416;0.026;0
864285417;0.026;1
864351444;0.026;0
864363880;0.027;1
864431672;0.027;0
864471580;0.027;1
864532023;0.027;0
864563738;0.027;1
864633281;0.027;0
864666935;0.029;1
864733899;0.029;0
864767113;0.026;1
864826845;0.026;0
864858895;0.025;1
864941427;0.025;0
864972623;0.025;1
865039270;0.025;0
865084642;0.028;1
865140089;0.028;0
865175557;0.024;1
865230081;0.024;0
865276592;0.027;1
865347384;0.027;0
865361350;0.025;1
865421567;0.025;0
865458341;0.027;1
865529040;0.027;0
865565594;0.027;1
865644985;0.027;0
865659091;0.027;1
865748155;0.026;1
865806799;0.026;0
865846516;0.026;1
865921561;0.026;0
865955926;0.027;1
866020433;0.027;0
866053159;0.027;1
866118352;0.027;0
866153132;0.028;1
866227752;0.028;0
866249159;0.026;1
866312338;0.026;0
866348509;0.027;1
866420139;0.027;0
866451350;0.025;1
866511723;0.025;0
866535480;0.026;1
866593944;0.026;0
866634291;0.028;1
866735084;0.026;1
866804496;0.026;0
866840827;0.028;1
866904145;0.028;0
866946016;0.026;1
867012782;0.026;0
867044500;0.026;1
867114018;0.026;0
867127312;0.026;1
867186688;0.026;0
867250525;0.027;1
867332376;0.026;1
867396109;0.026;0
867435732;0.028;1
867507064;0.028;0
867526652;0.027;1
867585728;0.027;0
867645229;0.028;1
867715457;0.028;0
867797275;0.026;0
867835675;0.026;1
867905906;0.026;0
867917420;0.027;1
867978707;0.027;0
868041539;0.027;1
868105434;0.027;0
868119981;0.027;1
868171496;0.027;0
868236153;0.028;1
868318984;0.027;1
868378736;0.027;0
868417685;0.026;1
868474051;0.026;0
868509876;0.027;1
868586644;0.027;0
868620551;0.028;1
868676532;0.028;0
868709478;0.026;1
868806070;0.026;1
868860674;0.026;0
868914057;0.026;1
868968657;0.026;0
869009897;0.028;1
869065823;0.028;0
869119305;0.026;1
869272510;0.028;0
869310486;0.025;1
869374164;0.025;0
869416962;0.027;1
869479446;0.027;0
869503104;0.026;1
869574148;0.026;0
869595461;0.027;1
869654568;0.027;0
869701959;0.025;1
869775901;0.025;0
869815470;0.026;1
869876973;0.026;0
869892203;0.025;1
869957330;0.025;0
870011173;0.027;1
870107067;0.025;1
870166281;0.025;0
870215751;0.027;1
870287638;0.026;1
870366952;0.026;0
870385430;0.027;1
870454195;0.027;0
870496549;0.026;1
870556609;0.026;0
870603678;0.026;1
870659775;0.026;0
870692943;0.025;1
870773121;0.025;0
870796846;0.026;1
870863520;0.026;0
870894525;0.027;1
870952272;0.027;0
870985435;0.027;1
871042614;0.027;0
871097063;0.026;1
871150735;0.026;0
871277713;0.027;1
871344585;0.027;0
871376782;0.027;1
871429488;0.027;0
871471859;0.024;1
871527522;0.024;0
871590306;0.026;1
871646732;0.026;0
871688083;0.027;1
871748230;0.027;0
871789166;0.025;1
871848066;0.025;0
871880804;0.027;1
871943382;0.027;0
871978051;0.027;1
872033451;0.027;0
872068706;0.025;1
872126175;0.025;0
872179173;0.026;1
872239047;0.026;0
872276479;0.027;1
872364218;0.028;1
872427359;0.028;0
872529374;0.027;0
872560402;0.027;1
872674499;0.027;1
872745475;0.027;0
872780369;0.025;1
872863062;0.025;1
872919747;0.025;0
872951539;0.028;1
873021440;0.028;0
873055965;0.025;1
873129891;0.025;0
873162822;0.027;1
873227809;0.027;0
873260128;0.025;1
873352090;0.027;1
873421288;0.027;0
873456277;0.025;1
873525401;0.025;0
873560873;0.025;1
873615538;0.025;0
873654859;0.025;1
873712722;0.025;0
873748324;0.028;1
873828994;0.028;0
873840401;0.027;1
873955331;0.027;1
874022309;0.027;0
874055511;0.026;1
874130432;0.026;0
874141443;0.028;1
874205141;0.028;0
874245624;0.027;1
874346096;0.027;1
874403565;0.027;0
874446544;0.027;1
874511234;0.027;0
874548379;0.026;1
874612013;0.026;0
874629593;0.026;1
874699798;0.026;0
874732565;0.026;1
874809225;0.026;0
874847238;0.028;1
874914087;0.028;0
874925652;0.027;1
875048802;0.025;1
875105218;0.025;0
875123008;0.026;1
875223297;0.026;1
875299594;0.026;0
875341609;0.028;1
875399581;0.028;0
875432285;0.025;1
875484107;0.025;0
875517790;0.027;1
875582824;0.027;0
875636998;0.026;1
875697050;0.026;0
875733160;0.026;1
875809078;0.026;0
875820418;0.026;1
875876599;0.026;0
875933041;0.027;1
875984406;0.027;0
876033953;0.026;1
876089604;0.026;0
876131557;0.027;1
876183793;0.027;0
876327102;0.027;1
876384245;0.027;0
876405438;0.027;1
876464479;0.027;0
876515440;0.027;1
876606819;0.024;1
876666932;0.024;0
876706051;0.027;1
876807204;0.025;1
876865308;0.025;0
876905512;0.027;1
876968540;0.027;0
876999651;0.026;1
877072376;0.026;0
877118341;0.027;1
877174916;0.027;0
877229541;0.027;1
877300348;0.025;1
877365471;0.025;0
877397914;0.026;1
877459025;0.026;0
877510572;0.026;1
877569685;0.026;0
877608879;0.026;1
877681738;0.026;0
877693532;0.026;1
877784000;0.026;0
877801757;0.027;1
877868192;0.027;0
877901681;0.029;1
877958570;0.029;0
877999354;0.025;1
878061781;0.025;0
878099882;0.028;1
878164330;0.028;0
878284518;0.027;1
878363629;0.027;0
878403171;0.026;1
878467315;0.026;0
878484053;0.025;1
878546486;0.025;0
878581380;0.027;1
878641239;0.027;0
878679367;0.026;1
878737535;0.026;0
878796168;0.026;1
878866770;0.026;0
878888311;0.026;1
878950647;0.026;0
878981959;0.027;1
879045558;0.027;0
879079217;0.026;1
879148973;0.026;0
879197683;0.026;1
879266927;0.027;0
879278347;0.027;1
879374151;0.026;1
879435492;0.026;0
879472693;0.027;1
879538634;0.027;0
879569931;0.025;1
879635348;0.025;0
879666326;0.026;1
879732718;0.026;0
879764765;0.026;1
879850363;0.026;0
879861370;0.027;1
879927569;0.027;0
880035909;0.024;0
880067871;0.024;1
880134434;0.024;0
880165499;0.028;1
880231567;0.028;0
880265448;0.026;1
880338699;0.026;0
880370450;0.026;1
880435800;0.026;0
880467566;0.024;1
880529346;0.024;0
880565288;0.025;1
880627247;0.025;0
880663637;0.027;1
880719967;0.027;0
880761802;0.028;1
880842634;0.028;0
880862524;0.027;1
880956250;0.022;1
881058133;0.024;1
881134441;0.024;0
881145501;0.026;1
881215418;0.026;0
881246324;0.025;1
881325439;0.025;0
881362794;0.027;1
881418139;0.027;0
881459060;0.025;1
881519742;0.025;0
881554888;0.026;1
881612159;0.026;0
881659512;0.028;1
881721787;0.028;0
881738347;0.028;1
881797713;0.028;0
881848845;0.027;1
881927700;0.027;0
881938865;0.024;1
882009573;0.024;0
882042445;0.026;1
882106028;0.026;0
882138252;0.027;1
882200376;0.027;0
882235039;0.027;1
882342710;0.027;1
882408936;0.027;0
882447657;0.028;1
882516961;0.028;0
882537086;0.026;1
882597219;0.026;0
882636475;0.026;1
882704070;0.026;0
882737425;0.028;1
882802159;0.028;0
882834148;0.027;1
882922647;0.027;1
882977508;0.027;0
883030396;0.027;1
883103959;0.027;0
883117750;0.026;1
883173892;0.026;0
883225430;0.028;1
883285083;0.028;0
883326899;0.027;1
883423777;0.027;1
883493547;0.027;0
883511372;0.027;1
883586528;0.027;0
883626044;0.027;1
883686324;0.027;0
883728533;0.025;1
883788953;0.025;0
883830044;0.027;1
883925945;0.026;1
883979726;0.026;0
884015419;0.026;1
884078239;0.026;0
884117157;0.025;1
884187745;0.025;0
884228934;0.028;1
884312573;0.015;1
884375954;0.015;0
