session;antenna;module;run_s;fix3d_s;rmc_valid_after_s;rmc_valid_by_s;valid;status;in_view_max;used_max;best_cn0;top4_max;antenna_text;cep50_m;max_m;common_prns;neo_minus_atgm_db
1;none;ATGM336H;1002.8;;;;0;100;6;0;30;26.0;OPEN;;;0;
1;none;NEO-6M;1002.8;;;;0;100;2;0;29;;;;;0;
2;;ATGM336H;;;;;0;0;;;;;;;;0;
2;;NEO-6M;;;;;0;0;;;;;;;;0;
3;;ATGM336H;;;;;0;0;;;;;;;;0;
3;;NEO-6M;;;;;0;0;;;;;;;;0;
4;;ATGM336H;;;;;0;0;;;;;;;;0;
4;;NEO-6M;;;;;0;0;;;;;;;;0;
5;small-15x5;ATGM336H;1685.0;37.5;31.9;37.5;165;168;30;17;47;43.5;OK;1.3;4.4;10;2.3
5;small-15x5;NEO-6M;1685.0;37.5;31.9;37.5;165;168;13;12;47;42.0;;3.2;8.9;10;2.3
6;patch-12x12;ATGM336H;944.6;22.5;32.1;42.1;91;94;20;17;38;35.5;OPEN;1.5;10.5;8;5.8
6;patch-12x12;NEO-6M;944.6;3.7;;3.7;94;94;13;12;45;42.5;;3.3;9.3;8;5.8
7;neo-kit;ATGM336H;695.1;16.2;22.0;32.0;67;69;18;16;48;45.0;OK;0.9;11.2;7;3.9
7;neo-kit;NEO-6M;695.1;3.5;;3.5;69;69;14;11;49;45.8;;2.0;6.6;7;3.9
8;bt-580;ATGM336H;694.5;14.2;21.1;31.7;67;69;17;16;47;42.0;OK;1.2;16.3;9;1.1
8;bt-580;NEO-6M;694.5;1.0;;1.0;69;69;14;11;49;45.0;;2.2;7.3;9;1.1
9;;ATGM336H;21.0;;;;0;2;16;0;31;;OPEN;;;0;
9;;NEO-6M;21.0;;;;0;2;11;0;18;;;;;0;
