uptime;angle;pulse_us;done
5011589;90;1500;0
5701264;93;1533;0
5721299;99;1600;0
5731421;98;1588;0
5741289;84;1433;0
5751254;83;1422;0
5761285;85;1444;0
5782032;76;1344;0
5791144;75;1333;0
5811251;73;1311;0
5821386;74;1322;0
5831289;80;1388;0
5841261;78;1366;0
5851264;79;1377;0
5861281;82;1411;0
5871306;86;1455;0
5892159;85;1444;0
5901177;83;1422;0
5921255;71;1288;0
5931249;74;1322;0
5941407;80;1388;0
5951255;77;1355;0
5961279;94;1544;0
5971252;96;1566;0
5981279;92;1522;0
5991409;94;1544;0
6001293;101;1622;0
6011254;99;1600;0
6021428;93;1533;0
6037784;95;1555;0
6041203;83;1422;0
6051269;78;1366;0
6061888;98;1588;0
6091303;94;1544;0
6101158;97;1577;0
6111149;99;1600;0
6121148;97;1577;0
6131166;77;1355;0
6141288;76;1344;0
6151173;88;1477;0
6172002;90;1500;0
6201156;95;1555;0
6211149;97;1577;0
6221406;100;1611;0
6231170;97;1577;0
6241341;74;1322;0
6251282;76;1344;0
6261271;82;1411;0
6281889;99;1600;0
6291314;96;1566;0
6311266;75;1333;0
6331246;79;1377;0
6341413;82;1411;0
6351316;84;1433;0
6371972;83;1422;0
6401158;91;1511;0
6421365;86;1455;0
6431257;85;1444;0
6451278;84;1433;0
6461274;80;1388;0
6471248;83;1422;0
6481284;85;1444;0
6491404;83;1422;0
6501266;89;1488;0
6511242;88;1477;0
6521299;91;1511;0
6531263;90;1500;0
6541448;82;1411;0
6551267;84;1433;0
6561284;94;1544;0
6571242;96;1566;0
6581281;89;1488;0
6591405;86;1455;0
6601313;87;1466;0
6611270;90;1500;0
6621432;97;1577;0
6631288;95;1555;0
6641437;88;1477;0
6651269;86;1455;0
6661321;83;1422;0
6671292;87;1466;0
6681285;99;1600;0
6701325;93;1533;0
6711292;92;1522;0
6721294;86;1455;0
6731288;85;1444;0
6741438;98;1588;0
6751303;99;1600;0
6761287;97;1577;0
6771275;96;1566;0
6781296;83;1422;0
6801942;87;1466;0
6811198;86;1455;0
6831168;83;1422;0
6851166;89;1488;0
6861171;91;1511;0
6871182;84;1433;0
6881166;83;1422;0
6911999;90;1500;0
6921162;92;1522;0
6941411;88;1477;0
6951289;86;1455;0
6961287;87;1466;0
6971275;88;1477;0
6981281;89;1488;0
6991428;91;1511;0
7001290;84;1433;0
7051521;87;1466;0
7061295;92;1522;0
7072044;84;1433;0
7081166;85;1444;0
7101434;84;1433;0
7121277;96;1566;0
7141272;84;1433;0
7211183;96;1566;0
7221200;95;1555;0
7241284;96;1566;0
7251417;84;1433;0
7261299;85;1444;0
7271297;95;1555;0
7292008;85;1444;0
7321173;86;1455;0
7331178;89;1488;0
7341205;95;1555;0
7391369;93;1533;0
7401484;92;1522;0
7411296;85;1444;0
7432116;95;1555;0
7461181;94;1544;0
7471195;92;1522;0
7481196;95;1555;0
7531176;85;1444;0
7571298;91;1511;0
7581304;93;1533;0
7611974;95;1555;0
7641183;85;1444;0
7661178;95;1555;0
7681909;88;1477;0
7711173;85;1444;0
7731260;94;1544;0
7751272;95;1555;0
7771255;85;1444;0
7791325;95;1555;0
7841193;85;1444;0
7861317;86;1455;0
7871167;85;1444;0
7901885;89;1488;0
7911334;92;1522;0
7931307;85;1444;0
7951255;95;1555;0
7961414;94;1544;0
7971284;95;1555;0
7992002;85;1444;0
8041305;95;1555;0
8071294;93;1533;0
8081290;91;1511;0
8092035;95;1555;0
8161900;94;1544;0
8171303;95;1555;0
8191164;88;1477;0
8201174;86;1455;0
8211173;93;1533;0
8232114;85;1444;0
8261199;94;1544;0
8271312;95;1555;0
8281188;93;1533;0
8291182;92;1522;0
8301169;85;1444;0
8351168;94;1544;0
8371302;95;1555;0
8391271;85;1444;0
8431411;87;1466;0
8441283;90;1500;0
8451291;95;1555;0
8461262;94;1544;0
8471305;91;1511;0
8481434;94;1544;0
8491264;85;1444;0
8512002;95;1555;0
8541155;85;1444;0
8551157;87;1466;0
8561191;92;1522;0
8571170;91;1511;0
8591159;92;1522;0
8601195;85;1444;0
8621185;95;1555;0
8642020;85;1444;0
8691187;92;1522;0
8701170;91;1511;0
8711183;85;1444;0
8731341;88;1477;0
8741178;87;1466;0
8751177;95;1555;0
8772030;90;1500;0
8781320;91;1511;0
8801275;85;1444;0
8841401;87;1466;0
8851280;86;1455;0
8861285;89;1488;0
8871255;90;1500;0
8881449;85;1444;0
8901891;93;1533;0
8911158;92;1522;0
8931425;85;1444;0
8941284;86;1455;0
8951288;85;1444;0
8972027;87;1466;0
8981320;85;1444;0
9021161;92;1522;0
9031302;95;1555;0
9041294;85;1444;0
9061887;91;1511;0
9091361;85;1444;0
9111282;88;1477;0
9132133;85;1444;0
9181159;95;1555;0
9201300;85;1444;0
9211276;86;1455;0
9221312;95;1555;0
9311173;85;1444;0
9351304;95;1555;0
9371998;92;1522;0
9381169;95;1555;0
9401171;85;1444;0
9421275;91;1511;0
9431254;94;1544;0
9441453;85;1444;0
9491298;89;1488;0
9501211;88;1477;0
9511194;92;1522;0
9521170;95;1555;0
9531204;85;1444;0
9541342;86;1455;0
9551210;85;1444;0
9601167;95;1555;0
9642045;93;1533;0
9651213;92;1522;0
9671301;85;1444;0
9691260;90;1500;0
9701306;89;1488;0
9711284;95;1555;0
9721268;93;1533;0
9731299;91;1511;0
9741265;92;1522;0
9751311;95;1555;0
9772018;86;1455;0
9781167;87;1466;0
9801422;95;1555;0
9821281;85;1444;0
9861277;91;1511;0
9871305;90;1500;0
9881294;95;1555;0
9931187;85;1444;0
9951295;94;1544;0
9961284;95;1555;0
9971305;85;1444;0
9992010;86;1455;0
10001168;88;1477;0
10021274;95;1555;0
10031285;96;1566;0
10041294;95;1555;0
10051378;96;1566;0
10061319;84;1433;0
10071273;85;1444;0
10094692;95;1555;0
10121921;85;1444;0
10141164;84;1433;0
10151201;95;1555;0
10181176;96;1566;0
10221293;88;1477;0
10231309;89;1488;0
10251388;90;1500;0
10261445;96;1566;0
10281316;90;1500;0
10291287;92;1522;0
10301275;84;1433;0
10371178;95;1555;0
10381183;94;1544;0
10391200;83;1422;0
10412151;89;1488;0
10441186;97;1577;0
10471271;96;1566;0
10481301;84;1433;0
10501918;86;1455;0
10511185;87;1466;0
10531272;83;1422;0
10541266;82;1411;0
10551279;88;1477;0
10561258;85;1444;0
10571293;83;1422;0
10581269;84;1433;0
10591312;83;1422;0
10671192;84;1433;0
10681178;90;1500;0
10691181;87;1466;0
10701204;90;1500;0
10722046;97;1577;0
10792123;82;1411;0
10811155;81;1400;0
10821345;99;1600;0
10841175;89;1488;0
10851290;93;1533;0
10861203;90;1500;0
10881932;87;1466;0
10891192;84;1433;0
10911294;81;1400;0
10921439;83;1422;0
10931298;99;1600;0
10952004;89;1488;0
10961174;92;1522;0
10981191;100;1611;0
11022033;80;1388;0
11051284;96;1566;0
11071274;99;1600;0
11091289;84;1433;0
11126172;87;1466;0
11131478;99;1600;0
11181319;92;1522;0
11191200;93;1533;0
11201206;89;1488;0
11211187;87;1466;0
11221191;80;1388;0
11231320;81;1400;0
11241191;88;1477;0
11251306;87;1466;0
11261190;100;1611;0
11271176;99;1600;0
11281352;79;1377;0
11291210;78;1366;0
11301196;81;1400;0
11321903;95;1555;0
11351166;97;1577;0
11361182;96;1566;0
11371193;78;1366;0
11391191;94;1544;0
11401189;92;1522;0
11421172;93;1533;0
11431342;94;1544;0
11441180;92;1522;0
11451322;98;1588;0
11461179;101;1622;0
11471209;90;1500;0
11492035;82;1411;0
11521184;80;1388;0
11531315;79;1377;0
11541212;81;1400;0
11551172;79;1377;0
11561180;95;1555;0
11571206;98;1588;0
11581355;91;1511;0
11591209;92;1522;0
11601180;80;1388;0
11611189;77;1355;0
11621196;99;1600;0
11631319;103;1644;0
11641191;78;1366;0
11661918;91;1511;0
11671205;90;1500;0
11691180;91;1511;0
11701178;89;1488;0
11711216;96;1566;0
11721194;97;1577;0
11731344;89;1488;0
11752053;75;1333;0
11761204;78;1366;0
11781427;98;1588;0
11801265;101;1622;0
11811295;99;1600;0
11821288;79;1377;0
11831414;78;1366;0
11841304;86;1455;0
11861943;81;1400;0
11871183;82;1411;0
11891270;97;1577;0
11901296;98;1588;0
11911295;90;1500;0
11921254;88;1477;0
11941269;89;1488;0
11951301;96;1566;0
11961299;97;1577;0
11971287;91;1511;0
11981411;92;1522;0
11991312;85;1444;0
12001264;84;1433;0
12011297;78;1366;0
12021263;79;1377;0
12031457;87;1466;0
12041280;85;1444;0
12051396;78;1366;0
12072009;82;1411;0
12101175;96;1566;0
12111171;95;1555;0
12121176;87;1466;0
12161331;82;1411;0
12171309;87;1466;0
12181974;101;1622;0
12211325;79;1377;0
12221188;78;1366;0
12231179;101;1622;0
12252169;91;1511;0
12261346;93;1533;0
12281286;86;1455;0
12291310;84;1433;0
12301330;95;1555;0
12321908;83;1422;0
12331179;85;1444;0
12351289;93;1533;0
12361460;92;1522;0
12381281;91;1511;0
12391312;80;1388;0
12401296;83;1422;0
12411419;78;1366;0
12421278;77;1355;0
12431304;95;1555;0
12441303;94;1544;0
12451305;79;1377;0
12472042;94;1544;0
12481181;95;1555;0
12501288;101;1622;0
12511413;102;1633;0
12521310;93;1533;0
12531289;91;1511;0
12541325;90;1500;0
12551287;92;1522;0
12561445;95;1555;0
12571311;94;1544;0
12581301;99;1600;0
12591310;101;1622;0
12601283;90;1500;0
12611436;87;1466;0
12621323;93;1533;0
12631285;96;1566;0
12641910;103;1644;0
12651184;102;1633;0
12671184;78;1366;0
12691281;77;1355;0
12701285;79;1377;0
12711434;92;1522;0
12721318;89;1488;0
12731280;95;1555;0
12741298;97;1577;0
12751302;85;1444;0
12761442;84;1433;0
12771307;98;1588;0
12781283;97;1577;0
12791328;94;1544;0
12801300;96;1566;0
12813480;90;1500;0
12831261;133;1977;0
12841261;135;2000;0
12871777;133;1977;0
12881697;135;2000;0
12912205;122;1855;0
12922104;135;2000;0
12961823;128;1922;0
12971800;135;2000;0
12981825;115;1777;0
12991804;135;2000;0
13022613;128;1922;0
13031297;135;2000;0
13071919;130;1944;0
13081683;135;2000;0
13112766;101;1622;0
13121872;135;2000;0
13141737;101;1622;0
13151661;132;1966;0
13187179;130;1944;0
13192958;135;2000;0
13201844;134;1988;0
13212702;73;1311;0
13221711;128;1922;0
13242491;135;2000;0
13251810;132;1966;0
13261821;135;2000;0
13271785;132;1966;0
13281375;80;1388;0
13291540;127;1911;0
13302490;118;1811;0
13311665;126;1900;0
13331820;120;1833;0
13342000;126;1900;0
13351867;135;2000;0
13361744;128;1922;0
13371813;133;1977;0
13381761;129;1933;0
13392055;82;1411;0
13401764;124;1877;0
13411831;135;2000;0
13421782;128;1922;0
13431817;105;1666;0
13441966;125;1888;0
13452248;131;1955;0
13461823;127;1911;0
13471844;90;1500;0
13481771;121;1844;0
13492096;126;1900;0
13501795;123;1866;0
13511811;135;2000;0
13521779;126;1900;0
13531377;135;2000;0
13541533;127;1911;0
13553108;70;1277;0
13561682;123;1866;0
13581699;135;2000;0
13591882;127;1911;0
13601701;135;2000;0
13611648;127;1911;0
13621732;106;1677;0
13631676;125;1888;0
13663003;115;1777;0
13671666;123;1866;0
13691427;91;1511;0
13701245;121;1844;0
13711753;135;2000;0
13721688;123;1866;0
13731719;135;2000;0
13741892;124;1877;0
13751698;114;1766;0
13761771;122;1855;0
13772287;128;1922;0
13781797;123;1866;0
13792064;80;1388;0
13801775;119;1822;0
13811836;135;2000;0
13821760;125;1888;0
13831812;110;1722;0
13842006;123;1866;0
13851850;113;1755;0
13861873;122;1855;0
13873088;126;1900;0
13881667;124;1877;0
13901684;114;1766;0
13911658;122;1855;0
13921723;106;1677;0
13931679;120;1833;0
13941477;117;1800;0
13951368;120;1833;0
13962511;135;2000;0
13971663;124;1877;0
13991932;135;2000;0
14001690;127;1911;0
14011718;53;1088;0
14021654;119;1822;0
14031736;77;1355;0
14041894;115;1777;0
14051667;135;2000;0
14061868;121;1844;0
14071830;129;1933;0
14082132;120;1833;0
14092059;135;2000;0
14101794;124;1877;0
14111808;71;1288;0
14121760;119;1822;0
14131814;51;1066;0
14141978;113;1755;0
14151390;122;1855;0
14161341;113;1755;0
14172635;60;1166;0
14181666;108;1700;0
14222432;135;2000;0
14231813;114;1766;0
14242557;59;1155;0
14251676;109;1711;0
14271916;135;2000;0
14281671;118;1811;0
14291715;50;1055;0
14301692;107;1688;0
14311797;135;2000;0
14341660;121;1844;0
14361713;50;1055;0
14371857;102;1633;0
14381741;135;2000;0
14391704;124;1877;0
14401249;135;2000;0
14411360;129;1933;0
14423183;115;1777;0
14431689;127;1911;0
14451715;50;1055;0
14461803;100;1611;0
14471715;135;2000;0
14481649;112;1744;0
14491725;135;2000;0
14501705;119;1822;0
14511689;50;1055;0
14521665;101;1622;0
14532185;135;2000;0
14541707;108;1700;0
14551746;135;2000;0
14561672;122;1855;0
14571743;50;1055;0
14581656;103;1644;0
14591768;135;2000;0
14601662;122;1855;0
14611729;70;1277;0
14621696;117;1800;0
14632151;49;1044;0
14641776;103;1644;0
14651832;135;2000;0
14661909;119;1822;0
14671809;135;2000;0
14681763;120;1833;0
14691825;51;1066;0
14701754;101;1622;0
14711805;135;2000;0
14721755;107;1688;0
14732307;50;1055;0
14741782;98;1588;0
14751804;135;2000;0
14761757;117;1800;0
14771822;127;1911;0
14781769;118;1811;0
14791822;135;2000;0
14801821;127;1911;0
14811878;50;1055;0
14821761;98;1588;0
14831830;135;2000;0
14842201;116;1788;0
14851803;135;2000;0
14861883;122;1855;0
14871853;50;1055;0
14881747;100;1611;0
14891843;135;2000;0
14901783;111;1733;0
14911819;135;2000;0
14921745;120;1833;0
14931835;49;1044;0
14942204;123;1866;0
14951822;135;2000;0
14961759;127;1911;0
14971823;50;1055;0
14981799;110;1722;0
14991829;50;1055;0
15001762;94;1544;0
15011826;135;2000;0
15021783;111;1733;0
15031816;51;1066;0
15041787;93;1533;0
15052097;50;1055;0
15072185;82;1411;0
15081251;50;1055;0
15101243;51;1066;0
15121363;70;1277;0
15131521;50;1055;0
15162269;54;1100;0
15171244;51;1066;0
15191260;53;1088;0
15201241;51;1066;0
15211243;56;1122;0
15247651;51;1066;0
15252412;119;1822;0
15261479;51;1066;0
15272533;75;1333;0
15281258;50;1055;0
15301424;67;1244;0
15311232;51;1066;0
15321247;59;1155;0
15331242;51;1066;0
15341261;71;1288;0
15351414;50;1055;0
15361268;53;1088;0
15371340;51;1066;0
15381600;57;1133;0
15391335;51;1066;0
15401556;70;1277;0
15411363;51;1066;0
15421363;61;1177;0
15431348;52;1077;0
15441347;72;1300;0
15451567;53;1088;0
15461478;57;1133;0
15471345;53;1088;0
15482336;88;1477;0
15491251;57;1133;0
15511230;68;1255;0
15521236;58;1144;0
15531255;52;1077;0
15541255;57;1133;0
15551456;97;1577;0
15561254;61;1177;0
15571258;74;1322;0
15581273;63;1200;0
15591506;72;1300;0
15601445;63;1200;0
15611269;53;1088;0
15621353;63;1200;0
15631352;50;1055;0
15641345;60;1166;0
15651565;62;1188;0
15661446;61;1177;0
15671346;119;1822;0
15681334;65;1222;0
15692488;51;1066;0
15701478;64;1211;0
15721257;91;1511;0
15731247;65;1222;0
15741268;53;1088;0
15751446;64;1211;0
15761252;52;1077;0
15771370;64;1211;0
15782078;65;1222;0
15791261;63;1200;0
15811256;81;1400;0
15821246;65;1222;0
15831256;58;1144;0
15841263;64;1211;0
15851414;100;1611;0
15861342;68;1255;0
15871268;72;1300;0
15881260;68;1255;0
15891243;50;1055;0
15901426;65;1222;0
15911513;88;1477;0
15921257;67;1244;0
15931239;50;1055;0
15941361;63;1200;0
15951579;87;1466;0
15961371;66;1233;0
15982468;65;1222;0
15995260;98;1588;0
16001503;69;1266;0
16022073;50;1055;0
16031263;66;1233;0
16051442;56;1122;0
16061347;65;1222;0
16071250;111;1733;0
16081354;70;1277;0
16091354;53;1088;0
16101534;68;1255;0
16111372;51;1066;0
16121630;66;1233;0
16131363;81;1400;0
16141330;68;1255;0
16152406;83;1422;0
16161266;69;1266;0
16181343;82;1411;0
16191342;70;1277;0
16201359;50;1055;0
16211376;67;1244;0
16221648;50;1055;0
16231334;64;1211;0
16241369;113;1755;0
16300175;69;1266;0
16311473;66;1233;0
16321336;69;1266;0
16332534;50;1055;0
16341232;65;1222;0
16361237;79;1377;0
16371249;67;1244;0
16381243;88;1477;0
16391229;69;1266;0
16401252;77;1355;0
16411240;69;1266;0
16421262;50;1055;0
16431229;66;1233;0
16441559;58;1144;0
16451274;66;1233;0
16461276;123;1866;0
16471347;70;1277;0
16482083;50;1055;0
16491236;68;1255;0
16511654;50;1055;0
16521337;66;1233;0
16531383;52;1077;0
16541645;65;1222;0
16551374;132;1966;0
16561533;72;1300;0
16572199;50;1055;0
16581255;68;1255;0
16601228;64;1211;0
16611443;68;1255;0
16621254;52;1077;0
16631345;66;1233;0
16642303;98;1588;0
16651245;69;1266;0
16671251;50;1055;0
16681219;66;1233;0
16691251;120;1833;0
16701261;71;1288;0
16711545;50;1055;0
16721249;68;1255;0
16731253;93;1533;0
16741255;70;1277;0
16751546;51;1066;0
16761414;69;1266;0
16771269;82;1411;0
16781344;70;1277;0
16791373;50;1055;0
16801330;67;1244;0
16811545;98;1588;0
16821351;69;1266;0
16831397;50;1055;0
16841318;67;1244;0
16851615;59;1155;0
16861553;67;1244;0
16871369;50;1055;0
16881329;64;1211;0
16892204;120;1833;0
16901267;70;1277;0
16921253;85;1444;0
16931237;71;1288;0
16941259;50;1055;0
16951249;64;1211;0
16961720;87;1466;0
16971244;66;1233;0
16981261;50;1055;0
16991243;64;1211;0
17001262;84;1433;0
17011430;66;1233;0
17021264;121;1844;0
17031346;71;1288;0
17041356;50;1055;0
17051330;69;1266;0
17061776;84;1433;0
17071354;70;1277;0
17081353;54;1100;0
17091333;68;1255;0
17101357;50;1055;0
17111659;65;1222;0
17121366;74;1322;0
17131325;67;1244;0
17142043;62;1188;0
17151250;65;1222;0
17171521;91;1511;0
17181223;68;1255;0
17191251;52;1077;0
17201252;66;1233;0
17211429;85;1444;0
17221242;68;1255;0
17231257;103;1644;0
17241253;71;1288;0
17251237;49;1044;0
17261425;64;1211;0
17271529;86;1455;0
17281256;67;1244;0
17291249;50;1055;0
17350939;65;1222;0
17361380;86;1455;0
17371689;67;1244;0
17382081;102;1633;0
17391260;70;1277;0
17411532;69;1266;0
17421344;70;1277;0
17431392;81;1400;0
17441360;72;1300;0
17451363;50;1055;0
17461530;65;1222;0
17471639;82;1411;0
17481347;67;1244;0
17492189;83;1422;0
17501245;69;1266;0
17521245;94;1544;0
17531233;71;1288;0
17541258;50;1055;0
17551243;68;1255;0
17561565;91;1511;0
17571241;70;1277;0
17581515;51;1066;0
17591256;67;1244;0
17601271;102;1633;0
17611421;70;1277;0
17621259;50;1055;0
17631352;67;1244;0
17642090;108;1700;0
17651249;71;1288;0
17671234;55;1111;0
17681241;70;1277;0
17691554;50;1055;0
17701234;68;1255;0
17711459;65;1222;0
17721261;67;1244;0
17731265;53;1088;0
17741254;65;1222;0
17751250;72;1300;0
17761538;67;1244;0
17771301;88;1477;0
17781349;69;1266;0
17792462;84;1433;0
17801261;71;1288;0
17821241;50;1055;0
17831231;65;1222;0
17841286;109;1711;0
17851253;69;1266;0
17861453;50;1055;0
17871255;67;1244;0
17881287;71;1288;0
17891233;66;1233;0
17901515;82;1411;0
17911419;69;1266;0
17921268;49;1044;0
17931349;65;1222;0
17942052;51;1066;0
17951235;64;1211;0
17971259;111;1733;0
17981249;68;1255;0
17991253;93;1533;0
18001234;71;1288;0
18011745;50;1055;0
18021262;68;1255;0
18031263;50;1055;0
18041235;64;1211;0
18051260;111;1733;0
18061421;69;1266;0
18071251;56;1122;0
18081340;67;1244;0
18091368;49;1044;0
18101359;64;1211;0
18111798;116;1788;0
18121373;70;1277;0
18131370;75;1333;0
18141350;70;1277;0
18151357;67;1244;0
18161617;70;1277;0
18171380;50;1055;0
18181340;66;1233;0
18192201;111;1733;0
18201245;70;1277;0
18221501;50;1055;0
18231230;64;1211;0
18241253;112;1744;0
18251241;69;1266;0
18261483;51;1066;0
18271237;67;1244;0
18281241;105;1666;0
18291244;69;1266;0
18301268;72;1300;0
18311418;70;1277;0
18321540;50;1055;0
18331239;66;1233;0
18341262;70;1277;0
18401213;66;1233;0
18411352;96;1566;0
18421697;68;1255;0
18432188;50;1055;0
18441234;65;1222;0
18461556;76;1344;0
18471351;66;1233;0
18481350;63;1200;0
18491345;66;1233;0
18501390;53;1088;0
18511544;65;1222;0
18521349;135;2000;0
18531682;71;1288;0
18541404;54;1100;0
18551338;70;1277;0
18562206;50;1055;0
18571239;67;1244;0
18591243;104;1655;0
18601243;70;1277;0
18611370;61;1177;0
18621262;69;1266;0
18631295;51;1066;0
18642259;135;2000;0
18672359;85;1444;0
18681244;135;2000;0
18741350;109;1711;0
18751759;135;2000;0
18831245;129;1933;0
18841338;135;2000;0
18951766;121;1844;0
18961373;135;2000;0
18971568;125;1888;0
18981342;135;2000;0
19011476;115;1777;0
19021526;135;2000;0
19052549;103;1644;0
19061245;135;2000;0
19101355;124;1877;0
19111343;135;2000;0
19121540;96;1566;0
19131344;133;1977;0
19141344;135;2000;0
19161708;128;1922;0
19171536;135;2000;0
19181362;95;1555;0
19191354;132;1966;0
19202047;125;1888;0
19211357;130;1944;0
19231230;101;1622;0
19241250;129;1933;0
19251246;135;2000;0
19261238;133;1977;0
19271856;111;1733;0
19281249;131;1955;0
19291257;115;1777;0
19301242;129;1933;0
19311251;130;1944;0
19321441;129;1933;0
19331259;82;1411;0
19341354;124;1877;0
19352237;135;2000;0
19361245;128;1922;0
19381643;108;1700;0
19391254;126;1900;0
19451465;118;1811;0
19452991;123;1866;0
19461377;135;2000;0
19471387;126;1900;0
19482497;123;1866;0
19491241;125;1888;0
19511406;93;1533;0
19521230;123;1866;0
19531240;135;2000;0
19541228;125;1888;0
19551262;105;1666;0
19561409;123;1866;0
19571225;135;2000;0
19581336;126;1900;0
19591784;77;1355;0
19601354;121;1844;0
19632177;135;2000;0
19641267;123;1866;0
19661529;135;2000;0
19671247;124;1877;0
19681264;102;1633;0
19691251;123;1866;0
19701651;112;1744;0
19711431;121;1844;0
19721280;115;1777;0
19731346;121;1844;0
19742029;129;1933;0
19751242;123;1866;0
19771246;135;2000;0
19781236;125;1888;0
19791270;134;1988;0
19801671;126;1900;0
19811466;107;1688;0
19821341;125;1888;0
19832176;118;1811;0
19841267;124;1877;0
19861629;117;1800;0
19871363;123;1866;0
19881370;132;1966;0
19891345;125;1888;0
19901752;135;2000;0
19911531;126;1900;0
19921342;87;1466;0
19931343;122;1855;0
19942062;135;2000;0
19951225;125;1888;0
19971248;106;1677;0
19981244;124;1877;0
19991264;90;1500;0
20001236;120;1833;0
20011828;135;2000;0
20021264;125;1888;0
20031253;118;1811;0
20041349;124;1877;0
20051380;126;1900;0
20061624;125;1888;0
20071359;102;1633;0
20081330;122;1855;0
20092225;90;1500;0
20101269;119;1822;0
20121626;135;2000;0
20131280;126;1900;0
20141279;111;1733;0
20151252;124;1877;0
20161450;67;1244;0
20171257;120;1833;0
20181264;135;2000;0
20191227;124;1877;0
20201261;73;1311;0
20211430;118;1811;0
20221671;135;2000;0
20231243;123;1866;0
20242071;91;1511;0
20251269;120;1833;0
20271736;124;1877;0
20281230;119;1822;0
20301235;121;1844;0
20311446;135;2000;0
20321257;123;1866;0
20331644;107;1688;0
20341267;123;1866;0
20351268;107;1688;0
20361417;120;1833;0
20371268;135;2000;0
20381346;125;1888;0
20392201;134;1988;0
20401235;126;1900;0
20421231;87;1466;0
20431664;122;1855;0
20441245;131;1955;0
20501582;123;1866;0
20511356;85;1444;0
20521338;120;1833;0
20532620;135;2000;0
20541264;123;1866;0
20561421;135;2000;0
20571252;125;1888;0
20581269;90;1500;0
20591254;122;1855;0
20601261;124;1877;0
20611407;123;1866;0
20621262;135;2000;0
20631346;125;1888;0
20641776;106;1677;0
20651338;122;1855;0
20661578;124;1877;0
20671336;122;1855;0
20681371;99;1600;0
20691348;121;1844;0
20701359;135;2000;0
20711637;125;1888;0
20721361;69;1266;0
20731341;119;1822;0
20742457;135;2000;0
20751249;123;1866;0
20771237;103;1644;0
20781221;121;1844;0
20791250;135;2000;0
20801245;124;1877;0
20811443;115;1777;0
20821252;123;1866;0
20831276;127;1911;0
20841241;123;1866;0
20851640;79;1377;0
20861432;118;1811;0
20871268;135;2000;0
20881362;125;1888;0
20892187;74;1322;0
20901237;120;1833;0
20921263;135;2000;0
20931228;122;1855;0
20941253;131;1955;0
20951642;122;1855;0
20961458;126;1900;0
20971354;124;1877;0
20982046;135;2000;0
20991239;125;1888;0
21011421;60;1166;0
21021251;119;1822;0
21031252;135;2000;0
21041252;121;1844;0
21051670;107;1688;0
21061413;119;1822;0
21071264;135;2000;0
21081355;122;1855;0
21091336;123;1866;0
21101345;122;1855;0
21111652;135;2000;0
21121334;125;1888;0
21131358;56;1122;0
21141339;119;1822;0
21151778;135;2000;0
21161586;125;1888;0
21171350;118;1811;0
21181341;124;1877;0
21192161;110;1722;0
21201241;123;1866;0
21221229;135;2000;0
21231241;125;1888;0
21241265;113;1755;0
21251258;123;1866;0
21261820;83;1422;0
21271264;120;1833;0
21281254;135;2000;0
21291241;121;1844;0
21301239;104;1655;0
21311519;119;1822;0
21321277;117;1800;0
21331374;119;1822;0
21342050;135;2000;0
21351247;121;1844;0
21371282;112;1744;0
21381231;120;1833;0
21391249;135;2000;0
21401266;122;1855;0
21411463;107;1688;0
21421256;121;1844;0
21431250;116;1788;0
21441247;120;1833;0
21451252;128;1922;0
21461414;120;1833;0
21471653;135;2000;0
21481663;125;1888;0
21491287;111;1733;0
21552484;124;1877;0
21561880;69;1266;0
21571810;119;1822;0
21582082;135;2000;0
21591228;125;1888;0
21611565;90;1500;0
21621334;121;1844;0
21631361;98;1588;0
21641346;119;1822;0
21651357;117;1800;0
21661535;119;1822;0
21671371;135;2000;0
21681776;122;1855;0
21691367;135;2000;0
21701334;124;1877;0
21712388;135;2000;0
21721248;127;1911;0
21741364;119;1822;0
21751321;125;1888;0
21761515;93;1533;0
21771359;122;1855;0
21781711;130;1944;0
21791337;123;1866;0
21801396;128;1922;0
21811332;123;1866;0
21821383;93;1533;0
21831327;120;1833;0
21842098;135;2000;0
21851250;123;1866;0
21871256;107;1688;0
21881233;122;1855;0
21891603;114;1766;0
21901239;121;1844;0
21911251;135;2000;0
21921256;124;1877;0
21931279;135;2000;0
21941263;126;1900;0
21951252;82;1411;0
21961349;123;1866;0
21971272;135;2000;0
21981338;123;1866;0
21992572;129;1933;0
22001248;124;1877;0
22021252;130;1944;0
22031231;124;1877;0
22041254;107;1688;0
22051236;123;1866;0
22061257;115;1777;0
22071248;122;1855;0
22091219;121;1844;0
22101658;131;1955;0
22111255;123;1866;0
22121266;116;1788;0
22131354;122;1855;0
22142518;85;1444;0
22151239;119;1822;0
22171247;133;1977;0
22181672;124;1877;0
22191271;100;1611;0
22202172;122;1855;0
22211877;87;1466;0
22221352;119;1822;0
22232184;135;2000;0
22241249;123;1866;0
22261390;68;1255;0
22271362;119;1822;0
22281367;135;2000;0
22291335;124;1877;0
22301752;135;2000;0
22311343;125;1888;0
22321367;108;1700;0
22331340;123;1866;0
22342099;132;1966;0
22351245;124;1877;0
22371226;100;1611;0
22381266;122;1855;0
22391251;108;1700;0
22401244;121;1844;0
22411632;135;2000;0
22421266;122;1855;0
22431275;134;1988;0
22441223;123;1866;0
22451260;135;2000;0
22461249;126;1900;0
22471248;55;1111;0
22481348;119;1822;0
22492203;135;2000;0
22501251;124;1877;0
22521265;72;1300;0
22531231;119;1822;0
22541271;135;2000;0
22603129;121;1844;0
22611804;135;2000;0
22621400;125;1888;0
22632250;92;1522;0
22641237;123;1866;0
22661534;109;1711;0
22671348;121;1844;0
22681358;135;2000;0
22691335;122;1855;0
22701355;81;1400;0
22711957;119;1822;0
22721362;135;2000;0
22731343;125;1888;0
22742017;58;1144;0
22751239;119;1822;0
22771225;135;2000;0
22781228;125;1888;0
22791278;121;1844;0
22801238;124;1877;0
22811546;132;1966;0
22821622;125;1888;0
22831277;105;1666;0
22841346;123;1866;0
22852184;86;1455;0
22861448;120;1833;0
22881734;130;1944;0
22891232;121;1844;0
22901246;133;1977;0
22911439;124;1877;0
22921632;101;1622;0
22931223;121;1844;0
22942108;133;1977;0
22951233;124;1877;0
22971748;86;1455;0
22981240;121;1844;0
22991270;135;2000;0
23001259;125;1888;0
23011562;114;1766;0
23021645;124;1877;0
23031281;88;1477;0
23041342;121;1844;0
23052227;135;2000;0
23061438;124;1877;0
23081823;67;1244;0
23091380;120;1833;0
23101343;133;1977;0
23111530;122;1855;0
23121735;133;1977;0
23131350;125;1888;0
23142533;89;1488;0
23151244;121;1844;0
23171237;135;2000;0
23181225;123;1866;0
23191247;75;1333;0
23201240;119;1822;0
23212048;133;1977;0
23221247;123;1866;0
23231634;91;1511;0
23241683;122;1855;0
23251705;133;1977;0
23261429;124;1877;0
23272200;117;1800;0
23281674;123;1866;0
23301729;133;1977;0
23311438;125;1888;0
23321261;121;1844;0
23331777;124;1877;0
23341354;71;1288;0
23351356;119;1822;0
23362266;115;1777;0
23371262;119;1822;0
23391247;135;2000;0
23401240;125;1888;0
23411354;93;1533;0
23421669;123;1866;0
23431258;132;1966;0
23441740;124;1877;0
23451356;132;1966;0
23461317;125;1888;0
23472194;114;1766;0
23481255;123;1866;0
23501221;133;1977;0
23511673;125;1888;0
23521292;123;1866;0
23531358;125;1888;0
23542944;63;1200;0
23551252;119;1822;0
23571433;133;1977;0
23581244;124;1877;0
23591249;89;1488;0
23601677;120;1833;0
23659206;118;1811;0
23663906;120;1833;0
23682088;125;1888;0
23691658;120;1833;0
23711555;135;2000;0
23721327;124;1877;0
23731389;135;2000;0
23741331;126;1900;0
23751385;73;1311;0
23762392;120;1833;0
23771873;135;2000;0
23781339;126;1900;0
23792227;84;1433;0
23801651;122;1855;0
23821259;128;1922;0
23831232;122;1855;0
23841272;97;1577;0
23851237;120;1833;0
23862032;110;1722;0
23871667;119;1822;0
23881249;135;2000;0
23891759;123;1866;0
23901356;129;1933;0
23911529;124;1877;0
23922054;89;1488;0
23931645;121;1844;0
23951228;128;1922;0
23961423;121;1844;0
23971659;117;1800;0
23981231;121;1844;0
23992655;133;1977;0
24001245;122;1855;0
24021683;133;1977;0
24031245;125;1888;0
24041246;68;1255;0
24051237;120;1833;0
24061540;133;1977;0
24071248;121;1844;0
24081652;120;1833;0
24091243;121;1844;0
24101252;124;1877;0
24111847;121;1844;0
24121267;135;2000;0
24131785;124;1877;0
24141843;71;1288;0
24151346;119;1822;0
24162220;135;2000;0
24171227;122;1855;0
24191629;103;1644;0
24201243;121;1844;0
24211279;122;1855;0
24221237;121;1844;0
24231250;135;2000;0
24241253;123;1866;0
24251251;111;1733;0
24261333;122;1855;0
24271702;133;1977;0
24281251;126;1900;0
24292617;89;1488;0
24301671;121;1844;0
24321250;133;1977;0
24331661;123;1866;0
24341260;133;1977;0
24351335;125;1888;0
24362059;115;1777;0
24371672;124;1877;0
24391342;83;1422;0
24401753;120;1833;0
24411360;126;1900;0
24421539;121;1844;0
24432193;119;1822;0
24441231;120;1833;0
24461372;135;2000;0
24471423;126;1900;0
24481256;75;1333;0
24491341;121;1844;0
24502947;133;1977;0
24511236;125;1888;0
24531244;124;1877;0
24541243;125;1888;0
24551240;113;1755;0
24561227;124;1877;0
24571453;126;1900;0
24581236;124;1877;0
24591675;83;1422;0
24601640;119;1822;0
24611646;133;1977;0
24621442;122;1855;0
24632214;121;1844;0
24641222;122;1855;0
24714692;131;1955;0
24721868;50;1055;0
24731842;118;1811;0
24742131;135;2000;0
24751236;120;1833;0
24771429;135;2000;0
24781239;124;1877;0
24791240;87;1466;0
24801244;121;1844;0
24811255;135;2000;0
24822336;122;1855;0
24831247;117;1800;0
24841338;122;1855;0
24852701;133;1977;0
24861687;124;1877;0
24881240;91;1511;0
24891262;121;1844;0
24901261;133;1977;0
24911641;123;1866;0
24922401;96;1566;0
24931255;122;1855;0
24942078;97;1577;0
24951226;119;1822;0
24971554;133;1977;0
24981339;122;1855;0
24991372;95;1555;0
25001348;121;1844;0
25011369;119;1822;0
25021968;121;1844;0
25031358;114;1766;0
25041339;120;1833;0
25052212;106;1677;0
25061238;119;1822;0
25081715;129;1933;0
25091231;125;1888;0
25101728;72;1300;0
25111227;121;1844;0
25121447;133;1977;0
25131774;125;1888;0
25141394;57;1133;0
25151331;119;1822;0
25162026;133;1977;0
25171430;121;1844;0
25191714;133;1977;0
25201663;122;1855;0
25211269;133;1977;0
25221535;125;1888;0
25231767;78;1366;0
25241784;121;1844;0
25251396;135;2000;0
25261336;124;1877;0
25272392;92;1522;0
25281237;121;1844;0
25301720;133;1977;0
25311256;122;1855;0
25321244;109;1711;0
25331354;122;1855;0
25341748;98;1588;0
25351801;119;1822;0
25361783;133;1977;0
25371354;122;1855;0
25382110;108;1700;0
25391234;119;1822;0
25411242;129;1933;0
25421248;123;1866;0
25431268;129;1933;0
25441749;125;1888;0
25451390;110;1722;0
25461338;124;1877;0
25472670;121;1844;0
25481255;123;1866;0
25501686;100;1611;0
25511659;121;1844;0
25521244;133;1977;0
25531981;124;1877;0
25542274;80;1388;0
25551361;120;1833;0
25562099;133;1977;0
25571238;124;1877;0
25591242;129;1933;0
25601239;124;1877;0
25611668;68;1255;0
25621676;119;1822;0
25631453;133;1977;0
25641750;125;1888;0
25672193;118;1811;0
25681415;125;1888;0
25701248;75;1333;0
25711250;120;1833;0
25769632;132;1966;0
25771847;124;1877;0
25792217;67;1244;0
25801351;119;1822;0
25821574;135;2000;0
25831339;124;1877;0
25841369;105;1666;0
25851338;124;1877;0
25861378;135;2000;0
25871930;124;1877;0
25881362;127;1911;0
25901413;80;1388;0
25911347;121;1844;0
25922228;133;1977;0
25931241;125;1888;0
25951725;99;1600;0
25961225;122;1855;0
25971368;115;1777;0
25981712;122;1855;0
25991267;115;1777;0
26001339;121;1844;0
26012214;105;1666;0
26021246;120;1833;0
26041235;133;1977;0
26051220;121;1844;0
26061265;131;1955;0
26071268;122;1855;0
26081265;93;1533;0
26091749;119;1822;0
26101375;133;1977;0
26111343;126;1900;0
26122057;59;1155;0
26131245;119;1822;0
26171461;133;1977;0
26181353;121;1844;0
26191755;133;1977;0
26201350;123;1866;0
26211369;106;1677;0
26221336;121;1844;0
26231385;109;1711;0
26241352;120;1833;0
26251365;133;1977;0
26261321;123;1866;0
26271373;119;1822;0
26281540;123;1866;0
26292213;107;1688;0
26301344;121;1844;0
26312249;129;1933;0
26321259;123;1866;0
26341234;129;1933;0
26351230;125;1888;0
26361260;97;1577;0
26371764;122;1855;0
26381879;108;1700;0
26391238;121;1844;0
26402527;110;1722;0
26411645;120;1833;0
26431984;133;1977;0
26441813;126;1900;0
26451357;117;1800;0
26461337;124;1877;0
26472653;119;1822;0
26481429;125;1888;0
26501675;120;1833;0
26512117;123;1866;0
26521267;103;1644;0
26531523;121;1844;0
26542036;133;1977;0
26551257;125;1888;0
26571485;92;1522;0
26581978;121;1844;0
26601337;122;1855;0
26612568;133;1977;0
26621235;125;1888;0
26641244;89;1488;0
26651653;121;1844;0
26667535;129;1933;0
26691180;106;1677;0
26693502;118;1811;0
26712621;129;1933;0
26721789;124;1877;0
26741546;126;1900;0
26751352;124;1877;0
26761369;96;1566;0
26866592;122;1855;0
26873013;133;1977;0
26881690;123;1866;0
26892322;127;1911;0
26901348;123;1866;0
26922028;129;1933;0
26931346;125;1888;0
26941825;80;1388;0
26951345;120;1833;0
26961852;96;1566;0
26972475;119;1822;0
26981835;127;1911;0
26991342;119;1822;0
27002108;133;1977;0
27011247;122;1855;0
27031732;126;1900;0
27041678;123;1866;0
27051290;110;1722;0
27061349;122;1855;0
27072922;98;1588;0
27081279;119;1822;0
27101255;133;1977;0
27111225;124;1877;0
27121278;122;1855;0
27131252;123;1866;0
27141261;133;1977;0
27151669;124;1877;0
27161717;105;1666;0
27171694;123;1866;0
27181682;116;1788;0
27191239;123;1866;0
27202068;124;1877;0
27231230;133;1977;0
27241249;124;1877;0
27251290;118;1811;0
27261675;124;1877;0
27271266;93;1533;0
27281771;120;1833;0
27291386;129;1933;0
27301340;125;1888;0
27312188;79;1377;0
27321672;122;1855;0
27341229;133;1977;0
27351232;122;1855;0
27361666;103;1644;0
27371268;120;1833;0
27381300;129;1933;0
27391735;124;1877;0
27401872;65;1222;0
27411775;119;1822;0
27421354;129;1933;0
27431341;122;1855;0
27442076;129;1933;0
27451241;125;1888;0
27471747;106;1677;0
27481679;123;1866;0
27491245;95;1555;0
27501760;121;1844;0
27511365;95;1555;0
27521737;119;1822;0
27531887;129;1933;0
27541342;120;1833;0
27552611;129;1933;0
27561657;124;1877;0
27581235;128;1922;0
27591246;125;1888;0
27601266;62;1188;0
27611721;120;1833;0
27621268;129;1933;0
27631787;121;1844;0
27641825;129;1933;0
27651356;123;1866;0
27662043;93;1533;0
27671221;119;1822;0
27691241;129;1933;0
27701253;122;1855;0
27711249;129;1933;0
27721633;123;1866;0
27731726;128;1922;0
27741677;124;1877;0
27751260;105;1666;0
27761360;122;1855;0
27772696;133;1977;0
27781645;125;1888;0
27801722;98;1588;0
27811252;123;1866;0
27821661;126;1900;0
27831656;123;1866;0
27841262;102;1633;0
27851365;120;1833;0
27862071;129;1933;0
27962462;112;1744;0
27971465;118;1811;0
27982097;129;1933;0
27991241;122;1855;0
28011437;94;1544;0
28021242;119;1822;0
28031268;127;1911;0
28041255;120;1833;0
28051253;129;1933;0
28061419;124;1877;0
28071681;66;1233;0
28081267;118;1811;0
28092222;129;1933;0
28101231;121;1844;0
28121258;127;1911;0
28131242;122;1855;0
28141273;129;1933;0
28151232;123;1866;0
28182153;125;1888;0
28201814;78;1366;0
28211528;120;1833;0
28221365;129;1933;0
28231758;121;1844;0
28241362;111;1733;0
28251359;121;1844;0
28262272;127;1911;0
28271237;122;1855;0
28291754;97;1577;0
28301373;119;1822;0
28311360;131;1955;0
28321353;120;1833;0
28331358;133;1977;0
28341808;125;1888;0
28351809;118;1811;0
28361895;124;1877;0
28371396;73;1311;0
28381336;120;1833;0
28392618;112;1744;0
28401289;120;1833;0
28421248;135;2000;0
28431243;122;1855;0
28441729;106;1677;0
28451699;121;1844;0
28461271;116;1788;0
28471344;120;1833;0
28482574;117;1800;0
28491680;120;1833;0
28511239;133;1977;0
28521241;124;1877;0
28531246;87;1466;0
28541356;120;1833;0
28551358;133;1977;0
28561441;124;1877;0
28571369;128;1922;0
28581328;124;1877;0
28592649;132;1966;0
28602057;125;1888;0
28621853;126;1900;0
28631367;125;1888;0
28641388;58;1144;0
28651331;119;1822;0
28661837;133;1977;0
28671744;122;1855;0
28681379;133;1977;0
28691754;126;1900;0
28702283;90;1500;0
28711770;122;1855;0
28721892;118;1811;0
28731340;122;1855;0
28742049;102;1633;0
28751238;120;1833;0
28771252;133;1977;0
28781227;122;1855;0
28791253;133;1977;0
28801266;124;1877;0
28831242;97;1577;0
28841268;123;1866;0
28851272;133;1977;0
28861245;124;1877;0
28871254;119;1822;0
28881766;123;1866;0
28891386;115;1777;0
28901334;123;1866;0
28912584;83;1422;0
28921279;119;1822;0
28941699;133;1977;0
28951650;121;1844;0
29057561;117;1800;0
29063567;133;1977;0
29071822;121;1844;0
29082106;129;1933;0
29091234;124;1877;0
29111440;90;1500;0
29121258;121;1844;0
29131736;133;1977;0
29141655;124;1877;0
29151746;93;1533;0
29161850;121;1844;0
29171252;126;1900;0
29181345;121;1844;0
29192709;129;1933;0
29201700;125;1888;0
29221724;84;1433;0
29231258;122;1855;0
29241245;133;1977;0
29251230;126;1900;0
29261995;73;1311;0
29271261;121;1844;0
29281726;129;1933;0
29291676;124;1877;0
29301284;102;1633;0
29311553;121;1844;0
29322100;129;1933;0
29331249;125;1888;0
29351358;129;1933;0
29361949;125;1888;0
29371373;54;1100;0
29381331;120;1833;0
29392643;129;1933;0
29401705;122;1855;0
29421700;115;1777;0
29431248;121;1844;0
29441722;107;1688;0
29451667;120;1833;0
29462501;129;1933;0
29471278;126;1900;0
29482055;112;1744;0
29491229;124;1877;0
29521253;125;1888;0
29531713;80;1388;0
29541639;121;1844;0
29551263;129;1933;0
29561939;125;1888;0
29572238;79;1377;0
29581374;121;1844;0
29592741;132;1966;0
29601227;121;1844;0
29621227;133;1977;0
29631256;126;1900;0
29641689;118;1811;0
29651635;125;1888;0
29661561;86;1455;0
29671685;121;1844;0
29682141;133;1977;0
29691693;123;1866;0
29701279;101;1622;0
29711537;121;1844;0
29722057;129;1933;0
29731235;122;1855;0
29751747;133;1977;0
29761874;125;1888;0
29771707;128;1922;0
29781657;124;1877;0
29801372;125;1888;0
29812409;96;1566;0
29821270;121;1844;0
29841245;134;1988;0
29851258;122;1855;0
29861835;133;1977;0
29871247;125;1888;0
29881257;71;1288;0
29891779;120;1833;0
29901382;116;1788;0
29911347;120;1833;0
29922068;133;1977;0
29931670;124;1877;0
29951226;74;1322;0
29961227;119;1822;0
29971261;129;1933;0
29981367;122;1855;0
29991771;102;1633;0
30001371;120;1833;0
30011352;129;1933;0
30021978;121;1844;0
30031791;133;1977;0
30041762;124;1877;0
30051816;90;1500;0
30157482;120;1833;0
30163902;129;1933;0
30171720;121;1844;0
30182611;114;1766;0
30191365;120;1833;0
30211564;129;1933;0
30221805;120;1833;0
30231860;129;1933;0
30241336;124;1877;0
30252695;88;1477;0
30262312;120;1833;0
30281343;133;1977;0
30291375;123;1866;0
30301367;84;1433;0
30311552;120;1833;0
30321835;129;1933;0
30331350;121;1844;0
30342511;129;1933;0
30351650;122;1855;0
30371288;92;1522;0
30381225;120;1833;0
30391267;117;1800;0
30401234;120;1833;0
30411444;129;1933;0
30421247;123;1866;0
30431700;129;1933;0
30441655;125;1888;0
30451284;129;1933;0
30461968;127;1911;0
30471370;99;1600;0
30481352;124;1877;0
30492184;119;1822;0
30501231;124;1877;0
30521750;77;1355;0
30531686;119;1822;0
30541731;125;1888;0
30551235;121;1844;0
30563251;129;1933;0
30571291;125;1888;0
30591693;58;1144;0
30601256;119;1822;0
30611780;129;1933;0
30621252;125;1888;0
30631718;120;1833;0
30641662;124;1877;0
30651261;101;1622;0
30661346;122;1855;0
30672629;129;1933;0
30681248;126;1900;0
30691661;125;1888;0
30701702;127;1911;0
30711225;125;1888;0
30721271;103;1644;0
30731350;123;1866;0
30741849;81;1400;0
30751765;119;1822;0
30761385;129;1933;0
30771775;120;1833;0
30782237;100;1611;0
30791762;120;1833;0
30801376;129;1933;0
30811331;121;1844;0
30822108;129;1933;0
30831236;125;1888;0
30851703;110;1722;0
30861661;123;1866;0
30871280;93;1533;0
30882173;120;1833;0
30891846;129;1933;0
30901353;126;1900;0
30912261;79;1377;0
30921265;121;1844;0
30941686;129;1933;0
30951660;124;1877;0
30961728;87;1466;0
30971673;120;1833;0
30981289;129;1933;0
30991744;123;1866;0
31001828;129;1933;0
31011755;124;1877;0
31021866;114;1766;0
31031367;123;1866;0
31042054;125;1888;0
31051240;124;1877;0
31071452;99;1600;0
31081689;122;1855;0
31091243;93;1533;0
31101760;119;1822;0
31111860;129;1933;0
31121980;122;1855;0
31131370;129;1933;0
31141352;125;1888;0
31152210;126;1900;0
31257486;125;1888;0
31262062;57;1133;0
31271420;121;1844;0
31282594;90;1500;0
31291661;118;1811;0
31311452;125;1888;0
31321268;119;1822;0
31331721;113;1755;0
31341688;118;1811;0
31351280;129;1933;0
31361998;122;1855;0
31371430;129;1933;0
31381359;124;1877;0
31392649;67;1244;0
31401674;119;1822;0
31421246;133;1977;0
31431239;121;1844;0
31441266;113;1755;0
31451651;121;1844;0
31462558;123;1866;0
31471686;121;1844;0
31481254;112;1744;0
31491792;119;1822;0
31501826;125;1888;0
31511945;122;1855;0
31521858;129;1933;0
31531353;123;1866;0
31542096;90;1500;0
31551238;119;1822;0
31572150;129;1933;0
31581270;121;1844;0
31591267;129;1933;0
31601347;123;1866;0
31611562;124;1877;0
31621339;123;1866;0
31631810;90;1500;0
31641768;120;1833;0
31651377;129;1933;0
31661637;125;1888;0
31671822;118;1811;0
31681348;125;1888;0
31692719;129;1933;0
31701658;124;1877;0
31721247;125;1888;0
31741252;59;1155;0
31751243;119;1822;0
31761922;125;1888;0
31771689;122;1855;0
31781656;125;1888;0
31791250;123;1866;0
31802486;97;1577;0
31811853;121;1844;0
31831240;113;1755;0
31841681;119;1822;0
31851717;125;1888;0
31861530;122;1855;0
31872208;109;1711;0
31881663;121;1844;0
31901258;112;1744;0
31911440;120;1833;0
31921722;129;1933;0
31931646;124;1877;0
31941719;74;1322;0
31951677;119;1822;0
31961447;125;1888;0
31982481;103;1644;0
31991273;124;1877;0
32011440;102;1633;0
32021255;121;1844;0
32031724;119;1822;0
32041689;122;1855;0
32051688;125;1888;0
32061530;123;1866;0
32072779;98;1588;0
32081684;120;1833;0
32101248;129;1933;0
32111424;125;1888;0
32121686;109;1711;0
32131633;124;1877;0
32141284;129;1933;0
32151360;125;1888;0
32162261;123;1866;0
32171247;124;1877;0
32192197;66;1233;0
32201278;119;1822;0
32211665;120;1833;0
32221679;119;1822;0
32231294;125;1888;0
32241791;123;1866;0
32251772;121;1844;0
32359396;125;1888;0
32364580;51;1066;0
32371305;119;1822;0
32392762;129;1933;0
32401655;123;1866;0
32421234;103;1644;0
32431241;122;1855;0
32441713;119;1822;0
32451664;120;1833;0
32462318;125;1888;0
32471711;123;1866;0
32481271;91;1511;0
32491775;120;1833;0
32501827;125;1888;0
32511530;124;1877;0
32522540;129;1933;0
32531259;123;1866;0
32551241;105;1666;0
32561963;122;1855;0
32571737;129;1933;0
32581661;124;1877;0
32591253;80;1388;0
32601353;120;1833;0
32612416;129;1933;0
32621686;123;1866;0
32641238;125;1888;0
32651242;123;1866;0
32661718;76;1344;0
32672103;119;1822;0
32681272;129;1933;0
32691356;120;1833;0
32702119;129;1933;0
32711639;125;1888;0
32751263;64;1211;0
32761346;121;1844;0
32772206;116;1788;0
32781697;119;1822;0
32791255;125;1888;0
32801364;124;1877;0
32812195;104;1655;0
32821686;123;1866;0
32841362;96;1566;0
32851370;120;1833;0
32861848;133;1977;0
32872207;124;1877;0
32881849;123;1866;0
32902038;85;1444;0
32911660;120;1833;0
32931249;118;1811;0
32941250;120;1833;0
32951721;125;1888;0
32961773;124;1877;0
32971277;115;1777;0
32981744;124;1877;0
32991376;125;1888;0
33001755;124;1877;0
33011370;96;1566;0
33021532;123;1866;0
33031807;129;1933;0
33041781;125;1888;0
33051367;70;1277;0
33061337;120;1833;0
33072399;116;1788;0
33081661;119;1822;0
33101810;133;1977;0
33111660;120;1833;0
33121741;129;1933;0
33131255;125;1888;0
33142086;111;1733;0
33151221;123;1866;0
33171769;88;1477;0
33181678;120;1833;0
33192158;125;1888;0
33201664;124;1877;0
33211760;128;1922;0
33221237;124;1877;0
33232229;117;1800;0
33241684;122;1855;0
33261842;129;1933;0
33271767;125;1888;0
33281392;111;1733;0
33291745;123;1866;0
33301819;128;1922;0
33311780;123;1866;0
33321871;129;1933;0
33331344;126;1900;0
33342540;119;1822;0
33351681;125;1888;0
33463748;55;1111;0
33471311;118;1811;0
33491253;125;1888;0
33501231;119;1822;0
33511270;125;1888;0
33521250;121;1844;0
33531249;125;1888;0
33541243;124;1877;0
33551726;102;1633;0
33561676;121;1844;0
33571283;119;1822;0
33581373;121;1844;0
33592691;129;1933;0
33601679;122;1855;0
33621532;106;1677;0
33631349;121;1844;0
33641391;92;1522;0
33651341;119;1822;0
33662377;125;1888;0
33671995;120;1833;0
33681368;103;1644;0
33691327;119;1822;0
33702099;125;1888;0
33711236;119;1822;0
33731761;133;1977;0
33741661;121;1844;0
33751255;124;1877;0
33761360;122;1855;0
33772811;128;1922;0
33781250;122;1855;0
33801746;129;1933;0
33811681;125;1888;0
33821258;115;1777;0
33831796;124;1877;0
33841347;125;1888;0
33851740;126;1900;0
33861889;120;1833;0
33871350;124;1877;0
33882498;96;1566;0
33891240;122;1855;0
33911345;125;1888;0
33921338;124;1877;0
33931824;125;1888;0
33941745;124;1877;0
33951858;122;1855;0
33961758;125;1888;0
33971357;94;1544;0
33982007;121;1844;0
33992270;125;1888;0
34001762;122;1855;0
34012229;125;1888;0
34021250;123;1866;0
34041240;90;1500;0
34051246;120;1833;0
34061832;125;1888;0
34071677;122;1855;0
34081877;117;1800;0
34091656;122;1855;0
34101682;95;1555;0
34111246;121;1844;0
34122518;127;1911;0
34131862;119;1822;0
34151228;129;1933;0
34161684;123;1866;0
34171678;105;1666;0
34181890;122;1855;0
34191282;125;1888;0
34201755;121;1844;0
34211804;125;1888;0
34232400;114;1766;0
34241227;124;1877;0
34261369;64;1211;0
34271678;119;1822;0
34281694;123;1866;0
34291679;119;1822;0
34301274;129;1933;0
34311773;121;1844;0
34321797;129;1933;0
34331765;125;1888;0
34341386;93;1533;0
34351349;123;1866;0
34362520;94;1544;0
34371261;120;1833;0
34391537;123;1866;0
34401334;119;1822;0
34411788;133;1977;0
34421354;123;1866;0
34431366;77;1355;0
34441980;120;1833;0
34451372;129;1933;0
34559135;126;1900;0
34564008;121;1844;0
34571765;125;1888;0
34591384;107;1688;0
34601328;123;1866;0
34611382;120;1833;0
34621333;123;1866;0
34631802;125;1888;0
34641761;124;1877;0
34651395;74;1322;0
34662203;120;1833;0
34671899;102;1633;0
34681368;119;1822;0
34692241;125;1888;0
34701221;119;1822;0
34721443;125;1888;0
34731265;124;1877;0
34741260;125;1888;0
34762313;102;1633;0
34771912;123;1866;0
34781722;119;1822;0
34791343;123;1866;0
34802116;129;1933;0
34811684;124;1877;0
34831704;116;1788;0
34841698;124;1877;0
34851275;123;1866;0
34861353;124;1877;0
34872834;121;1844;0
34881704;123;1866;0
34901246;120;1833;0
34911656;123;1866;0
34921288;81;1400;0
34931374;119;1822;0
34942059;123;1866;0
34951239;120;1833;0
34971737;121;1844;0
34991683;125;1888;0
35001680;121;1844;0
35011244;125;1888;0
35032659;121;1844;0
35061731;90;1500;0
35071666;120;1833;0
35081686;125;1888;0
35091685;124;1877;0
35101712;101;1622;0
35111234;122;1855;0
35122069;125;1888;0
35131692;122;1855;0
35151243;121;1844;0
35161333;122;1855;0
35171708;129;1933;0
35181663;124;1877;0
35191635;80;1388;0
35201255;120;1833;0
35212223;129;1933;0
35221233;123;1866;0
35241689;129;1933;0
35251664;124;1877;0
35261706;105;1666;0
35271636;122;1855;0
35281456;113;1755;0
35291650;120;1833;0
35301239;129;1933;0
35311363;125;1888;0
35322527;95;1555;0
35331865;122;1855;0
35351368;129;1933;0
35361878;124;1877;0
35371400;125;1888;0
35381527;124;1877;0
35393031;81;1400;0
35401679;120;1833;0
35421721;129;1933;0
35431868;122;1855;0
35441257;129;1933;0
35451352;124;1877;0
35462462;129;1933;0
35471676;125;1888;0
35491726;97;1577;0
35501656;123;1866;0
35511273;116;1788;0
35521773;123;1866;0
35532064;100;1611;0
35541768;120;1833;0
35551827;129;1933;0
35660961;124;1877;0
35671460;51;1066;0
35681338;118;1811;0
35692256;129;1933;0
35701265;120;1833;0
35721921;111;1733;0
35731688;120;1833;0
35741706;125;1888;0
35751680;123;1866;0
35761672;83;1422;0
35771545;121;1844;0
35782546;125;1888;0
35791683;122;1855;0
35811701;125;1888;0
35821431;123;1866;0
35831765;106;1677;0
35841685;121;1844;0
35851273;106;1677;0
35861883;121;1844;0
35872074;129;1933;0
35881767;120;1833;0
35891387;129;1933;0
35901758;125;1888;0
35911834;127;1911;0
35921944;126;1900;0
35931825;55;1111;0
35941349;119;1822;0
35952656;125;1888;0
35961661;123;1866;0
35981262;125;1888;0
36001701;75;1333;0
36011669;120;1833;0
36042500;125;1888;0
36071845;76;1344;0
36081250;119;1822;0
36091725;125;1888;0
36101669;123;1866;0
36111733;125;1888;0
36121855;124;1877;0
36131258;97;1577;0
36141823;121;1844;0
36151849;125;1888;0
36173305;128;1922;0
36181279;126;1900;0
36201691;112;1744;0
36211678;123;1866;0
36221786;129;1933;0
36231246;124;1877;0
36242083;102;1633;0
36251667;122;1855;0
36271714;125;1888;0
36282094;124;1877;0
36291276;113;1755;0
36301364;122;1855;0
36312217;125;1888;0
36321233;124;1877;0
36341727;105;1666;0
36351686;121;1844;0
36361718;125;1888;0
36383019;121;1844;0
36391638;124;1877;0
36411724;105;1666;0
36421680;123;1866;0
36431257;129;1933;0
36441346;123;1866;0
36452750;96;1566;0
36461352;120;1833;0
36481545;125;1888;0
36491761;122;1855;0
36501833;84;1433;0
36511769;118;1811;0
36521372;125;1888;0
36531558;124;1877;0
36541866;125;1888;0
36562503;118;1811;0
36571265;124;1877;0
36591242;91;1511;0
36601669;121;1844;0
36611748;122;1855;0
36621248;120;1833;0
36632412;125;1888;0
36641683;123;1866;0
36761114;117;1800;0
36762989;119;1822;0
36771568;129;1933;0
36781348;121;1844;0
36792731;125;1888;0
36821936;86;1455;0
36831657;120;1833;0
36841742;122;1855;0
36851252;120;1833;0
36862986;125;1888;0
36871869;122;1855;0
36881646;121;1844;0
36911255;111;1733;0
36921433;121;1844;0
36952213;100;1611;0
36961380;121;1844;0
36981747;125;1888;0
37001712;94;1544;0
37011663;121;1844;0
37021457;125;1888;0
37072425;74;1322;0
37081388;121;1844;0
37091863;125;1888;0
37101375;121;1844;0
37131354;125;1888;0
37161447;124;1877;0
37172489;95;1555;0
37181792;121;1844;0
37191344;125;1888;0
37201346;124;1877;0
37212201;76;1344;0
37221421;119;1822;0
37241701;121;1844;0
37261712;120;1833;0
37271439;122;1855;0
37281665;125;1888;0
37301734;98;1588;0
37311673;123;1866;0
37321963;108;1700;0
37331688;121;1844;0
37341269;111;1733;0
37351781;120;1833;0
37361945;125;1888;0
37371991;121;1844;0
37382267;125;1888;0
37402564;116;1788;0
37411645;124;1877;0
37431726;103;1644;0
37441239;122;1855;0
37451694;96;1566;0
37461642;121;1844;0
37471482;125;1888;0
37481237;122;1855;0
37493111;125;1888;0
37521907;121;1844;0
37531652;124;1877;0
37541707;104;1655;0
37551697;122;1855;0
37561366;125;1888;0
37571973;124;1877;0
37581787;77;1355;0
37591340;120;1833;0
37602879;125;1888;0
37611660;124;1877;0
37631758;72;1300;0
37641671;120;1833;0
37651271;125;1888;0
37672827;101;1622;0
37681623;121;1844;0
37721263;86;1455;0
37731828;122;1855;0
37741353;107;1688;0
37751360;121;1844;0
37862993;118;1811;0
37871870;125;1888;0
37892633;103;1644;0
37901704;123;1866;0
37922031;125;1888;0
37931810;126;1900;0
37941911;123;1866;0
37951342;125;1888;0
37962069;79;1377;0
37971865;121;1844;0
37991719;125;1888;0
38001636;123;1866;0
38011737;93;1533;0
38021846;120;1833;0
38031728;129;1933;0
38041349;125;1888;0
38052231;87;1466;0
38061239;122;1855;0
38082177;120;1833;0
38091690;121;1844;0
38101755;125;1888;0
38122722;64;1211;0
38131251;118;1811;0
38151704;129;1933;0
38161638;121;1844;0
38171744;129;1933;0
38182137;123;1866;0
38191709;80;1388;0
38201704;119;1822;0
38211258;125;1888;0
38232192;90;1500;0
38241653;121;1844;0
38261251;129;1933;0
38271257;123;1866;0
38282157;129;1933;0
38291679;125;1888;0
38322557;70;1277;0
38331721;120;1833;0
38351228;121;1844;0
38371254;97;1577;0
38381825;121;1844;0
38401771;124;1877;0
38411904;125;1888;0
38432388;120;1833;0
38441233;124;1877;0
38461336;104;1655;0
38471359;122;1855;0
38481804;92;1522;0
38492242;120;1833;0
38501849;125;1888;0
38522062;116;1788;0
38531244;124;1877;0
38551336;108;1700;0
38561335;122;1855;0
38571797;125;1888;0
38581782;124;1877;0
38592236;68;1255;0
38601361;119;1822;0
38612690;125;1888;0
38621657;121;1844;0
38661373;114;1766;0
38671338;121;1844;0
38711232;74;1322;0
38721232;121;1844;0
38741869;122;1855;0
38751753;121;1844;0
38772208;76;1344;0
38781254;119;1822;0
38801614;121;1844;0
38841888;92;1522;0
38851674;118;1811;0
38963069;119;1822;0
38971866;121;1844;0
39021908;82;1411;0
39031677;121;1844;0
39041258;125;1888;0
39091730;73;1311;0
39101657;121;1844;0
39111265;125;1888;0
39132672;55;1111;0
39141650;111;1733;0
39161743;125;1888;0
39172407;124;1877;0
39181278;85;1444;0
39191346;120;1833;0
39202521;129;1933;0
39211645;121;1844;0
39231256;125;1888;0
39251700;88;1477;0
39261676;123;1866;0
39271933;125;1888;0
39282072;124;1877;0
39291710;121;1844;0
39341810;68;1255;0
39351764;120;1833;0
39361816;121;1844;0
39402532;89;1488;0
39411223;120;1833;0
39431702;125;1888;0
39441674;123;1866;0
39451265;124;1877;0
39461752;123;1866;0
39472055;111;1733;0
39482209;121;1844;0
39491810;129;1933;0
39501764;126;1900;0
39521538;125;1888;0
39532671;92;1522;0
39541659;122;1855;0
39561697;87;1466;0
39571544;119;1822;0
39581756;129;1933;0
39592089;124;1877;0
39601255;85;1444;0
39611351;121;1844;0
39622790;125;1888;0
39651716;76;1344;0
39661658;121;1844;0
39671725;125;1888;0
39693041;65;1222;0
39701689;119;1822;0
39721712;121;1844;0
39761651;113;1755;0
39771748;122;1855;0
39781748;55;1111;0
39791679;112;1744;0
39802148;125;1888;0
39811261;121;1844;0
39822516;125;1888;0
39851241;68;1255;0
39861247;120;1833;0
39871276;125;1888;0
39881848;122;1855;0
39891726;96;1566;0
39901687;119;1822;0
39911642;125;1888;0
39921659;121;1844;0
39931948;111;1733;0
39941684;120;1833;0
39951245;121;1844;0
40063032;125;1888;0
40071847;95;1555;0
40081797;123;1866;0
40092291;121;1844;0
40101242;122;1855;0
40121925;125;1888;0
40131249;124;1877;0
40141731;98;1588;0
40151654;120;1833;0
40161713;105;1666;0
40172287;120;1833;0
40181269;129;1933;0
40191342;126;1900;0
40202036;95;1555;0
40211229;123;1866;0
40231694;109;1711;0
40241682;122;1855;0
40251763;125;1888;0
40261223;123;1866;0
40272874;85;1444;0
40281280;119;1822;0
40301695;129;1933;0
40311649;121;1844;0
40321281;129;1933;0
40331354;123;1866;0
40342505;129;1933;0
40351649;125;1888;0
40371712;85;1444;0
40381621;121;1844;0
40391261;117;1800;0
40401772;121;1844;0
40411864;125;1888;0
40421762;124;1877;0
40431408;108;1700;0
40441352;123;1866;0
40452225;99;1600;0
40461629;120;1833;0
40482189;129;1933;0
40491685;121;1844;0
40501723;125;1888;0
40551348;78;1366;0
40561354;122;1855;0
40571861;121;1844;0
40591800;100;1611;0
40601360;123;1866;0
40612662;97;1577;0
40621631;120;1833;0
40641252;125;1888;0
40651248;121;1844;0
40661685;119;1822;0
40671666;122;1855;0
40681762;121;1844;0
40702055;125;1888;0
40731917;64;1211;0
40741650;121;1844;0
40751699;123;1866;0
40761242;119;1822;0
40772229;125;1888;0
40781422;123;1866;0
40801272;96;1566;0
40811256;121;1844;0
40821706;125;1888;0
40861787;87;1466;0
40871745;122;1855;0
40882066;88;1477;0
40891759;120;1833;0
40901842;125;1888;0
40911788;121;1844;0
40921798;125;1888;0
40931992;123;1866;0
40941373;125;1888;0
40951773;121;1844;0
40961382;93;1533;0
40971352;121;1844;0
40982690;106;1677;0
40991655;120;1833;0
41011242;121;1844;0
41021644;125;1888;0
41031757;107;1688;0
41041259;121;1844;0
41052715;110;1722;0
41162801;121;1844;0
41221921;97;1577;0
41231687;121;1844;0
41241716;103;1644;0
41251230;121;1844;0
41262998;125;1888;0
41271910;122;1855;0
41291748;125;1888;0
41311745;112;1744;0
41321886;124;1877;0
41331253;65;1222;0
41341776;119;1822;0
41351836;125;1888;0
41361365;123;1866;0
41372905;125;1888;0
41401719;73;1311;0
41411660;121;1844;0
41421270;104;1655;0
41431367;119;1822;0
41442593;125;1888;0
41451660;123;1866;0
41471725;125;1888;0
41481647;124;1877;0
41491246;125;1888;0
41501371;124;1877;0
41512742;83;1422;0
41521647;120;1833;0
41541234;125;1888;0
41551669;121;1844;0
41561695;66;1233;0
41571639;120;1833;0
41581717;125;1888;0
41592164;120;1833;0
41601856;125;1888;0
41622491;69;1266;0
41631651;120;1833;0
41651237;125;1888;0
41661255;122;1855;0
41671731;117;1800;0
41681694;122;1855;0
41691721;106;1677;0
41702136;120;1833;0
41711726;129;1933;0
41721655;124;1877;0
41731274;91;1511;0
41741341;120;1833;0
41752207;125;1888;0
41781727;105;1666;0
41791688;123;1866;0
41801675;125;1888;0
41811995;59;1155;0
41821729;55;1111;0
41851662;51;1066;0
41881968;55;1111;0
41891819;64;1211;0
41901749;55;1111;0
41951646;51;1066;0
41961269;64;1211;0
41971359;51;1066;0
41982721;53;1088;0
41991674;55;1111;0
42022104;59;1155;0
42031822;121;1844;0
42041779;59;1155;0
42072620;69;1266;0
42081667;55;1111;0
42101731;57;1133;0
42111245;51;1066;0
42121253;57;1133;0
42131531;52;1077;0
42141247;51;1066;0
42264566;52;1077;0
42271362;129;1933;0
42281251;51;1066;0
42292660;87;1466;0
42301707;55;1111;0
42321528;60;1166;0
42331339;57;1133;0
42341376;58;1144;0
42351348;56;1122;0
42361818;125;1888;0
42372267;55;1111;0
42391329;56;1122;0
42402045;69;1266;0
42411218;58;1144;0
42431732;125;1888;0
42441675;94;1544;0
42451735;55;1111;0
42461664;86;1455;0
42472379;55;1111;0
42481699;56;1122;0
42491711;75;1333;0
42501391;58;1144;0
42512788;111;1733;0
42521859;62;1188;0
42541690;60;1166;0
42551249;62;1188;0
42561250;60;1166;0
42571397;62;1188;0
42582033;55;1111;0
42591671;62;1188;0
42601298;99;1600;0
42611355;64;1211;0
42622049;55;1111;0
42631762;62;1188;0
42641800;66;1233;0
42651770;62;1188;0
42661826;91;1511;0
42671665;65;1222;0
42682174;110;1722;0
42691743;69;1266;0
42701847;52;1077;0
42711372;62;1188;0
42722686;83;1422;0
42731235;64;1211;0
42751746;82;1411;0
42761663;65;1222;0
42771681;113;1755;0
42781682;70;1277;0
42792018;55;1111;0
42801354;64;1211;0
42812663;125;1888;0
42821672;79;1377;0
42841717;55;1111;0
42851255;65;1222;0
42861692;92;1522;0
42871754;68;1255;0
42881691;129;1933;0
42892037;55;1111;0
42911360;64;1211;0
42922036;76;1344;0
42931256;66;1233;0
42951706;121;1844;0
42961655;75;1333;0
42971693;121;1844;0
42981701;107;1688;0
42991735;59;1155;0
43002067;63;1200;0
43011818;121;1844;0
43021765;99;1600;0
43031817;55;1111;0
43041360;62;1188;0
43052212;59;1155;0
43061647;62;1188;0
43081436;116;1788;0
43091249;67;1244;0
43101710;59;1155;0
43111966;66;1233;0
43121684;129;1933;0
43131874;92;1522;0
43141748;51;1066;0
43151359;65;1222;0
43162513;122;1855;0
43171671;70;1277;0
43191685;51;1066;0
43201256;64;1211;0
43212073;51;1066;0
43221663;62;1188;0
43231925;67;1244;0
43241664;62;1188;0
43251725;121;1844;0
43261640;68;1255;0
43368402;70;1277;0
43373062;69;1266;0
43392693;129;1933;0
43401698;103;1644;0
43421900;51;1066;0
43431235;65;1222;0
43441771;83;1422;0
43451686;68;1255;0
43461699;129;1933;0
43472191;51;1066;0
43491766;68;1255;0
43501862;55;1111;0
43511357;65;1222;0
43522758;55;1111;0
43531627;64;1211;0
43551812;99;1600;0
43561804;67;1244;0
43572260;125;1888;0
43581785;73;1311;0
43591884;55;1111;0
43601803;68;1255;0
43611803;125;1888;0
43621798;99;1600;0
43631855;55;1111;0
43641350;64;1211;0
43652632;103;1644;0
43661658;69;1266;0
43682182;55;1111;0
43691645;63;1200;0
43701716;125;1888;0
43711666;97;1577;0
43721714;55;1111;0
43731854;76;1344;0
43741771;55;1111;0
43751753;65;1222;0
43761827;55;1111;0
43771917;65;1222;0
43782559;55;1111;0
43801620;59;1155;0
43811712;58;1144;0
43821659;55;1111;0
43832696;125;1888;0
43841647;55;1111;0
43851659;59;1155;0
43871777;55;1111;0
43881771;68;1255;0
43892079;55;1111;0
43922469;57;1133;0
43931640;55;1111;0
43941811;51;1066;0
43951235;62;1188;0
43961302;51;1066;0
44001263;52;1077;0
44022483;129;1933;0
44031644;61;1177;0
44051688;129;1933;0
44061633;98;1588;0
44071663;52;1077;0
44081668;56;1122;0
44094505;51;1066;0
44101716;55;1111;0
44171773;59;1155;0
44191707;55;1111;0
44212185;110;1722;0
44221631;51;1066;0
44241772;129;1933;0
44251765;62;1188;0
44261823;51;1066;0
44271750;55;1111;0
44281776;57;1133;0
44291728;52;1077;0
44302899;51;1066;0
44331664;129;1933;0
44341625;78;1366;0
44351703;52;1077;0
44361223;54;1100;0
44468286;52;1077;0
44472025;55;1111;0
44501683;52;1077;0
44521928;129;1933;0
44531638;74;1322;0
44541669;129;1933;0
44551651;86;1455;0
44561675;52;1077;0
44582588;129;1933;0
44591674;86;1455;0
44611699;94;1544;0
44621872;86;1455;0
44631705;55;1111;0
44652655;125;1888;0
44661662;64;1211;0
44672298;52;1077;0
44702559;64;1211;0
44711645;51;1066;0
44731706;108;1700;0
44741648;53;1088;0
44751239;52;1077;0
44773157;53;1088;0
44801209;68;1255;0
44811204;53;1088;0
44821237;58;1144;0
44831203;53;1088;0
44841706;129;1933;0
44851660;79;1377;0
44861718;52;1077;0
44871773;55;1111;0
44881522;75;1333;0
44891732;52;1077;0
44902547;56;1122;0
44911648;52;1077;0
44931723;53;1088;0
44951224;70;1277;0
44961219;52;1077;0
44992694;53;1088;0
45021715;98;1588;0
45031817;52;1077;0
45041234;53;1088;0
45112804;91;1511;0
45121653;53;1088;0
45141678;87;1466;0
45151655;55;1111;0
45161693;90;1500;0
45171201;58;1144;0
45182289;53;1088;0
45191515;54;1100;0
45211807;81;1400;0
45221729;56;1122;0
45231816;125;1888;0
45241786;77;1355;0
45251814;55;1111;0
45261745;53;1088;0
45271507;129;1933;0
45281314;53;1088;0
45293054;52;1077;0
45321695;53;1088;0
45361829;129;1933;0
45371736;108;1700;0
45381785;53;1088;0
45391765;55;1111;0
45402099;53;1088;0
45422537;129;1933;0
45431643;93;1533;0
45451715;53;1088;0
45461668;55;1111;0
45592265;87;1466;0
45601252;55;1111;0
45641853;65;1222;0
45651768;53;1088;0
45661774;129;1933;0
45672359;71;1288;0
45681854;52;1077;0
45702022;82;1411;0
45711234;52;1077;0
45731711;129;1933;0
45741632;93;1533;0
45751673;52;1077;0
45761647;73;1311;0
45771880;56;1122;0
45781218;71;1288;0
45792640;51;1066;0
45801649;58;1144;0
45821441;55;1111;0
45871405;90;1500;0
45881506;55;1111;0
45891676;125;1888;0
45901656;98;1588;0
45911666;55;1111;0
45961754;125;1888;0
45971954;79;1377;0
45981961;55;1111;0
46002497;125;1888;0
46011641;99;1600;0
46031712;55;1111;0
46081661;53;1088;0
46102522;117;1800;0
46111652;52;1077;0
46131711;129;1933;0
46141625;63;1200;0
46151684;129;1933;0
46161657;123;1866;0
46172052;55;1111;0
46193022;72;1300;0
46201688;52;1077;0
46221865;125;1888;0
46231655;68;1255;0
46241678;125;1888;0
46251647;102;1633;0
46261691;127;1911;0
46271899;104;1655;0
46281685;52;1077;0
46302788;129;1933;0
46311666;59;1155;0
46331673;125;1888;0
46341634;74;1322;0
46351720;55;1111;0
46361641;54;1100;0
46372030;55;1111;0
46392662;125;1888;0
46401642;90;1500;0
46411969;121;1844;0
46421951;55;1111;0
46442487;125;1888;0
46451649;109;1711;0
46471881;55;1111;0
46491761;125;1888;0
46501740;89;1488;0
46512116;51;1066;0
46532184;99;1600;0
46541249;52;1077;0
46561656;133;1977;0
46674656;71;1288;0
46681838;51;1066;0
46702583;129;1933;0
46711654;128;1922;0
46731737;51;1066;0
46741680;95;1555;0
46751738;52;1077;0
46761629;74;1322;0
46771704;129;1933;0
46792698;52;1077;0
46801631;126;1900;0
46821718;55;1111;0
46831651;58;1144;0
46841672;125;1888;0
46851647;73;1311;0
46861697;55;1111;0
46883222;125;1888;0
46891698;69;1266;0
46911679;51;1066;0
46931877;129;1933;0
46941652;88;1477;0
46951708;129;1933;0
46972757;52;1077;0
46981888;53;1088;0
47001724;52;1077;0
47022493;129;1933;0
47051649;52;1077;0
47092178;129;1933;0
47101732;125;1888;0
47111792;51;1066;0
47132867;129;1933;0
47141633;80;1388;0
47161700;133;1977;0
47171623;86;1455;0
47181683;51;1066;0
47354535;90;1500;0
